run_id,status,presentation_row_present
a9e24491-cdde-4380-9e53-cd50386e960c,active,true
188604e0-8a65-422a-bace-df47c1c3f7d2,active,true
456801dd-462a-4bb6-9eca-05df49857342,active,true
b4ba86a4-6702-40bd-8a20-3699d8fa6cfd,active,true
3c105e91-1b21-4e46-bce2-b05304fbb763,active,true
ba9c84fe-8fbd-4cfb-a1ce-df5035d6ded0,active,true
6a4bdc77-fe50-4697-ae77-b41901788715,active,true
235971a0-1ae8-4ac4-ad77-0f5729b5c40a,active,true
4b888efb-8df2-4baf-8e44-858575ef9b29,active,true
a48d5f25-bdec-4408-9d21-6cd3eb277461,active,true
1d6bff15-4205-4c20-8017-bc32a2993e7a,active,true
090a1db8-77f8-4fa9-89e7-87c9d707e875,active,true
892506ac-dd3a-4d06-b7af-d426c19db061,active,true
edbbc238-6736-4915-8648-f79520477259,active,true
852594d2-247f-443b-b951-acb7c89cfc95,active,true
65e7415b-f973-4342-afd7-17a67653b64d,active,true
1ef04f4e-d596-41d0-a7e6-6db846d54401,active,true
ef9a9459-bf12-4520-8e13-cc3a46ceba1f,active,true
fb7734ab-2ac2-4635-b679-1f28640ca8b0,active,true
315ba1b6-bd1d-4278-b1bc-cc6a1ec6d5d7,active,true
774aba04-1995-43d7-9bba-8da663bb146f,active,true
90aba508-d30b-4e73-b4b0-e148d07f37f4,active,true
3bab0258-3d97-4a46-8b7a-0d64094774d3,active,true
fcc2bda2-f8d2-4bfa-a5ad-00d482271969,active,true
bf952cb0-88cb-40c6-98c4-c0fcbbdb780a,active,true
d9059ee8-bc07-4be2-9ba3-8b2c3e5d9450,active,true
f876448b-6b06-4134-a772-bcbfce2c62ad,active,true
5961658c-0d47-4ff3-9d36-782aefaf5f24,active,true
65bc7c90-3451-4e0b-a2e1-8e6276d7bbbf,active,true
aad3a4e9-9fb1-42ae-80b0-ba77b0de5073,active,true
39c93e7e-4e78-41e0-959e-8fdf840f4e8c,active,true
214fc4a5-bf98-468b-8b29-0484a84a03aa,active,true
d5c116a5-f79b-47f1-a83f-7b8a2dc03e56,active,true
54d4d150-1b70-4272-99da-c9c77c058696,active,true
1b27f346-1a4b-41e4-be62-bd06f912eed2,active,true
560b5d35-eca8-498e-b130-673d29280d07,active,true
ba428f8e-777a-41d3-912e-b2b9bae724d3,active,true
51aa8981-48b1-477c-bafc-7758b312cc3e,active,true
43870966-7871-4e1c-af54-dc1542012224,active,true
a48e936d-5ff9-4b01-bf0f-8a15de3736c0,active,true
32065c10-8b28-4def-bae7-f82244505a7b,active,true
45ea5c0a-09f9-4406-9eed-482707c56c87,active,true
8216b342-6069-4033-8b93-fea30b15f712,active,true
087f395e-b115-4c5b-97ce-de1c9e3a33c4,active,true
3574165c-366f-4552-a756-60f6303cdd4c,active,true
02660c4d-0e9c-4882-95c4-63c8ab025697,active,true
5d2f980c-2c96-4398-8a0d-62038f962686,active,true
27f4252a-1eef-4b4f-a34b-a57f1b390074,active,true
00353459-1b22-4786-bb08-aeb1048e15f1,active,true
f4101d26-82e9-4804-b82c-3a9a81d3d854,active,true
1913e7bf-995d-4da2-8e3a-807830c85d87,active,true
f1c88284-e778-4306-a908-237937395e5b,active,true
09c4adbd-4a15-4e5f-84ea-a1c153e0bf7e,active,true
0fb24564-4315-4f5c-ac61-f3503c33a66f,active,true
c0c2645f-2bfa-41ff-b3d9-8734afe6ff01,active,true
3d17efb5-a9e3-4f53-8a73-7cfcd6bdcdde,active,true
c16b189a-191f-4fb2-b8fb-8d0bb58e4cfe,active,true
295f66ae-98d1-41b5-b9ff-b0b7491593da,active,true
0d340aa8-af92-4b75-98f5-c407b96e0e46,active,true
535a91c6-78ba-4f2d-afa4-e6d5247d028b,active,true
c2cbaeda-1017-4206-9a30-5c6d0ac8bba6,active,true
158c804f-b089-4861-9731-bdad1716bb1f,active,true
64a339cc-7706-435e-adf6-1a27a9c56b7c,active,true
fd42b0b5-513d-41d3-a494-be7afc3f3135,active,true
2ac5876d-5c92-431a-998a-8bdf9251ed82,active,true
4eb6337d-2411-4dc7-9961-fb8596a7cc13,active,true
c48ea694-1d61-444d-a030-f3d875c42956,active,true
41f94d42-b361-4047-9e2a-c7b3bcdeac53,active,true
1b8a14b8-511c-4410-92fc-7aace7ae8f18,active,true
9240fe41-4462-44a6-9961-fc497bbe79ac,active,true
f5f2d890-f841-4b0e-a16a-ce163d3b6000,active,true
facd9d92-eef8-4a40-88dd-42de2906a156,active,true
31558e92-af48-4ec4-9142-bc954e82c347,active,true
02d9a5be-917d-4a38-9fa8-ae7665a48d3e,active,true
b33e56c4-43f9-4a49-9738-b6b9824fc540,active,true
f5d59108-3bfa-4f5c-80bf-ac7026bd4387,active,true
2a6e7f40-48d5-41ad-bce5-b2ddf712842e,active,false
5e7a5301-6e36-4ede-9e20-7c53339c1a8c,active,false
147b1385-2a4e-4bfe-92b6-4fa32212a44a,active,true
182d0f36-ec7b-4f26-a4ae-b4ac4e442ca0,active,true
699d7acd-e7c0-477a-8fdf-393c30db26de,active,true
77d3a6e6-7f21-4d73-9d6d-cf01f7078024,active,true
6f2d4fed-4379-4850-a40c-9372343c090c,active,true
d3e5dd37-493b-474a-beaa-ff0674595109,active,true
01b3fb4e-73eb-49a3-aa05-bdcfb3bf1859,active,true
7690cf9a-462d-4a6f-b631-6e228b457668,active,true
c2d1e7be-f66a-4c84-9bc2-86e5a2e92a7b,active,true
793d85fc-4d6e-4e16-b53e-276a279648e6,active,false
d11011ae-5e1f-4fc0-bd93-9aee7656fe92,active,false
ac33438d-99b7-4a75-be8f-48afedde2b36,active,false
96b2183d-b8c0-402d-aed6-f86851b1e628,active,false
e77f1a15-85e7-47c1-b716-3ea32bf1d8df,active,true
a6bf0016-33e8-4ea6-bf74-16daf368c98b,active,false
cb04a5fc-d998-4934-9d90-8fa00511567b,active,false
8d2d52c0-d20f-4eb5-849b-742c676b4970,active,true
a3cdd1d6-26a0-4545-8268-37674a40232e,active,true
7795fe35-3e3e-4be7-b3ed-95093db4e694,active,true
2e6af1e9-d108-4ac1-b40d-747170f8a100,active,true
69562d95-f958-48dc-bd9b-e9942a45a8a4,active,true
279a5e62-b185-4cb5-8754-a82b23be4c1f,active,true
4b9c1030-eeb1-42d2-8c37-40f0134b0c59,active,true
506dfc1b-7fd8-4156-bb06-07c3b3055010,active,true
bf4121bd-0a3f-4241-9823-6a2eb4891375,active,true
3dcff504-80f9-4a07-b8f7-6236d925bc8a,active,true
bbe1fc2e-8ae4-4169-af25-00bf9294d902,active,true
5866cf31-1e81-47c6-a9d5-b987677a89b3,active,true
a31b8120-99fe-467b-aa83-5f6cb42a36ed,active,true
450f86a5-c812-45d6-b228-231514af0aa2,active,false
0d071e11-3087-4f1b-9ad1-f6a12ea46c93,active,false
86579629-3877-48db-a9b8-5f24db44e5eb,active,false
93c487ab-414a-4a2d-b7cd-952b295887ac,active,false
2c194204-9e56-478b-bbfc-a3fa02ec8973,active,false
02cc60fe-ada8-4de7-b263-c01abf5e0bd3,active,true
1da41ea5-90b8-4eab-a77c-865805ff811e,active,true
39629a23-15df-4947-b77f-f360ec8048fb,active,true
ef022b47-87d3-45e8-9a8b-e0e0bad77f5b,active,false
033f2b5a-3c38-4fdf-af44-709547797d2c,active,false
4b11ab18-6b65-4c25-b928-bf3f74a9fcc8,active,true
fe5272db-1880-4540-a04c-2cbb4ad2b9ec,active,true
8034ab84-e56c-4f28-b470-86220a5c6b4a,active,false
982a4c93-aee2-4ea7-9331-9a1a96bc7c12,active,true
eda46fae-913b-42fc-b72e-c98feaa78883,active,true
0c0f50b7-b451-41eb-85b3-dd5372551cd6,active,true
0723ebec-5d73-4aa1-bdba-d8e0cb5e50b7,active,true
b215fd97-a322-4eb9-aba0-4db5f8fd53d8,active,true
c236dafd-760f-4ccf-a9a5-079a0da1034e,active,true
692092cc-3d5b-4269-a47c-b365ea6019bf,active,true
8514049b-76cf-4613-8719-a535d018fe92,active,false
d2881e3a-b0da-4b75-8903-875e52cfa529,active,true
5d17dfb4-6bab-49ad-baff-0a83bcff54c8,active,true
a14f14f8-97dd-4879-8ab3-a4ca8d77136e,active,true
6f975c1f-5f68-471f-8feb-7e05b1741863,active,true
e890b22e-ba5e-4c50-b6f7-a8a4c9cda058,active,true
6948ea08-3024-46d2-be23-b78c7321ac78,active,true
bc31e468-3eea-48ba-8ccf-ce05b247295e,active,true
c0925ff5-1226-4435-9461-b957097cfb27,active,true
565b6e58-484f-4f07-a586-b0781926187b,active,true
f042ff4b-1943-4461-aa90-893a8f61199d,active,true
bc91af36-aa87-474d-b56d-8095c69e3918,active,true
2b04ffc3-1e84-4484-8f87-e2a9eae99b95,active,true
357f9e97-7d88-4e30-becb-9d2d15ec87c1,active,true
2da8465f-dee5-4a26-984f-702237fd5bc1,active,false
59f05e95-5385-467c-ab01-9fc6bc11081f,active,true
c8ef2fed-bf50-4e43-9c2a-b5b8c6bd5f4f,active,true
23a224a0-f224-40bd-a95c-6a53a5bfb401,active,true
8bf4aa71-2bd4-404c-bc76-3ab4da703bea,active,true
1f49dd42-c049-49e7-a1a6-3d235b4ca4ae,active,true
14c05f36-b672-4bbb-a2de-0ac66884b687,active,true
33338690-904e-4972-aeb0-cc2e0ff3c833,active,true
a22b6526-86fd-48ea-a297-45879ec74da2,active,true
f0182351-5406-46b8-9e4a-04ee4d9e87fe,active,true
86dde78f-5803-41b9-bc80-140c4b93e2ca,active,true
02787925-0a14-48c3-82c3-11a38d06f145,active,true
047871d0-cabb-4bba-84ef-2878014f68bb,active,true
3f7fe46f-3c8f-4d2b-87b9-f7820b1dbdcc,active,true
de58b361-464d-4e4f-8c2e-7bd45304afe4,active,true
6cfd45cb-7dd1-4f58-9ac1-26a31f561f54,active,true
9a9e5084-5f9c-425b-8088-00e62fcb78a4,active,true
13bd10db-a221-4716-aae0-a4454123302d,active,true
ca15058d-6820-4e88-94c8-70e330ff3a73,active,true
a983f056-6342-4bb1-b288-ba23a211716a,active,true
821a3b9a-25c6-4d48-9129-9c001139a56c,active,true
c321f16a-6322-4578-9ddb-03d7a89363bd,active,true
52080a64-304c-4ec3-b80a-5ab75c825834,active,true
58c07fa1-e15b-4c98-a73b-2d2b6b1283cb,active,true
48d99ed6-99ef-4065-a85a-64eb0849a47a,active,true
0c9b0c6c-031d-43bf-bb08-d26b46f38dd8,active,true
bf8232ed-9218-4408-8e78-ac78be36acfa,active,true
b51978ca-5a7e-456a-b3b9-de2ce1653545,active,true
b791942e-d8c3-4023-b149-ab0f9110dbc8,active,true
00a8c0b9-90f3-4efa-80c1-06f4eccdd653,active,false
4370d9eb-9b5a-4e7a-90a1-6571d39d8bc8,active,false
448d393d-f7fe-4225-8274-d44c2f4efc59,active,false
c2f69aef-d626-449d-b03e-70ce3200c063,active,false
5070d5f1-1a76-4623-b6d2-2ae8d6ee3276,active,false
ac46def9-73f5-429e-b864-bae3f4f0d70f,active,false
8f733533-ace0-4edc-ae72-3c28056acc23,active,false
e53b43fa-7a70-457b-8553-c8993c88b73a,active,false
988fa019-136e-4e25-9058-9488282a2615,active,false
20a02c21-ac27-4f5f-82ca-2dda6e3675e9,active,true
c598c7bd-c3b7-47ce-ae74-0dcfb4d3f5b3,active,true
b068483e-06f5-4ce2-869b-088806ee1f75,active,true
eedaa1d9-2fdb-46b7-80d7-98d86dbd8938,active,true
68428836-885f-404f-824c-5c989fa8fff1,active,true
d0315a46-5157-4305-8bd1-43edd39b5b24,active,true
d32e26b6-b6bb-4f58-b023-e8396f035e0b,active,true
a522cf89-15e8-4105-aaf7-cb8902d767c7,active,true
dbd28354-6c33-439e-ab39-bf1096e8d8f6,active,true
e485241a-f328-44d5-b00e-5161321ebb84,active,true
1702414b-c991-486c-ba38-526855e1a9d6,active,false
3c0539fe-107f-475f-9874-abb1e0cc6aa2,active,false
580cb76f-c9d3-44db-af03-0c701c7608f3,active,true
89d380d7-9130-4d6c-bb51-6f207e49ba2a,active,true
51893019-957a-4e7e-b46a-ac20e644da42,active,true
2f09229f-55d4-459b-9b48-89d63c0b68a3,active,true
2802141e-cadf-4ca0-aa8c-298a68c3686d,active,true
81764f19-0f19-4869-8f63-424e267a987a,active,true
936810ff-39a7-492f-81e0-e7c8a24f3425,active,true
e80cc025-9eec-4f04-ad23-0bdcb77b9b08,active,true
94bccd2e-d191-4653-88ef-10b6f161d32d,active,true
8bfe3f06-005d-448d-adcc-dd5ef542ec6a,active,true
faadbc6d-0ad3-4205-8dd2-6b33fde41080,active,true
efbe5086-d535-4307-a1c7-5ce9399ba580,active,true
8f522203-8463-41a6-9051-50eec379ab75,active,false
d063fe32-6bc3-4826-ad7e-1bf4c73ac61c,active,false
34f61d49-b864-466a-9c73-d7934b9e8ad8,active,false
be2ba37a-8925-4ad1-a02c-bf146f81ce8f,active,false
048b85bf-dda6-410c-b3aa-8cb6adca3e6d,active,false
a20335f5-cef4-4df1-b59f-e3e816435665,active,false
b5299503-b2f1-4ab6-94f9-854dbf59ca52,active,false
a582026f-3fe8-41bb-a965-f7e9ec894a3c,active,false
42583baa-3177-44e7-b799-4c658e6287d5,active,true
6576ebae-3d00-4e82-ae47-b9d9cb9a7154,active,true
b7d81109-2c0d-495f-93d9-0b918b17d0fe,active,true
f2fe789e-9787-4fbc-bedd-e420e52a7aa7,active,true
ba5af11c-ebc3-46ac-a4b4-cc490408002c,active,false
4285ab69-7488-4ef8-8433-73e8eec2caab,active,false
d874c097-f761-49c5-8de1-09558a03b190,active,true
49cb116d-028e-4650-a3d7-eb5811f363e0,active,true
319dfd82-f869-42b1-b061-ff12753dfdb9,active,true
dbb93117-cc77-4152-8a1f-22025115d295,active,true
dcf5a304-68dc-43f7-866f-d430cfaa2d49,active,true
efbc65b2-2a30-4463-8c79-477c09edd791,active,true
11d0e6c6-975c-4949-ae6e-06d0aea7376f,active,true
14e6eaed-d455-47b6-8c37-94b1bc50a450,active,true
d53fb013-2fc4-4e38-9a82-e427ff436363,active,true
5b028cda-c62d-49a9-9ee3-8da0ef0bf090,active,true
b49f8d49-aec8-4d51-b3b1-fc1ff49dbcda,active,true
d0f7d44e-9834-482a-803c-1cc0d879b2ee,active,true
fdaa42c5-ab3f-4f9c-b262-87d65adda95d,active,false
9d799174-1071-4f0f-a955-1f3f7e9f5059,active,false
716e3a0c-78f6-4584-861f-f3b3fc313a93,active,false
1212beb5-ebd8-465a-9063-fcb9314a0519,active,false
395f986e-a3c0-49c7-ad1d-6f2e2aa0cf54,active,false
5bf88f22-678c-482f-a034-2622a1947627,active,false
cc799d82-0c91-452a-891d-1c3145b677d3,active,false
ccad43e2-53d0-474f-86ce-c58ebce45f9d,active,false
66e53854-2bee-4260-8dba-d6c1c36e1966,active,true
e0687e69-594f-4b4f-86ab-66ba1ba5f057,active,true
6cdcacad-6931-4119-b5d2-a9f75689ab69,active,true
3a949180-482c-4e9a-be6e-88f39a798ebd,active,true
58f8889f-78b3-4b75-8cc3-17f556bc73e9,active,false
32427839-c265-4746-8c01-e05994711aae,active,false
97d403d0-4977-4dab-a3c9-f94855a84d33,active,true
32e019a8-493a-4d3b-bdf8-46e23597473d,active,true
143778d5-1f7d-4f4a-92b7-f1411c2c5694,active,true
68ee309d-25ba-4ac9-b89e-000e21930daa,active,true
59431bab-78ce-4b1e-b00a-f57413dd02cb,active,true
8bd0dec9-b53b-4299-9cd8-9c64351a7bc3,active,true
81b3a707-62c2-4e28-aae4-02b55b7b47ae,active,true
4ef777cf-d754-479d-922d-41cdccc350bf,active,true
5de92791-da7e-488d-be47-1e43776f24c9,active,true
f0b8ccaf-08d8-4f88-b09f-07a0978d44ff,active,true
6570b12a-0b65-4999-816b-3e239763f89f,active,true
06877672-6ad5-4acb-977f-d086cdc4476b,active,true
bdd3c765-6461-499d-9b2e-26ffb6d7543d,active,false
eadc5b31-0be2-4421-b5a9-45d77f734a45,active,false
4c55e524-268f-4f42-a01b-2b9b925b7b4c,active,false
b7e41b42-27fc-48ef-b6fd-4167217b80e8,active,false
760a41f3-6699-439d-8669-a6a8beee3aa1,active,false
6b57cb48-5698-4489-b13c-da645f8f437b,active,false
c4b9c242-0cd6-4c3b-828d-04d84669c614,active,false
f30c0415-5c47-4e6b-ab33-b7dbd89349dd,active,false
8258597d-c749-44c1-82de-287c353eef89,active,true
166fc993-44e2-4844-948e-e3b3ebc75a6d,active,true
16e8e14f-5769-4fba-90f3-045263c17eae,active,true
3ad3809d-90b1-44fb-92ff-96590f68fff9,active,true
cf78a802-1e6b-4d11-81cb-e9a3b20a9120,active,true
9cac63f4-1ec8-4a79-88ad-5bd7875d15ba,active,true
d3384435-11c2-45bb-9bbb-5b6925c014c2,active,true
ece55dda-c88b-4a7c-8a34-eb6123f2e7c3,active,true
f61a696c-e2dd-4ad0-94b0-67e6c9d68495,active,true
0821bee8-3dba-40f8-b547-71094de780c7,active,true
229edaea-49bf-4510-8f1e-f5c5a053702f,active,true
7107da76-75ab-42f7-b7c5-ed05ea53cc75,active,true
d8c48ce3-7dc8-41a7-819d-0354aa3c93de,active,true
a37afdce-77ac-459c-b9a8-1c08de3abe91,active,true
52f2e3bb-5eba-400f-bb6d-994eec3a5adc,active,false
b8c2c689-4d8e-4467-8d90-6f5cf2e383f0,active,false
10a3512a-a92e-4348-b00a-37b34e1c45cd,active,false
c6ae97aa-f23a-402d-903c-d83ed0e04485,active,false
d8f1e126-cd4e-4588-a8de-ab5116c6c2eb,active,false
c6977491-171f-4e97-a401-67fb99b15b75,active,false
b049c26a-14b3-4858-938a-c8dc98d782ad,active,false
aa9dccfc-1d0b-4e0c-8e61-e9a70875c023,active,false
121a0c88-645b-45e3-a737-a3cbc37f3211,active,true
b3066a42-7d94-4731-ad71-a8020d31b8f1,active,true
4139cb36-1f90-4465-9237-b2f8fcfd2156,active,true
67451560-483e-48e8-ad62-ccf90b320de9,active,true
d185b4d3-2498-4a95-9d27-b0673fa6a725,active,true
e287336b-78e2-4c31-814a-800fd2bde3cb,active,true
4e984e26-bd95-4d36-ae91-522337aaa7c8,active,true
994816d3-b869-4f96-81e9-1d112b0922a8,active,true
65f22cee-ae27-4cac-ae50-477799a0a48d,active,true
6396c3bb-10a7-44a0-9ed7-5e5cabb42898,active,true
74d74433-c6bf-42ba-a467-72e2ca8d9371,active,true
f33fca0e-3344-4e79-9bcd-bc6869526b1e,active,true
8c630377-fa70-478e-8d0f-8c39280c31d9,active,false
05e76bad-34bc-4f00-94b5-b34ca5488764,active,false
3380be29-878d-41cc-bd90-873ac9ceee6d,active,false
d085d9a8-df5c-48e5-a162-d82a0e1d12d3,active,false
b7f10b06-1cc5-4847-ace9-7f3bbe40fc5f,active,false
9961555b-096e-48be-8bde-61b75b3bbaa6,active,false
dc3f0e92-9657-4200-bb56-f524aa0ce7ee,active,false
64cf3282-17be-4a91-84f3-1eb2d7639d07,active,false
3b366148-d198-4b19-ae0e-fe8e4e9c4f0d,active,true
9de40d24-1a6d-497a-831f-fa336cd815ba,active,true
fcbad8ea-e264-48df-b838-dd3d1f5b335e,active,true
0088e893-344b-4360-aac7-7d784c5b66e6,active,true
4c08242c-4978-4aee-9b1d-9b3cf880fcc3,active,true
29f63dd6-2018-45da-896c-fafc2b8d90fd,active,true
93da13a9-c757-487a-9c26-e3761a106a8b,active,true
4d74e2eb-13fb-425b-a62b-d0fccafddcbd,active,true
5f41c1d6-771f-4a41-9875-055abf2f7a1e,active,false
d9c17100-c533-42aa-a062-58a98c266366,active,false
d3e483f6-a8ac-41ab-805b-1a9b7bc3f123,active,true
f0f0c84c-ae07-4677-99a0-abc618467773,active,true
e74ae14d-07a8-47dc-8add-df854efd0137,active,true
1b8983ec-6894-484d-aafb-bb9b800928e6,active,false
8794a4e6-c128-4fff-96f6-85d9c9a4772c,active,true
38e332f0-158f-44c4-a828-cd4f2c91fb38,active,false
133c6f44-c3c0-43dd-adf5-7e077011b175,active,true
d20c8926-dc07-401e-bb41-8d3b669ce0a9,active,false
dce9202c-c287-4a68-b809-d2fecbee755a,active,true
da5258fa-a15e-47d1-a757-abcae3d08969,active,false
c1cb609a-cf26-4b1e-b0a6-e1db2cc649bf,active,true
dfc1766f-4730-437a-8ced-15aab5fbbfb4,active,false
d59817fb-610b-48a6-a531-f16a7c5b0ecf,active,false
d2096b55-8a12-4f0f-a249-0be3b597c660,active,true
cc9168db-c975-481c-84d9-50e6ad55e38c,active,true
cb5c1978-748e-4e91-a1d1-2774058af989,active,true
0331616e-4f76-40f2-82e1-d58bf1da8c14,active,true
9b401d23-cfa9-49cd-81da-8f4199b949e3,active,true
5abb0190-6fc1-426d-8e2b-e6f1ef767aef,active,true
8761469a-127c-4702-a92f-53f28155556c,active,true
d7572f9f-32b8-491f-96a0-24aa668adabc,active,true
f3d6fd99-22c6-463f-9eac-cd3a5558742b,active,true
67d0f295-ba3f-4533-9a0d-52d733d9a1b4,active,true
2f1408f9-d3ef-43a1-9226-c6d10bd1be4c,active,true
b22665d7-26de-4bff-a76d-2bad52e5215c,active,true
cd62b085-7be0-40e7-a9c1-7caff10c485f,active,true
23b497d2-ffef-4ca2-83a6-fdc441666f81,active,false
876fc087-20a9-4989-ba8d-0afe89270508,active,false
35b16304-db6e-4651-a4f5-994bdac4f55b,active,false
e5a9e09f-6b0a-4a86-8b38-a2676abf2e3e,active,false
56671f6d-bb06-408d-970f-36d0e7f89dbe,active,false
09bd8b3f-45b4-41a3-bf2f-9b62f38c8f58,active,true
71c12501-8501-4a40-a27e-466fa7667861,active,false
6e901c83-5023-4943-989f-cb3c7a2ea005,active,true
c7b4eb56-e930-4017-bc87-6a10648c1c14,active,false
ab3cdebb-057a-4252-ab01-8c0775e7a448,active,true
e3cadc25-0046-4eee-87fe-b6860c28b5a8,active,true
3086e9c2-41da-4c64-a4b1-0c690e783403,active,true
c7a610b1-dd1c-4914-be3e-19295eb4fce9,active,false
f0c674ca-cf93-423d-88de-5eca3ef20fc8,active,true
8a73087a-2d8c-4305-b434-2fe979119c76,active,false
7938447c-98da-42fa-ada6-fc8ca5e67b96,active,true
15fda676-e92d-4427-984a-647df5ae6d1a,active,false
4f28b61a-f488-4ca6-a253-78a6ad0296cb,active,true
fb408636-fdfd-4f4b-a84c-5b7ef4ad13a5,active,true
2fdd19a3-a2b5-4509-8e5a-ee341aecb56f,active,false
04cdaeb1-06f1-4c1a-bb68-1d4a4562c031,active,false
49c1d859-5481-488c-974f-db8b62db53ea,active,true
1f81cc89-6993-4709-8d6d-27f42d7ed996,active,false
37a6cded-626a-413e-b600-b56a9cd1ae30,active,true
9197465b-59d5-4027-ba65-057d297c9c74,active,false
25f59a5a-5105-4581-9058-c9d1162c3dee,active,true
675f73bf-5747-44ea-8189-a80309d97b4e,active,false
18e75ae6-5ba8-4730-8345-4b32da3e4b2f,active,true
f363cc1f-dbb8-4f6e-bf05-b2ed06e6782e,active,true
84faedfc-b0a1-4ea9-92bf-d0517d0cd5b8,active,false
1355d68e-0eb8-42c4-a0ab-f93a31f5de67,active,false
f3adaf31-5bfe-4719-8c69-a12d727fa5b7,active,true
fe04c022-9cda-41e4-b6cc-6bf62978489b,active,false
f7413343-7e99-4760-b4b9-df3f517b90f3,active,true
345b5457-4fa4-47d6-942e-a9420723376e,active,true
2a573d80-017a-4277-b57e-de06e58b4b06,active,true
6ae60502-f72f-4f2c-a97b-c931041c67f6,active,true
7f5dc21e-92de-4ff9-aada-2d66162322aa,active,true
d2748ae2-5b04-46c1-8de0-09b5bf348764,active,true
4888617d-696d-4a66-8976-f45cc258c8d1,active,true
d499d06a-aaaf-4f30-afc1-dec84a2208d5,active,true
01722035-a353-4f64-8aef-de1000dd897c,active,true
e58f7222-e632-4d3c-9a64-a94bd689218c,active,true
d97922ab-f860-4fc3-9a46-3f7da2674002,active,true
a505a34b-8660-450b-9b73-b7c3a07f1112,active,true
f79f4a81-8d87-43a7-9af0-fa8e6782788d,active,true
3ccd65ee-53d7-4e58-b623-77b118ddcef7,active,true
6e76ebb1-8f5a-4c4b-8d7c-0f6bc613b1ed,active,true
8c218304-46f7-4d96-8c14-b692b1df9e60,active,false
c15968e2-208a-4b1d-a4a5-f4b6fda01d38,active,true
a6c23ea0-e6f8-46cd-b8ae-445a1fbd988c,active,false
f0cedef9-4a10-4c72-aaf9-17fac8cfd2f2,active,true
94e54230-5937-4d13-a965-7b3809b27caa,active,false
b5139855-2b97-4033-b2cf-cbdfce1faa47,active,true
62ec2f41-0263-4a99-9219-8460e672a8ad,active,false
810f5c11-bfe2-49ea-af3d-b23b4fbdc30f,active,false
fb574e28-6f5e-40c4-8e3a-506382a306d9,active,false
a42d4175-9782-4f78-9594-4d8988b9fd4a,active,false
07830f1a-99ed-4112-b5d6-bcde0714ba31,active,false
12311bf4-2c56-48c4-bcbd-6b6e85b45bb3,active,false
eb580517-c9aa-43df-b7a4-9f5d050cd4ac,active,false
c21ea87f-c136-4a67-ac0e-92a2d3ae0be0,active,false
ddf53a11-d2e1-49db-b9b7-9d7ca4f51865,active,false
1a88291a-93c5-4e5e-9c2e-a9f1dc395841,active,false
8d33560f-094c-42d1-aeae-3bb6ddd1622a,active,false
968c4434-2efa-41f1-9784-45a286dc58ca,active,false
34aaa352-c87e-4fae-8632-1bd2b0196280,active,false
2be412b4-cbfa-46b1-997d-639736a3bc74,active,false
348cb67c-17cb-4f5f-9045-e56435f8b7d0,active,false
e430dc43-9949-4c04-8197-613109ec34ff,active,true
15f01b06-473f-4977-9a7d-2f0723470b9b,active,false
11084706-f18a-4572-9669-e174f20515b8,active,false
0d9655bf-98ad-43f9-a814-feff5f3a852d,active,false
272a60d3-1768-44a7-90a9-775ac35518da,active,false
420f81bd-0986-4523-8fa1-e5b40f529ebd,active,false
8b3e65f5-7a08-44fb-aa79-ddd7acb89897,active,false
f15093af-421e-4915-a42d-89b9a50d6fa9,active,false
29389de4-b285-4681-ba95-96b2ec301056,active,true
103c16b8-9cfa-47ef-9db9-bdd34d5034dd,active,false
bdb25716-21f8-4a6e-a5d5-111d3e2069e2,active,true
231c85f2-9313-458a-82f9-ee5d72cd48e7,active,false
ede80b50-5edc-461c-b6e3-83e7d9c5952d,active,true
2016f718-023d-430f-9e61-fdb02a151e68,active,true
9f58225a-e098-48e8-9c2e-0c7936477378,active,true
009a170c-ab5a-42c7-89da-b409bff0cc37,active,true
55c28bf9-4707-4d6c-bd64-2bd3329d98fa,active,true
4bcb0f29-875e-4ebf-80cb-a48a95983729,active,true
9a96ffea-bd1b-4469-8591-c1a288be2ed7,active,true
6f7cfe5e-6755-4a7d-8e59-38fe258e20e0,active,true
11bbcce5-c500-4267-9c56-b6d33e7b2170,active,true
8d766341-91d3-453a-9af6-35e8f6235735,active,true
e23319bb-be29-4fc8-8673-6546c60d0dbf,active,true
37f17833-abb0-41a5-824e-9d9ddc93679c,active,true
6fff76d1-23bd-41a8-a413-6b3e493fcd65,active,true
6aa333c8-bee8-42b5-9a4d-70701f9d397d,active,true
fc49db38-7f6d-4d39-a4b2-74642406f48f,active,true
879f7163-a52b-4735-b3dd-27f5efd08a8b,active,true
c8c3dadb-67bc-43bc-ba86-a951475c1c0b,active,true
6fa059c3-4b6f-40ce-8e9d-2d9dd2db517a,active,true
ece98edb-d751-46e3-b7ce-77d31736b83c,active,true
265b7b4e-1dde-4341-9a5c-e3420147fc73,active,true
55b1f189-d228-42b8-89f3-5d6c7fd190cb,active,true
b315a177-6596-4696-9bd4-8ef5c8eb72d3,active,true
d751c4b1-5d28-485c-a0d5-6eb660205af8,active,true
248a8d67-3313-4ab4-9265-b54da77db868,active,true
7b55b624-7aac-4a13-a024-301ce73c3a06,active,true
5dcddb93-9c3b-4683-acc3-2cbe034979e1,active,true
63bea442-9626-440b-a4ba-aa64a6a8717b,active,true
51a18d60-d6cc-4a08-8eea-3e5ad9360eb8,active,true
43515f43-40f8-4c01-99dd-5187686913c9,active,true
add1ffc9-00d8-4a66-9e2c-7e538ea300cf,active,true
15d847d1-221d-49f8-9138-3e73716e56c8,active,true
21af0fd1-2fa1-49ce-b716-8718b507949f,active,true
663ec98b-b67d-45ad-9a59-d9759d155ed1,active,false
99d2987e-80a3-4a96-9861-5e19b0ad5d4f,active,false
1af6a812-350a-4804-aa84-ea405046d280,active,false
ccc7d50b-eff3-4ddb-8f2f-3a763b667147,active,false
fdb297cf-bda3-47b4-b757-ebb7c9b6b896,active,true
e9e52aff-31f9-4526-8d45-1d43f96c5322,active,false
f889bf54-56fd-493e-81c9-25a8a9e38804,active,false
5659f8ce-db9e-498a-b251-07b764049f8c,active,true
2f78d579-4ac3-40ae-b5dd-91a52d8cdb32,active,false
c0509677-9803-4c9d-8b24-8dcffa3f0172,active,true
afd15898-b51d-452a-95ea-e51a273f17c2,active,false
375f6f7c-2016-48b8-b3ab-b9445ceb0448,active,false
e192b353-0e00-430a-94a0-31bb4f78b68e,active,true
1c0c7ca8-33b9-4995-ab32-8e0506aff7c6,active,false
1a09effe-4bfd-4cd5-b190-a4d62c558da2,active,false
81bcea2a-7a4a-4204-96f8-7be2dc187c4a,active,false
5e0b83ec-06c4-454a-ad82-d88ff4a8fee1,active,false
17c9762a-e6b8-47c0-93d0-c47bcdc45b9e,active,false
b63af4e7-032b-456c-9850-7299f5f4640a,active,false
8e1b5492-c987-4fbf-93f1-0c32d2e402e9,active,false
e1e1bc9b-e940-4fe4-b879-5d49a473fa37,active,true
7210e724-5d0b-4717-ac49-8d3d116f0fd7,active,true
ce704c57-3cda-42cb-bfff-b6b0aaefb357,active,true
4a3fbd5a-ba16-486c-ac42-43ecdae52f30,active,true
367dc935-0130-4bc1-bd87-eefe9aea8a3e,active,true
a302965a-de3d-423b-91d1-584a055119c2,active,true
1e1c77ff-1b82-44ee-bbc3-0357e9046693,active,true
2c8900c0-9439-4b81-ad04-ebb5c87a0120,active,true
32abd74c-3437-4643-aa8b-a39f1d02bd95,active,true
842538cf-c1f6-4925-b7e9-8541db8ad5f8,active,true
1d104713-8dd8-47a8-b4a9-c2fd2a224980,active,true
0c1973dc-5770-4936-a2c3-91f432c484b3,active,true
9c3c4238-4472-4cf0-912c-e219dfc1ccc4,active,true
aadc4c8a-1f9c-42ba-a65e-10e58b99d0ed,active,true
b151cf9b-40bf-4927-b8a6-7650e84b662a,active,true
ee6872ce-f008-43ab-9d9a-e2a1febe5076,active,true
988be4e9-d703-49d5-8221-5278bba863ee,active,true
e0036334-be60-4ce9-9f01-1ea3412632cb,active,false
1d3c532f-e597-4903-9e9e-b806ef156ce7,active,false
45c6e71e-bafa-41ff-b104-9c388e6c844c,active,false
5290566e-78fc-4477-8823-4d5b99459afc,active,false
e208aec8-3490-410a-a45f-e396bc2acaf4,active,false
a122589e-8876-45dd-8567-ff4842543761,active,false
a84aa28b-e443-46b3-a2d6-2a0b9e249519,active,false
e3765f5d-d2b1-4e84-9dd9-9bb25f356da3,active,false
2e034652-3c75-4856-8486-a48b5e7e7960,active,true
d8b73296-dbc9-45c7-afe5-4d558359d9e7,active,true
c5531dff-537d-4269-958d-cfeb952b38cc,active,true
e1e11672-d663-4fca-b174-2eb411f7034e,active,true
fae73c1e-007d-4d4d-bbfd-92a8ca9695e3,active,true
00b15a5f-707c-42ba-a7d3-9a48aba0b591,active,true
4f09272c-0a3c-48df-b2a2-bfcb4ec62abc,active,true
8eb91727-bb6b-4f0e-a903-136664a69783,active,false
26d9b048-c613-4961-866e-702841f4519d,active,false
aee94a23-af89-45d8-9064-eacf80d117e6,active,false
513e6c53-978d-4147-9e5c-8cda7630ed8c,active,false
b0fde4aa-eb97-4149-8595-a820eed9e6fb,active,false
8bef40f7-6d2a-4e41-bd23-fc01dfc7f15c,active,false
0f9902a4-5bf9-42f6-8039-79ee30dfa02d,active,false
1ffbb3e6-c33a-4ced-a721-ce3f6264741c,active,false
4431ccfa-bd4f-4e4d-b5cd-7aab347db4dd,active,true
8801d08a-7fde-4596-aac4-8398a06cacff,active,true
46343552-7852-4fec-8840-c2955f5dbbf7,active,true
21ad192d-dcee-4b33-87f8-dc84886c40af,active,true
3305e236-1c1f-4acb-844c-fc06167a3e63,active,false
196ba4b3-acca-4ec8-bae7-9933fb73dbf1,active,false
cff9d9f4-0c56-46ce-a606-2baa42dc37c4,active,false
d01815fe-33e5-40ce-bba9-a9ab433a5170,active,false
7b9e8311-b93a-4bc1-ba80-ac6ec5d076c2,active,false
1f469f3a-8b8f-4095-8e76-ed253f4de28f,active,false
a011890d-f059-4da7-bd23-d2164f1e57c4,active,false
da1c69b9-69b1-471c-9107-468f14933943,active,false
4880ab2e-605f-434c-84e4-faff2e16f80d,active,true
a6af989f-bd3a-4eb0-baa1-b381626c05c3,active,true
12c818b0-f479-4d7f-ba8d-f9d4d5e1cff9,active,true
cb485fe6-017c-4ffd-ba3f-4d936429b9fa,active,true
8660d47f-b7e7-42f6-abe2-045262ecfe5d,active,true
0558a3e4-81f2-410c-bf2f-d3aa462f2115,active,false
0f6e31d9-568b-4442-bcaa-410035409cd4,active,false
fbd0ede1-458f-45db-aa6e-063bc8a96ffe,active,false
51de99e5-7e28-495d-a390-708c326066e1,active,false
4b8451eb-c7d1-43f7-a7ff-23ab9cff8343,active,false
fcc717f5-b34d-4af1-869e-ac04157423e1,active,false
4d0bc377-3eee-4e4d-81bc-dfb88fe59254,active,false
7b219fcd-5d2a-4641-9958-d4a5a29d424c,active,false
82d97e40-ec98-4fb8-8219-98c0bd93b50a,active,true
ec5f60e0-8dc1-4221-b569-52c05bac0834,active,true
7b5dac49-5cb4-49ce-9379-8e0672890ed0,active,false
66705917-ddaa-4bad-888b-fbd25590d9b5,active,false
64fb70f4-57ea-416b-bf1d-09fce77566f5,active,false
6e6b0db7-f164-40c3-9b2a-993d3bb0b0e8,active,false
b1654d98-d9c7-466a-ac1c-7885dfbfbb41,active,false
26c45592-50ce-4284-80bc-684aa26363c9,active,false
41fe7599-d060-4616-bc19-dda1ad7efb68,active,false
6f867438-db24-4506-a934-5bb0f25affa8,active,false
cb0a23cb-b8ef-47e7-8a85-4126920bbf82,active,true
0cf0866d-f65e-4a6c-96cd-3d2846c3ceed,active,true
e9ea38fd-2a35-4b46-a196-5ac45d8f3ca9,active,false
a12fca40-9b18-4295-b8b5-d9e1c95a5aa0,active,false
2ee9f217-e990-414b-b72d-049a8d7f3ed9,active,false
bc0faf92-4986-42f4-a189-6cf811168b27,active,false
cd2c6528-74a7-4319-ba66-47bc977c13c3,active,false
82476cc1-d598-4851-a47c-78d4ecc76d7f,active,false
f880cd86-10a6-457a-81a0-6ac98d2e8f4a,active,false
1c7cd626-d223-499b-aec0-267cb41bb0d1,active,false
2917a69d-3687-4b33-b6b3-2fa0c214bb50,active,false
4dd69726-cb48-452e-881b-1d742a69c19e,active,false
d5b44850-263f-4916-baf8-77679c06aac7,active,false
06066f41-0372-482e-a8be-0a44c646228d,active,false
4068d9f6-870c-4dfa-91e9-c62d2f3ffacc,active,false
7dc044af-6769-45b1-9767-8ce7f740bd53,active,false
72c63e8a-7dec-4935-9985-93bc52abf438,active,false
80b789b8-9a9f-481d-9754-d2bf9797837b,active,false
38556d31-ed41-43be-aa63-07cff58b86d0,active,false
edf08642-df4f-4a0b-90cd-1601f9e0dd32,active,false
5c666e9a-794a-4628-83d4-58f4f41e9afc,active,false
1cff67b5-5137-44e8-8457-5e861a040383,active,false
be4e8956-f0de-4fb8-ab4b-ef04e2fd88d0,active,false
08924a83-91f6-4062-9c41-373277ef3aa6,active,false
44dc3dac-9007-4d8e-91e5-b7a324ba778e,active,false
45ebe82c-15a8-4e8b-8978-e6c30ba37ce8,active,false
f550aab1-d1ab-461d-99da-863b782ee16b,active,false
761c78fc-9017-45db-b269-7db669501517,active,false