global_field_id,field_id,table,column,ordinal,same_name_count,same_name_unique,origin_script,origin_line,origin_kind
F0001,act6_13_event_ledger#01,act6_13_event_ledger,event_id,1,4,NO,database/037_level3_independent_audit_closure.sql,7,CREATE
F0002,act6_13_event_ledger#02,act6_13_event_ledger,run_id,2,36,NO,database/037_level3_independent_audit_closure.sql,8,CREATE
F0003,act6_13_event_ledger#03,act6_13_event_ledger,event_type,3,4,NO,database/037_level3_independent_audit_closure.sql,9,CREATE
F0004,act6_13_event_ledger#04,act6_13_event_ledger,act_no,4,4,NO,database/037_level3_independent_audit_closure.sql,10,CREATE
F0005,act6_13_event_ledger#05,act6_13_event_ledger,phase_key,5,13,NO,database/037_level3_independent_audit_closure.sql,11,CREATE
F0006,act6_13_event_ledger#06,act6_13_event_ledger,occurrence_id,6,3,NO,database/037_level3_independent_audit_closure.sql,12,CREATE
F0007,act6_13_event_ledger#07,act6_13_event_ledger,player_id,7,24,NO,database/037_level3_independent_audit_closure.sql,13,CREATE
F0008,act6_13_event_ledger#08,act6_13_event_ledger,details,8,4,NO,database/037_level3_independent_audit_closure.sql,14,CREATE
F0009,act6_13_event_ledger#09,act6_13_event_ledger,occurred_at,9,1,YES,database/037_level3_independent_audit_closure.sql,15,CREATE
F0010,asset_candidates#01,asset_candidates,asset_id,1,1,YES,database/018_sprint4_asset_manager_v2.sql,9,CREATE
F0011,asset_candidates#02,asset_candidates,asset_key,2,3,NO,database/018_sprint4_asset_manager_v2.sql,10,CREATE
F0012,asset_candidates#03,asset_candidates,version,3,2,NO,database/018_sprint4_asset_manager_v2.sql,10,CREATE
F0013,asset_candidates#04,asset_candidates,asset_type,4,2,NO,database/018_sprint4_asset_manager_v2.sql,10,CREATE
F0014,asset_candidates#05,asset_candidates,scene_id,5,11,NO,database/018_sprint4_asset_manager_v2.sql,11,CREATE
F0015,asset_candidates#06,asset_candidates,assigned_to,6,2,NO,database/018_sprint4_asset_manager_v2.sql,11,CREATE
F0016,asset_candidates#07,asset_candidates,creator,7,1,YES,database/018_sprint4_asset_manager_v2.sql,11,CREATE
F0017,asset_candidates#08,asset_candidates,storage_path,8,1,YES,database/018_sprint4_asset_manager_v2.sql,11,CREATE
F0018,asset_candidates#09,asset_candidates,status,9,4,NO,database/018_sprint4_asset_manager_v2.sql,11,CREATE
F0019,asset_candidates#10,asset_candidates,approved_by,10,1,YES,database/018_sprint4_asset_manager_v2.sql,12,CREATE
F0020,asset_candidates#11,asset_candidates,approved_at,11,1,YES,database/018_sprint4_asset_manager_v2.sql,13,CREATE
F0021,asset_candidates#12,asset_candidates,created_at,12,11,NO,database/018_sprint4_asset_manager_v2.sql,13,CREATE
F0022,asset_candidates#13,asset_candidates,final_prompt,13,1,YES,database/018_sprint4_asset_manager_v2.sql,13,CREATE
F0023,asset_candidates#14,asset_candidates,revision_note,14,1,YES,database/018_sprint4_asset_manager_v2.sql,13,CREATE
F0024,asset_candidates#15,asset_candidates,technical_notes,15,1,YES,database/018_sprint4_asset_manager_v2.sql,13,CREATE
F0025,asset_candidates#16,asset_candidates,paired_asset_group,16,2,NO,database/018_sprint4_asset_manager_v2.sql,13,CREATE
F0026,asset_candidates#17,asset_candidates,view_name,17,1,YES,database/018_sprint4_asset_manager_v2.sql,14,CREATE
F0027,asset_candidates#18,asset_candidates,ui_anchors,18,1,YES,database/018_sprint4_asset_manager_v2.sql,14,CREATE
F0028,asset_candidates#19,asset_candidates,width_px,19,1,YES,database/018_sprint4_asset_manager_v2.sql,14,CREATE
F0029,asset_candidates#20,asset_candidates,height_px,20,1,YES,database/018_sprint4_asset_manager_v2.sql,14,CREATE
F0030,asset_candidates#21,asset_candidates,mime_type,21,1,YES,database/018_sprint4_asset_manager_v2.sql,14,CREATE
F0031,asset_candidates#22,asset_candidates,duration_ms,22,1,YES,database/018_sprint4_asset_manager_v2.sql,14,CREATE
F0032,asset_candidates#23,asset_candidates,loopable,23,1,YES,database/018_sprint4_asset_manager_v2.sql,14,CREATE
F0033,asset_candidates#24,asset_candidates,license_source,24,1,YES,database/018_sprint4_asset_manager_v2.sql,14,CREATE
F0034,asset_candidates#25,asset_candidates,loudness_note,25,1,YES,database/018_sprint4_asset_manager_v2.sql,15,CREATE
F0035,asset_candidates#26,asset_candidates,continuity_refs,26,2,NO,database/018_sprint4_asset_manager_v2.sql,15,CREATE
F0036,asset_candidates#27,asset_candidates,required_anchors,27,2,NO,database/018_sprint4_asset_manager_v2.sql,15,CREATE
F0037,asset_candidates#28,asset_candidates,sha256,28,1,YES,database/018_sprint4_asset_manager_v2.sql,15,CREATE
F0038,asset_candidates#29,asset_candidates,published_at,29,1,YES,database/018_sprint4_asset_manager_v2.sql,15,CREATE
F0039,asset_events#01,asset_events,event_id,1,4,NO,database/018_sprint4_asset_manager_v2.sql,20,CREATE
F0040,asset_events#02,asset_events,asset_key,2,3,NO,database/018_sprint4_asset_manager_v2.sql,20,CREATE
F0041,asset_events#03,asset_events,event_type,3,4,NO,database/018_sprint4_asset_manager_v2.sql,20,CREATE
F0042,asset_events#04,asset_events,version,4,2,NO,database/018_sprint4_asset_manager_v2.sql,20,CREATE
F0043,asset_events#05,asset_events,details,5,4,NO,database/018_sprint4_asset_manager_v2.sql,20,CREATE
F0044,asset_events#06,asset_events,created_at,6,11,NO,database/018_sprint4_asset_manager_v2.sql,20,CREATE
F0045,asset_manager_reviewers#01,asset_manager_reviewers,token_hash,1,1,YES,database/024_sprint4_level1_narrow_corrections.sql,3,CREATE
F0046,asset_manager_reviewers#02,asset_manager_reviewers,label,2,1,YES,database/024_sprint4_level1_narrow_corrections.sql,3,CREATE
F0047,asset_manager_reviewers#03,asset_manager_reviewers,enabled,3,1,YES,database/024_sprint4_level1_narrow_corrections.sql,3,CREATE
F0048,asset_manager_reviewers#04,asset_manager_reviewers,created_at,4,11,NO,database/024_sprint4_level1_narrow_corrections.sql,3,CREATE
F0049,asset_registry_projection#01,asset_registry_projection,asset_key,1,3,NO,database/018_sprint4_asset_manager_v2.sql,2,CREATE
F0050,asset_registry_projection#02,asset_registry_projection,display_name,2,2,NO,database/018_sprint4_asset_manager_v2.sql,3,CREATE
F0051,asset_registry_projection#03,asset_registry_projection,aliases,3,1,YES,database/018_sprint4_asset_manager_v2.sql,3,CREATE
F0052,asset_registry_projection#04,asset_registry_projection,asset_type,4,2,NO,database/018_sprint4_asset_manager_v2.sql,3,CREATE
F0053,asset_registry_projection#05,asset_registry_projection,scene_id,5,11,NO,database/018_sprint4_asset_manager_v2.sql,3,CREATE
F0054,asset_registry_projection#06,asset_registry_projection,assigned_to,6,2,NO,database/018_sprint4_asset_manager_v2.sql,4,CREATE
F0055,asset_registry_projection#07,asset_registry_projection,latest_version,7,1,YES,database/018_sprint4_asset_manager_v2.sql,4,CREATE
F0056,asset_registry_projection#08,asset_registry_projection,active_version,8,1,YES,database/018_sprint4_asset_manager_v2.sql,4,CREATE
F0057,asset_registry_projection#09,asset_registry_projection,continuity_refs,9,2,NO,database/018_sprint4_asset_manager_v2.sql,4,CREATE
F0058,asset_registry_projection#10,asset_registry_projection,paired_asset_group,10,2,NO,database/018_sprint4_asset_manager_v2.sql,5,CREATE
F0059,asset_registry_projection#11,asset_registry_projection,required_anchors,11,2,NO,database/018_sprint4_asset_manager_v2.sql,5,CREATE
F0060,asset_registry_projection#12,asset_registry_projection,runtime_required,12,1,YES,database/018_sprint4_asset_manager_v2.sql,5,CREATE
F0061,asset_registry_projection#13,asset_registry_projection,registry_sha256,13,1,YES,database/018_sprint4_asset_manager_v2.sql,5,CREATE
F0062,asset_registry_projection#14,asset_registry_projection,projected_at,14,1,YES,database/018_sprint4_asset_manager_v2.sql,6,CREATE
F0063,dialogue_messages#01,dialogue_messages,message_id,1,1,YES,database/002_runtime_runs_discussion.sql,55,CREATE
F0064,dialogue_messages#02,dialogue_messages,run_id,2,36,NO,database/002_runtime_runs_discussion.sql,56,CREATE
F0065,dialogue_messages#03,dialogue_messages,discussion_session_id,3,5,NO,database/002_runtime_runs_discussion.sql,57,CREATE
F0066,dialogue_messages#04,dialogue_messages,scene_id,4,11,NO,database/002_runtime_runs_discussion.sql,58,CREATE
F0067,dialogue_messages#05,dialogue_messages,phase_key,5,13,NO,database/002_runtime_runs_discussion.sql,59,CREATE
F0068,dialogue_messages#06,dialogue_messages,step_key,6,6,NO,database/002_runtime_runs_discussion.sql,60,CREATE
F0069,dialogue_messages#07,dialogue_messages,player_id,7,24,NO,database/002_runtime_runs_discussion.sql,61,CREATE
F0070,dialogue_messages#08,dialogue_messages,message_text,8,1,YES,database/002_runtime_runs_discussion.sql,62,CREATE
F0071,dialogue_messages#09,dialogue_messages,created_at,9,11,NO,database/002_runtime_runs_discussion.sql,63,CREATE
F0072,dialogue_messages#10,dialogue_messages,client_request_id,10,8,NO,database/013_sprint3b_discussion_authority_and_request_identity.sql,23,ADD
F0073,discussion_sessions#01,discussion_sessions,discussion_session_id,1,5,NO,database/002_runtime_runs_discussion.sql,23,CREATE
F0074,discussion_sessions#02,discussion_sessions,run_id,2,36,NO,database/002_runtime_runs_discussion.sql,24,CREATE
F0075,discussion_sessions#03,discussion_sessions,scene_id,3,11,NO,database/002_runtime_runs_discussion.sql,25,CREATE
F0076,discussion_sessions#04,discussion_sessions,phase_key,4,13,NO,database/002_runtime_runs_discussion.sql,26,CREATE
F0077,discussion_sessions#05,discussion_sessions,step_key,5,6,NO,database/002_runtime_runs_discussion.sql,27,CREATE
F0078,discussion_sessions#06,discussion_sessions,round_no,6,4,NO,database/002_runtime_runs_discussion.sql,28,CREATE
F0079,discussion_sessions#07,discussion_sessions,vote_round,7,5,NO,database/002_runtime_runs_discussion.sql,29,CREATE
F0080,discussion_sessions#08,discussion_sessions,topic,8,1,YES,database/002_runtime_runs_discussion.sql,30,CREATE
F0081,discussion_sessions#09,discussion_sessions,status,9,4,NO,database/002_runtime_runs_discussion.sql,31,CREATE
F0082,discussion_sessions#10,discussion_sessions,started_at,10,1,YES,database/002_runtime_runs_discussion.sql,33,CREATE
F0083,discussion_sessions#11,discussion_sessions,phase_deadline,11,1,YES,database/002_runtime_runs_discussion.sql,34,CREATE
F0084,discussion_sessions#12,discussion_sessions,ended_at,12,1,YES,database/002_runtime_runs_discussion.sql,35,CREATE
F0085,discussion_sessions#13,discussion_sessions,outcome,13,2,NO,database/002_runtime_runs_discussion.sql,36,CREATE
F0086,discussion_sessions#14,discussion_sessions,show_initial_choices,14,1,YES,database/002_runtime_runs_discussion.sql,37,CREATE
F0087,discussion_sessions#15,discussion_sessions,allow_free_text,15,1,YES,database/002_runtime_runs_discussion.sql,38,CREATE
F0088,discussion_sessions#16,discussion_sessions,require_final_vote,16,1,YES,database/002_runtime_runs_discussion.sql,39,CREATE
F0089,discussion_sessions#17,discussion_sessions,vote_options,17,1,YES,database/002_runtime_runs_discussion.sql,40,CREATE
F0090,discussion_sessions#18,discussion_sessions,tie_policy,18,1,YES,database/002_runtime_runs_discussion.sql,41,CREATE
F0091,discussion_sessions#19,discussion_sessions,revote_window_sec,19,1,YES,database/002_runtime_runs_discussion.sql,43,CREATE
F0092,discussion_sessions#20,discussion_sessions,max_revotes,20,1,YES,database/002_runtime_runs_discussion.sql,44,CREATE
F0093,discussion_sessions#21,discussion_sessions,fallback_resolution,21,1,YES,database/002_runtime_runs_discussion.sql,45,CREATE
F0094,discussion_sessions#22,discussion_sessions,discussion_timeout_policy,22,1,YES,database/002_runtime_runs_discussion.sql,46,CREATE
F0095,discussion_sessions#23,discussion_sessions,vote_timeout_policy,23,1,YES,database/002_runtime_runs_discussion.sql,47,CREATE
F0096,discussion_sessions#24,discussion_sessions,discussion_time_limit_sec,24,1,YES,database/002_runtime_runs_discussion.sql,48,CREATE
F0097,discussion_sessions#25,discussion_sessions,vote_time_limit_sec,25,1,YES,database/002_runtime_runs_discussion.sql,49,CREATE
F0098,discussion_sessions#26,discussion_sessions,silent_texting_mode,26,2,NO,database/002_runtime_runs_discussion.sql,50,CREATE
F0099,discussion_sessions#27,discussion_sessions,allow_pocket,27,1,YES,database/029_sprint5_canonical_discussion_localization.sql,4,ADD
F0100,discussion_sessions#28,discussion_sessions,allow_memories_observations,28,1,YES,database/029_sprint5_canonical_discussion_localization.sql,5,ADD
F0101,discussion_sessions#29,discussion_sessions,allow_share_photo,29,2,NO,database/029_sprint5_canonical_discussion_localization.sql,6,ADD
F0102,game_runs#01,game_runs,run_id,1,36,NO,database/002_runtime_runs_discussion.sql,5,CREATE
F0103,game_runs#02,game_runs,room_code,2,7,NO,database/002_runtime_runs_discussion.sql,6,CREATE
F0104,game_runs#03,game_runs,run_started_at,3,1,YES,database/002_runtime_runs_discussion.sql,7,CREATE
F0105,game_runs#04,game_runs,run_mode,4,1,YES,database/002_runtime_runs_discussion.sql,8,CREATE
F0106,game_runs#05,game_runs,behavior_dataset_eligible,5,1,YES,database/002_runtime_runs_discussion.sql,9,CREATE
F0107,game_runs#06,game_runs,status,6,4,NO,database/002_runtime_runs_discussion.sql,10,CREATE
F0108,game_runs#07,game_runs,scene_id,7,11,NO,database/002_runtime_runs_discussion.sql,11,CREATE
F0109,game_runs#08,game_runs,phase_key,8,13,NO,database/002_runtime_runs_discussion.sql,12,CREATE
F0110,game_runs#09,game_runs,step_key,9,6,NO,database/002_runtime_runs_discussion.sql,13,CREATE
F0111,game_runs#10,game_runs,silent_texting_mode,10,2,NO,database/002_runtime_runs_discussion.sql,14,CREATE
F0112,game_runs#11,game_runs,created_at,11,11,NO,database/002_runtime_runs_discussion.sql,15,CREATE
F0113,game_runs#12,game_runs,audit_private_debug_view,12,1,YES,database/014b_sprint3b_targeted_closure_corrections.sql,5,ADD
F0114,game_runs#13,game_runs,active_override_id,13,1,YES,database/015_sprint3c_minimal_safe_teacher_override.sql,32,ADD
F0115,game_runs#14,game_runs,session_integrity_verified,14,1,YES,database/046_sprint8_act14_finalization_export.sql,4,ADD
F0116,game_runs#15,game_runs,game_completed,15,1,YES,database/046_sprint8_act14_finalization_export.sql,5,ADD
F0117,game_runs#16,game_runs,export_ready,16,1,YES,database/046_sprint8_act14_finalization_export.sql,6,ADD
F0118,game_runs#17,game_runs,completed_at,17,3,NO,database/046_sprint8_act14_finalization_export.sql,7,ADD
F0119,runtime_events#01,runtime_events,event_id,1,4,NO,database/002_runtime_runs_discussion.sql,88,CREATE
F0120,runtime_events#02,runtime_events,run_id,2,36,NO,database/002_runtime_runs_discussion.sql,89,CREATE
F0121,runtime_events#03,runtime_events,room_code,3,7,NO,database/002_runtime_runs_discussion.sql,90,CREATE
F0122,runtime_events#04,runtime_events,discussion_session_id,4,5,NO,database/002_runtime_runs_discussion.sql,91,CREATE
F0123,runtime_events#05,runtime_events,event_type,5,4,NO,database/002_runtime_runs_discussion.sql,92,CREATE
F0124,runtime_events#06,runtime_events,actor_player_id,6,2,NO,database/002_runtime_runs_discussion.sql,93,CREATE
F0125,runtime_events#07,runtime_events,details,7,4,NO,database/002_runtime_runs_discussion.sql,94,CREATE
F0126,runtime_events#08,runtime_events,created_at,8,11,NO,database/002_runtime_runs_discussion.sql,95,CREATE
F0127,runtime_events#09,runtime_events,scene_id,9,11,NO,database/014_sprint3b_evidence_and_puzzle_integrity.sql,46,ADD
F0128,runtime_events#10,runtime_events,phase_key,10,13,NO,database/014_sprint3b_evidence_and_puzzle_integrity.sql,47,ADD
F0129,runtime_events#11,runtime_events,step_key,11,6,NO,database/014_sprint3b_evidence_and_puzzle_integrity.sql,48,ADD
F0130,runtime_events#12,runtime_events,event_source,12,1,YES,database/014_sprint3b_evidence_and_puzzle_integrity.sql,49,ADD
F0131,runtime_events#13,runtime_events,validity,13,4,NO,database/014_sprint3b_evidence_and_puzzle_integrity.sql,50,ADD
F0132,runtime_events#14,runtime_events,behavior_scoring,14,3,NO,database/014_sprint3b_evidence_and_puzzle_integrity.sql,51,ADD
F0133,runtime_events#15,runtime_events,interaction_id,15,1,YES,database/014_sprint3b_evidence_and_puzzle_integrity.sql,52,ADD
F0134,runtime_events#16,runtime_events,client_request_id,16,8,NO,database/014_sprint3b_evidence_and_puzzle_integrity.sql,53,ADD
F0135,runtime_player_decisions#01,runtime_player_decisions,decision_id,1,2,NO,database/002_runtime_runs_discussion.sql,70,CREATE
F0136,runtime_player_decisions#02,runtime_player_decisions,run_id,2,36,NO,database/002_runtime_runs_discussion.sql,71,CREATE
F0137,runtime_player_decisions#03,runtime_player_decisions,discussion_session_id,3,5,NO,database/002_runtime_runs_discussion.sql,72,CREATE
F0138,runtime_player_decisions#04,runtime_player_decisions,scene_id,4,11,NO,database/002_runtime_runs_discussion.sql,73,CREATE
F0139,runtime_player_decisions#05,runtime_player_decisions,phase_key,5,13,NO,database/002_runtime_runs_discussion.sql,74,CREATE
F0140,runtime_player_decisions#06,runtime_player_decisions,step_key,6,6,NO,database/002_runtime_runs_discussion.sql,75,CREATE
F0141,runtime_player_decisions#07,runtime_player_decisions,vote_round,7,5,NO,database/002_runtime_runs_discussion.sql,76,CREATE
F0142,runtime_player_decisions#08,runtime_player_decisions,player_id,8,24,NO,database/002_runtime_runs_discussion.sql,77,CREATE
F0143,runtime_player_decisions#09,runtime_player_decisions,decision_type,9,3,NO,database/002_runtime_runs_discussion.sql,78,CREATE
F0144,runtime_player_decisions#10,runtime_player_decisions,choice_id,10,7,NO,database/002_runtime_runs_discussion.sql,79,CREATE
F0145,runtime_player_decisions#11,runtime_player_decisions,choice_label,11,3,NO,database/002_runtime_runs_discussion.sql,80,CREATE
F0146,runtime_player_decisions#12,runtime_player_decisions,locked_at,12,7,NO,database/002_runtime_runs_discussion.sql,81,CREATE
F0147,runtime_player_decisions#13,runtime_player_decisions,validity,13,4,NO,database/002_runtime_runs_discussion.sql,82,CREATE
F0148,runtime_player_decisions#14,runtime_player_decisions,context_provenance,14,1,YES,database/002_runtime_runs_discussion.sql,83,CREATE
F0149,s1_game_events#01,s1_game_events,event_id,1,4,NO,database/001_sprint1_core.sql,73,CREATE
F0150,s1_game_events#02,s1_game_events,room_code,2,7,NO,database/001_sprint1_core.sql,74,CREATE
F0151,s1_game_events#03,s1_game_events,event_type,3,4,NO,database/001_sprint1_core.sql,75,CREATE
F0152,s1_game_events#04,s1_game_events,actor_player_id,4,2,NO,database/001_sprint1_core.sql,76,CREATE
F0153,s1_game_events#05,s1_game_events,details,5,4,NO,database/001_sprint1_core.sql,77,CREATE
F0154,s1_game_events#06,s1_game_events,created_at,6,11,NO,database/001_sprint1_core.sql,78,CREATE
F0155,s1_player_decisions#01,s1_player_decisions,decision_id,1,2,NO,database/001_sprint1_core.sql,61,CREATE
F0156,s1_player_decisions#02,s1_player_decisions,room_code,2,7,NO,database/001_sprint1_core.sql,62,CREATE
F0157,s1_player_decisions#03,s1_player_decisions,scene_id,3,11,NO,database/001_sprint1_core.sql,63,CREATE
F0158,s1_player_decisions#04,s1_player_decisions,player_id,4,24,NO,database/001_sprint1_core.sql,64,CREATE
F0159,s1_player_decisions#05,s1_player_decisions,decision_type,5,3,NO,database/001_sprint1_core.sql,65,CREATE
F0160,s1_player_decisions#06,s1_player_decisions,choice_id,6,7,NO,database/001_sprint1_core.sql,66,CREATE
F0161,s1_player_decisions#07,s1_player_decisions,choice_label,7,3,NO,database/001_sprint1_core.sql,67,CREATE
F0162,s1_player_decisions#08,s1_player_decisions,locked_at,8,7,NO,database/001_sprint1_core.sql,68,CREATE
F0163,s1_room_players#01,s1_room_players,player_id,1,24,NO,database/001_sprint1_core.sql,20,CREATE
F0164,s1_room_players#02,s1_room_players,room_code,2,7,NO,database/001_sprint1_core.sql,21,CREATE
F0165,s1_room_players#03,s1_room_players,role_slot,3,1,YES,database/001_sprint1_core.sql,22,CREATE
F0166,s1_room_players#04,s1_room_players,display_name,4,2,NO,database/001_sprint1_core.sql,23,CREATE
F0167,s1_room_players#05,s1_room_players,join_code_hash,5,1,YES,database/001_sprint1_core.sql,24,CREATE
F0168,s1_room_players#06,s1_room_players,session_token_hash,6,1,YES,database/001_sprint1_core.sql,25,CREATE
F0169,s1_room_players#07,s1_room_players,joined_at,7,1,YES,database/001_sprint1_core.sql,26,CREATE
F0170,s1_room_players#08,s1_room_players,last_seen_at,8,1,YES,database/001_sprint1_core.sql,27,CREATE
F0171,s1_room_state#01,s1_room_state,room_code,1,7,NO,database/001_sprint1_core.sql,54,CREATE
F0172,s1_room_state#02,s1_room_state,current_scene,2,1,YES,database/001_sprint1_core.sql,55,CREATE
F0173,s1_room_state#03,s1_room_state,phase,3,1,YES,database/001_sprint1_core.sql,56,CREATE
F0174,s1_room_state#04,s1_room_state,updated_at,4,7,NO,database/001_sprint1_core.sql,57,CREATE
F0175,s1_rooms#01,s1_rooms,room_code,1,7,NO,database/001_sprint1_core.sql,13,CREATE
F0176,s1_rooms#02,s1_rooms,teacher_token_hash,2,1,YES,database/001_sprint1_core.sql,14,CREATE
F0177,s1_rooms#03,s1_rooms,created_at,3,11,NO,database/001_sprint1_core.sql,15,CREATE
F0178,s1_rooms#04,s1_rooms,updated_at,4,7,NO,database/001_sprint1_core.sql,16,CREATE
F0179,s1_scene_choices#01,s1_scene_choices,scene_id,1,11,NO,database/001_sprint1_core.sql,46,CREATE
F0180,s1_scene_choices#02,s1_scene_choices,choice_id,2,7,NO,database/001_sprint1_core.sql,47,CREATE
F0181,s1_scene_choices#03,s1_scene_choices,choice_label,3,3,NO,database/001_sprint1_core.sql,48,CREATE
F0182,s1_scene_choices#04,s1_scene_choices,active,4,1,YES,database/001_sprint1_core.sql,49,CREATE
F0183,s3_group_items#01,s3_group_items,run_id,1,36,NO,database/005_sprint3a_scene_pocket_knowledge_foundation.sql,80,CREATE
F0184,s3_group_items#02,s3_group_items,item_key,2,5,NO,database/005_sprint3a_scene_pocket_knowledge_foundation.sql,81,CREATE
F0185,s3_group_items#03,s3_group_items,label_text_key,3,2,NO,database/005_sprint3a_scene_pocket_knowledge_foundation.sql,82,CREATE
F0186,s3_group_items#04,s3_group_items,acquired_at,4,2,NO,database/005_sprint3a_scene_pocket_knowledge_foundation.sql,83,CREATE
F0187,s3_item_catalog#01,s3_item_catalog,item_key,1,5,NO,database/005_sprint3a_scene_pocket_knowledge_foundation.sql,16,CREATE
F0188,s3_item_catalog#02,s3_item_catalog,name_text_key,2,1,YES,database/005_sprint3a_scene_pocket_knowledge_foundation.sql,17,CREATE
F0189,s3_item_catalog#03,s3_item_catalog,shareable_views,3,1,YES,database/005_sprint3a_scene_pocket_knowledge_foundation.sql,18,CREATE
F0190,s3_knowledge_catalog#01,s3_knowledge_catalog,knowledge_key,1,3,NO,database/005_sprint3a_scene_pocket_knowledge_foundation.sql,27,CREATE
F0191,s3_observation_catalog#01,s3_observation_catalog,observation_key,1,2,NO,database/005_sprint3a_scene_pocket_knowledge_foundation.sql,22,CREATE
F0192,s3_observation_catalog#02,s3_observation_catalog,display_text_key,2,2,NO,database/005_sprint3a_scene_pocket_knowledge_foundation.sql,23,CREATE
F0193,s3_player_item_view_state#01,s3_player_item_view_state,run_id,1,36,NO,database/006_sprint3a_provenance_view_integrity_fix.sql,4,CREATE
F0194,s3_player_item_view_state#02,s3_player_item_view_state,player_id,2,24,NO,database/006_sprint3a_provenance_view_integrity_fix.sql,5,CREATE
F0195,s3_player_item_view_state#03,s3_player_item_view_state,item_key,3,5,NO,database/006_sprint3a_provenance_view_integrity_fix.sql,6,CREATE
F0196,s3_player_item_view_state#04,s3_player_item_view_state,current_view,4,1,YES,database/006_sprint3a_provenance_view_integrity_fix.sql,7,CREATE
F0197,s3_player_item_view_state#05,s3_player_item_view_state,updated_at,5,7,NO,database/006_sprint3a_provenance_view_integrity_fix.sql,8,CREATE
F0198,s3_player_items#01,s3_player_items,run_id,1,36,NO,database/005_sprint3a_scene_pocket_knowledge_foundation.sql,31,CREATE
F0199,s3_player_items#02,s3_player_items,item_key,2,5,NO,database/005_sprint3a_scene_pocket_knowledge_foundation.sql,32,CREATE
F0200,s3_player_items#03,s3_player_items,physical_owner_id,3,1,YES,database/005_sprint3a_scene_pocket_knowledge_foundation.sql,33,CREATE
F0201,s3_player_items#04,s3_player_items,acquired_at,4,2,NO,database/005_sprint3a_scene_pocket_knowledge_foundation.sql,34,CREATE
F0202,s3_player_knowledge#01,s3_player_knowledge,acquisition_id,1,1,YES,database/005_sprint3a_scene_pocket_knowledge_foundation.sql,49,CREATE
F0203,s3_player_knowledge#02,s3_player_knowledge,run_id,2,36,NO,database/005_sprint3a_scene_pocket_knowledge_foundation.sql,50,CREATE
F0204,s3_player_knowledge#03,s3_player_knowledge,player_id,3,24,NO,database/005_sprint3a_scene_pocket_knowledge_foundation.sql,51,CREATE
F0205,s3_player_knowledge#04,s3_player_knowledge,knowledge_key,4,3,NO,database/005_sprint3a_scene_pocket_knowledge_foundation.sql,52,CREATE
F0206,s3_player_knowledge#05,s3_player_knowledge,source,5,1,YES,database/005_sprint3a_scene_pocket_knowledge_foundation.sql,53,CREATE
F0207,s3_player_knowledge#06,s3_player_knowledge,scene_id,6,11,NO,database/005_sprint3a_scene_pocket_knowledge_foundation.sql,54,CREATE
F0208,s3_player_knowledge#07,s3_player_knowledge,source_player_id,7,1,YES,database/005_sprint3a_scene_pocket_knowledge_foundation.sql,55,CREATE
F0209,s3_player_knowledge#08,s3_player_knowledge,source_item_key,8,2,NO,database/005_sprint3a_scene_pocket_knowledge_foundation.sql,56,CREATE
F0210,s3_player_knowledge#09,s3_player_knowledge,delivered_at,9,2,NO,database/005_sprint3a_scene_pocket_knowledge_foundation.sql,57,CREATE
F0211,s3_player_observations#01,s3_player_observations,run_id,1,36,NO,database/005_sprint3a_scene_pocket_knowledge_foundation.sql,39,CREATE
F0212,s3_player_observations#02,s3_player_observations,player_id,2,24,NO,database/005_sprint3a_scene_pocket_knowledge_foundation.sql,40,CREATE
F0213,s3_player_observations#03,s3_player_observations,observation_key,3,2,NO,database/005_sprint3a_scene_pocket_knowledge_foundation.sql,41,CREATE
F0214,s3_player_observations#04,s3_player_observations,display_text_key,4,2,NO,database/005_sprint3a_scene_pocket_knowledge_foundation.sql,42,CREATE
F0215,s3_player_observations#05,s3_player_observations,discovered_at_scene,5,1,YES,database/005_sprint3a_scene_pocket_knowledge_foundation.sql,43,CREATE
F0216,s3_player_observations#06,s3_player_observations,discovered_at,6,2,NO,database/005_sprint3a_scene_pocket_knowledge_foundation.sql,44,CREATE
F0217,s3_runtime_scene_state#01,s3_runtime_scene_state,run_id,1,36,NO,database/005_sprint3a_scene_pocket_knowledge_foundation.sql,4,CREATE
F0218,s3_runtime_scene_state#02,s3_runtime_scene_state,scene_id,2,11,NO,database/005_sprint3a_scene_pocket_knowledge_foundation.sql,5,CREATE
F0219,s3_runtime_scene_state#03,s3_runtime_scene_state,phase_key,3,13,NO,database/005_sprint3a_scene_pocket_knowledge_foundation.sql,6,CREATE
F0220,s3_runtime_scene_state#04,s3_runtime_scene_state,step_key,4,6,NO,database/005_sprint3a_scene_pocket_knowledge_foundation.sql,7,CREATE
F0221,s3_runtime_scene_state#05,s3_runtime_scene_state,display_mode,5,1,YES,database/005_sprint3a_scene_pocket_knowledge_foundation.sql,8,CREATE
F0222,s3_runtime_scene_state#06,s3_runtime_scene_state,text_key,6,2,NO,database/005_sprint3a_scene_pocket_knowledge_foundation.sql,9,CREATE
F0223,s3_runtime_scene_state#07,s3_runtime_scene_state,current_route_target,7,1,YES,database/005_sprint3a_scene_pocket_knowledge_foundation.sql,10,CREATE
F0224,s3_runtime_scene_state#08,s3_runtime_scene_state,wayfinding_target,8,1,YES,database/005_sprint3a_scene_pocket_knowledge_foundation.sql,11,CREATE
F0225,s3_runtime_scene_state#09,s3_runtime_scene_state,updated_at,9,7,NO,database/005_sprint3a_scene_pocket_knowledge_foundation.sql,12,CREATE
F0226,s3_runtime_scene_state#10,s3_runtime_scene_state,allow_share_photo,10,2,NO,database/014_sprint3b_evidence_and_puzzle_integrity.sql,5,ADD
F0227,s3_shared_photos#01,s3_shared_photos,photo_copy_id,1,1,YES,database/005_sprint3a_scene_pocket_knowledge_foundation.sql,68,CREATE
F0228,s3_shared_photos#02,s3_shared_photos,run_id,2,36,NO,database/005_sprint3a_scene_pocket_knowledge_foundation.sql,69,CREATE
F0229,s3_shared_photos#03,s3_shared_photos,received_by,3,1,YES,database/005_sprint3a_scene_pocket_knowledge_foundation.sql,70,CREATE
F0230,s3_shared_photos#04,s3_shared_photos,shared_by,4,1,YES,database/005_sprint3a_scene_pocket_knowledge_foundation.sql,71,CREATE
F0231,s3_shared_photos#05,s3_shared_photos,source_item_key,5,2,NO,database/005_sprint3a_scene_pocket_knowledge_foundation.sql,72,CREATE
F0232,s3_shared_photos#06,s3_shared_photos,source_view,6,1,YES,database/005_sprint3a_scene_pocket_knowledge_foundation.sql,73,CREATE
F0233,s3_shared_photos#07,s3_shared_photos,label_text_key,7,2,NO,database/005_sprint3a_scene_pocket_knowledge_foundation.sql,74,CREATE
F0234,s3_shared_photos#08,s3_shared_photos,shared_at,8,1,YES,database/005_sprint3a_scene_pocket_knowledge_foundation.sql,75,CREATE
F0235,s3b_library_attempts#01,s3b_library_attempts,run_id,1,36,NO,database/007_sprint3b_act1_5_placeholder_flow.sql,35,CREATE
F0236,s3b_library_attempts#02,s3b_library_attempts,attempt_number,2,1,YES,database/007_sprint3b_act1_5_placeholder_flow.sql,36,CREATE
F0237,s3b_library_attempts#03,s3b_library_attempts,submitted_by,3,1,YES,database/007_sprint3b_act1_5_placeholder_flow.sql,37,CREATE
F0238,s3b_library_attempts#04,s3b_library_attempts,submitted_value,4,1,YES,database/007_sprint3b_act1_5_placeholder_flow.sql,38,CREATE
F0239,s3b_library_attempts#05,s3b_library_attempts,submitted_at,5,2,NO,database/007_sprint3b_act1_5_placeholder_flow.sql,39,CREATE
F0240,s3b_library_attempts#06,s3b_library_attempts,correct,6,1,YES,database/007_sprint3b_act1_5_placeholder_flow.sql,40,CREATE
F0241,s3b_library_attempts#07,s3b_library_attempts,client_request_id,7,8,NO,database/014_sprint3b_evidence_and_puzzle_integrity.sql,39,ADD
F0242,s3b_player_facts#01,s3b_player_facts,run_id,1,36,NO,database/009_sprint3b_act1_consequence_integrity.sql,4,CREATE
F0243,s3b_player_facts#02,s3b_player_facts,player_id,2,24,NO,database/009_sprint3b_act1_consequence_integrity.sql,5,CREATE
F0244,s3b_player_facts#03,s3b_player_facts,fact_key,3,1,YES,database/009_sprint3b_act1_consequence_integrity.sql,6,CREATE
F0245,s3b_player_facts#04,s3b_player_facts,discovered_at,4,2,NO,database/009_sprint3b_act1_consequence_integrity.sql,7,CREATE
F0246,s3b_player_progress#01,s3b_player_progress,run_id,1,36,NO,database/007_sprint3b_act1_5_placeholder_flow.sql,20,CREATE
F0247,s3b_player_progress#02,s3b_player_progress,player_id,2,24,NO,database/007_sprint3b_act1_5_placeholder_flow.sql,21,CREATE
F0248,s3b_player_progress#03,s3b_player_progress,act1_choice_id,3,1,YES,database/007_sprint3b_act1_5_placeholder_flow.sql,22,CREATE
F0249,s3b_player_progress#04,s3b_player_progress,act1_locked_at,4,1,YES,database/007_sprint3b_act1_5_placeholder_flow.sql,23,CREATE
F0250,s3b_player_progress#05,s3b_player_progress,first_meeting_choice,5,1,YES,database/007_sprint3b_act1_5_placeholder_flow.sql,24,CREATE
F0251,s3b_player_progress#06,s3b_player_progress,first_meeting_locked_at,6,1,YES,database/007_sprint3b_act1_5_placeholder_flow.sql,25,CREATE
F0252,s3b_player_progress#07,s3b_player_progress,grab_complete,7,1,YES,database/007_sprint3b_act1_5_placeholder_flow.sql,26,CREATE
F0253,s3b_player_progress#08,s3b_player_progress,left_start_room,8,1,YES,database/007_sprint3b_act1_5_placeholder_flow.sql,27,CREATE
F0254,s3b_player_progress#09,s3b_player_progress,player_location,9,1,YES,database/007_sprint3b_act1_5_placeholder_flow.sql,28,CREATE
F0255,s3b_player_progress#10,s3b_player_progress,act4_choice_id,10,1,YES,database/007_sprint3b_act1_5_placeholder_flow.sql,29,CREATE
F0256,s3b_player_progress#11,s3b_player_progress,act4_locked_at,11,1,YES,database/007_sprint3b_act1_5_placeholder_flow.sql,30,CREATE
F0257,s3b_player_progress#12,s3b_player_progress,act1_stage,12,1,YES,database/011_sprint3b_transition_and_act1_delivery_integrity.sql,3,ADD
F0258,s3b_player_progress#13,s3b_player_progress,act1_text_keys,13,1,YES,database/011_sprint3b_transition_and_act1_delivery_integrity.sql,4,ADD
F0259,s3b_player_progress#14,s3b_player_progress,route_update_ack_at,14,1,YES,database/012_sprint3b_internal_wrapper_lockdown_and_route_delivery.sql,18,ADD
F0260,s3b_player_progress#15,s3b_player_progress,act1_action_started_at,15,1,YES,database/014_sprint3b_evidence_and_puzzle_integrity.sql,8,ADD
F0261,s3b_player_progress#16,s3b_player_progress,act1_timing_validity,16,1,YES,database/014_sprint3b_evidence_and_puzzle_integrity.sql,9,ADD
F0262,s3b_player_progress#17,s3b_player_progress,first_meeting_started_at,17,1,YES,database/014_sprint3b_evidence_and_puzzle_integrity.sql,10,ADD
F0263,s3b_player_progress#18,s3b_player_progress,first_meeting_timing_validity,18,1,YES,database/014_sprint3b_evidence_and_puzzle_integrity.sql,11,ADD
F0264,s3b_player_progress#19,s3b_player_progress,act4_choice_started_at,19,1,YES,database/014_sprint3b_evidence_and_puzzle_integrity.sql,12,ADD
F0265,s3b_player_progress#20,s3b_player_progress,act4_timing_validity,20,1,YES,database/014_sprint3b_evidence_and_puzzle_integrity.sql,13,ADD
F0266,s3b_player_progress#21,s3b_player_progress,act6_handoff_observed_at,21,1,YES,database/060_package_a_ca_a_bounded_corrections.sql,8,ADD
F0267,s3b_player_progress#22,s3b_player_progress,act6_entered_at,22,2,NO,database/060_package_a_ca_a_bounded_corrections.sql,9,ADD
F0268,s3b_post_inspection_route_votes#01,s3b_post_inspection_route_votes,vote_id,1,1,YES,database/014_sprint3b_evidence_and_puzzle_integrity.sql,73,CREATE
F0269,s3b_post_inspection_route_votes#02,s3b_post_inspection_route_votes,run_id,2,36,NO,database/014_sprint3b_evidence_and_puzzle_integrity.sql,74,CREATE
F0270,s3b_post_inspection_route_votes#03,s3b_post_inspection_route_votes,player_id,3,24,NO,database/014_sprint3b_evidence_and_puzzle_integrity.sql,75,CREATE
F0271,s3b_post_inspection_route_votes#04,s3b_post_inspection_route_votes,decision_key,4,1,YES,database/014_sprint3b_evidence_and_puzzle_integrity.sql,76,CREATE
F0272,s3b_post_inspection_route_votes#05,s3b_post_inspection_route_votes,choice_id,5,7,NO,database/014_sprint3b_evidence_and_puzzle_integrity.sql,78,CREATE
F0273,s3b_post_inspection_route_votes#06,s3b_post_inspection_route_votes,decision_type,6,3,NO,database/014_sprint3b_evidence_and_puzzle_integrity.sql,79,CREATE
F0274,s3b_post_inspection_route_votes#07,s3b_post_inspection_route_votes,behavior_scoring,7,3,NO,database/014_sprint3b_evidence_and_puzzle_integrity.sql,81,CREATE
F0275,s3b_post_inspection_route_votes#08,s3b_post_inspection_route_votes,validity,8,4,NO,database/014_sprint3b_evidence_and_puzzle_integrity.sql,82,CREATE
F0276,s3b_post_inspection_route_votes#09,s3b_post_inspection_route_votes,locked_at,9,7,NO,database/014_sprint3b_evidence_and_puzzle_integrity.sql,83,CREATE
F0277,s3b_run_state#01,s3b_run_state,run_id,1,36,NO,database/007_sprint3b_act1_5_placeholder_flow.sql,4,CREATE
F0278,s3b_run_state#02,s3b_run_state,final_meeting_result,2,1,YES,database/007_sprint3b_act1_5_placeholder_flow.sql,5,CREATE
F0279,s3b_run_state#03,s3b_run_state,failed_rendezvous_completed,3,1,YES,database/007_sprint3b_act1_5_placeholder_flow.sql,6,CREATE
F0280,s3b_run_state#04,s3b_run_state,party_physically_reunited,4,1,YES,database/007_sprint3b_act1_5_placeholder_flow.sql,7,CREATE
F0281,s3b_run_state#05,s3b_run_state,puzzle_started_at,5,1,YES,database/007_sprint3b_act1_5_placeholder_flow.sql,8,CREATE
F0282,s3b_run_state#06,s3b_run_state,puzzle_deadline,6,1,YES,database/007_sprint3b_act1_5_placeholder_flow.sql,9,CREATE
F0283,s3b_run_state#07,s3b_run_state,puzzle_attempt_number,7,1,YES,database/007_sprint3b_act1_5_placeholder_flow.sql,10,CREATE
F0284,s3b_run_state#08,s3b_run_state,puzzle_hint_stage,8,1,YES,database/007_sprint3b_act1_5_placeholder_flow.sql,11,CREATE
F0285,s3b_run_state#09,s3b_run_state,puzzle_resolved_at,9,1,YES,database/007_sprint3b_act1_5_placeholder_flow.sql,12,CREATE
F0286,s3b_run_state#10,s3b_run_state,group_route,10,1,YES,database/007_sprint3b_act1_5_placeholder_flow.sql,13,CREATE
F0287,s3b_run_state#11,s3b_run_state,unknown_passage_inspected,11,1,YES,database/007_sprint3b_act1_5_placeholder_flow.sql,14,CREATE
F0288,s3b_run_state#12,s3b_run_state,terminal_state,12,1,YES,database/007_sprint3b_act1_5_placeholder_flow.sql,15,CREATE
F0289,s3b_run_state#13,s3b_run_state,updated_at,13,7,NO,database/007_sprint3b_act1_5_placeholder_flow.sql,16,CREATE
F0290,s3b_run_state#14,s3b_run_state,pending_post_inspection_route,14,1,YES,database/010_sprint3b_flow_integrity_and_inspect_fix.sql,5,ADD
F0291,s3b_run_state#15,s3b_run_state,puzzle_locked_prefix,15,1,YES,database/011_sprint3b_transition_and_act1_delivery_integrity.sql,5,ADD
F0292,s5_act8_private_choices#01,s5_act8_private_choices,run_id,1,36,NO,database/027_sprint5_act6_8_runtime.sql,22,CREATE
F0293,s5_act8_private_choices#02,s5_act8_private_choices,player_id,2,24,NO,database/027_sprint5_act6_8_runtime.sql,23,CREATE
F0294,s5_act8_private_choices#03,s5_act8_private_choices,choice_id,3,7,NO,database/027_sprint5_act6_8_runtime.sql,23,CREATE
F0295,s5_act8_private_choices#04,s5_act8_private_choices,client_request_id,4,8,NO,database/027_sprint5_act6_8_runtime.sql,24,CREATE
F0296,s5_act8_private_choices#05,s5_act8_private_choices,locked_at,5,7,NO,database/027_sprint5_act6_8_runtime.sql,24,CREATE
F0297,s5_rounds#01,s5_rounds,discussion_session_id,1,5,NO,database/027_sprint5_act6_8_runtime.sql,16,CREATE
F0298,s5_rounds#02,s5_rounds,run_id,2,36,NO,database/027_sprint5_act6_8_runtime.sql,17,CREATE
F0299,s5_rounds#03,s5_rounds,phase_key,3,13,NO,database/027_sprint5_act6_8_runtime.sql,17,CREATE
F0300,s5_rounds#04,s5_rounds,vote_round,4,5,NO,database/027_sprint5_act6_8_runtime.sql,18,CREATE
F0301,s5_rounds#05,s5_rounds,topic_text_key,5,1,YES,database/027_sprint5_act6_8_runtime.sql,18,CREATE
F0302,s5_rounds#06,s5_rounds,status,6,4,NO,database/027_sprint5_act6_8_runtime.sql,18,CREATE
F0303,s5_rounds#07,s5_rounds,resolution_source,7,2,NO,database/027_sprint5_act6_8_runtime.sql,18,CREATE
F0304,s5_rounds#08,s5_rounds,created_at,8,11,NO,database/027_sprint5_act6_8_runtime.sql,19,CREATE
F0305,s5_rounds#09,s5_rounds,resolved_at,9,1,YES,database/027_sprint5_act6_8_runtime.sql,19,CREATE
F0306,s5_run_state#01,s5_run_state,run_id,1,36,NO,database/027_sprint5_act6_8_runtime.sql,2,CREATE
F0307,s5_run_state#02,s5_run_state,act_no,2,4,NO,database/027_sprint5_act6_8_runtime.sql,3,CREATE
F0308,s5_run_state#03,s5_run_state,phase_key,3,13,NO,database/027_sprint5_act6_8_runtime.sql,4,CREATE
F0309,s5_run_state#04,s5_run_state,vote_round,4,5,NO,database/027_sprint5_act6_8_runtime.sql,5,CREATE
F0310,s5_run_state#05,s5_run_state,act6_resolution,5,1,YES,database/027_sprint5_act6_8_runtime.sql,5,CREATE
F0311,s5_run_state#06,s5_run_state,act7_wrong_attempts,6,1,YES,database/027_sprint5_act6_8_runtime.sql,6,CREATE
F0312,s5_run_state#07,s5_run_state,route_taken_act8,7,1,YES,database/027_sprint5_act6_8_runtime.sql,6,CREATE
F0313,s5_run_state#08,s5_run_state,completed_at,8,3,NO,database/027_sprint5_act6_8_runtime.sql,7,CREATE
F0314,s5_run_state#09,s5_run_state,updated_at,9,7,NO,database/027_sprint5_act6_8_runtime.sql,8,CREATE
F0315,s5_run_state#10,s5_run_state,act6_entered_at,10,2,NO,database/059_structural_lifecycle_transition_spine.sql,33,ADD
F0316,s5_votes#01,s5_votes,run_id,1,36,NO,database/027_sprint5_act6_8_runtime.sql,10,CREATE
F0317,s5_votes#02,s5_votes,phase_key,2,13,NO,database/027_sprint5_act6_8_runtime.sql,11,CREATE
F0318,s5_votes#03,s5_votes,vote_round,3,5,NO,database/027_sprint5_act6_8_runtime.sql,11,CREATE
F0319,s5_votes#04,s5_votes,player_id,4,24,NO,database/027_sprint5_act6_8_runtime.sql,11,CREATE
F0320,s5_votes#05,s5_votes,choice_id,5,7,NO,database/027_sprint5_act6_8_runtime.sql,12,CREATE
F0321,s5_votes#06,s5_votes,client_request_id,6,8,NO,database/027_sprint5_act6_8_runtime.sql,12,CREATE
F0322,s5_votes#07,s5_votes,locked_at,7,7,NO,database/027_sprint5_act6_8_runtime.sql,12,CREATE
F0323,s6_action_receipts#01,s6_action_receipts,run_id,1,36,NO,database/035_sprint6_focused_audit_corrections.sql,9,CREATE
F0324,s6_action_receipts#02,s6_action_receipts,player_id,2,24,NO,database/035_sprint6_focused_audit_corrections.sql,10,CREATE
F0325,s6_action_receipts#03,s6_action_receipts,request_id,3,2,NO,database/035_sprint6_focused_audit_corrections.sql,10,CREATE
F0326,s6_action_receipts#04,s6_action_receipts,action_key,4,1,YES,database/035_sprint6_focused_audit_corrections.sql,11,CREATE
F0327,s6_action_receipts#05,s6_action_receipts,payload,5,1,YES,database/035_sprint6_focused_audit_corrections.sql,11,CREATE
F0328,s6_action_receipts#06,s6_action_receipts,result,6,1,YES,database/035_sprint6_focused_audit_corrections.sql,11,CREATE
F0329,s6_action_receipts#07,s6_action_receipts,created_at,7,11,NO,database/035_sprint6_focused_audit_corrections.sql,11,CREATE
F0330,s6_allocation_attempts#01,s6_allocation_attempts,attempt_id,1,1,YES,database/035_sprint6_focused_audit_corrections.sql,14,CREATE
F0331,s6_allocation_attempts#02,s6_allocation_attempts,run_id,2,36,NO,database/035_sprint6_focused_audit_corrections.sql,15,CREATE
F0332,s6_allocation_attempts#03,s6_allocation_attempts,round_no,3,4,NO,database/035_sprint6_focused_audit_corrections.sql,15,CREATE
F0333,s6_allocation_attempts#04,s6_allocation_attempts,player_id,4,24,NO,database/035_sprint6_focused_audit_corrections.sql,15,CREATE
F0334,s6_allocation_attempts#05,s6_allocation_attempts,role_key,5,4,NO,database/035_sprint6_focused_audit_corrections.sql,16,CREATE
F0335,s6_allocation_attempts#06,s6_allocation_attempts,request_id,6,2,NO,database/035_sprint6_focused_audit_corrections.sql,16,CREATE
F0336,s6_allocation_attempts#07,s6_allocation_attempts,submitted_at,7,2,NO,database/035_sprint6_focused_audit_corrections.sql,16,CREATE
F0337,s6_allocations#01,s6_allocations,run_id,1,36,NO,database/033_sprint6_act9_13_runtime.sql,16,CREATE
F0338,s6_allocations#02,s6_allocations,player_id,2,24,NO,database/033_sprint6_act9_13_runtime.sql,16,CREATE
F0339,s6_allocations#03,s6_allocations,role_key,3,4,NO,database/033_sprint6_act9_13_runtime.sql,16,CREATE
F0340,s6_allocations#04,s6_allocations,client_request_id,4,8,NO,database/033_sprint6_act9_13_runtime.sql,16,CREATE
F0341,s6_allocations#05,s6_allocations,locked_at,5,7,NO,database/033_sprint6_act9_13_runtime.sql,16,CREATE
F0342,s6_audio_consumptions#01,s6_audio_consumptions,occurrence_id,1,3,NO,database/037_level3_independent_audit_closure.sql,34,CREATE
F0343,s6_audio_consumptions#02,s6_audio_consumptions,player_id,2,24,NO,database/037_level3_independent_audit_closure.sql,35,CREATE
F0344,s6_audio_consumptions#03,s6_audio_consumptions,outcome,3,2,NO,database/037_level3_independent_audit_closure.sql,36,CREATE
F0345,s6_audio_consumptions#04,s6_audio_consumptions,consumed_at,4,1,YES,database/037_level3_independent_audit_closure.sql,37,CREATE
F0346,s6_audio_occurrences#01,s6_audio_occurrences,occurrence_id,1,3,NO,database/037_level3_independent_audit_closure.sql,22,CREATE
F0347,s6_audio_occurrences#02,s6_audio_occurrences,run_id,2,36,NO,database/037_level3_independent_audit_closure.sql,23,CREATE
F0348,s6_audio_occurrences#03,s6_audio_occurrences,cue_key,3,1,YES,database/037_level3_independent_audit_closure.sql,24,CREATE
F0349,s6_audio_occurrences#04,s6_audio_occurrences,phase_key,4,13,NO,database/037_level3_independent_audit_closure.sql,25,CREATE
F0350,s6_audio_occurrences#05,s6_audio_occurrences,cinematic_stage,5,2,NO,database/037_level3_independent_audit_closure.sql,26,CREATE
F0351,s6_audio_occurrences#06,s6_audio_occurrences,triggered_at,6,1,YES,database/037_level3_independent_audit_closure.sql,27,CREATE
F0352,s6_choices#01,s6_choices,run_id,1,36,NO,database/033_sprint6_act9_13_runtime.sql,15,CREATE
F0353,s6_choices#02,s6_choices,phase_key,2,13,NO,database/033_sprint6_act9_13_runtime.sql,15,CREATE
F0354,s6_choices#03,s6_choices,round_no,3,4,NO,database/033_sprint6_act9_13_runtime.sql,15,CREATE
F0355,s6_choices#04,s6_choices,player_id,4,24,NO,database/033_sprint6_act9_13_runtime.sql,15,CREATE
F0356,s6_choices#05,s6_choices,choice_id,5,7,NO,database/033_sprint6_act9_13_runtime.sql,15,CREATE
F0357,s6_choices#06,s6_choices,client_request_id,6,8,NO,database/033_sprint6_act9_13_runtime.sql,15,CREATE
F0358,s6_choices#07,s6_choices,response_latency_ms,7,1,YES,database/033_sprint6_act9_13_runtime.sql,15,CREATE
F0359,s6_choices#08,s6_choices,role_context,8,1,YES,database/033_sprint6_act9_13_runtime.sql,15,CREATE
F0360,s6_choices#09,s6_choices,locked_at,9,7,NO,database/033_sprint6_act9_13_runtime.sql,15,CREATE
F0361,s6_choices#10,s6_choices,action_step,10,1,YES,database/049_sprint8_final_closure.sql,5,ADD
F0362,s6_engagements#01,s6_engagements,run_id,1,36,NO,database/033_sprint6_act9_13_runtime.sql,17,CREATE
F0363,s6_engagements#02,s6_engagements,role_key,2,4,NO,database/033_sprint6_act9_13_runtime.sql,17,CREATE
F0364,s6_engagements#03,s6_engagements,player_id,3,24,NO,database/033_sprint6_act9_13_runtime.sql,17,CREATE
F0365,s6_engagements#04,s6_engagements,engaged_at,4,1,YES,database/033_sprint6_act9_13_runtime.sql,17,CREATE
F0366,s6_private_clues#01,s6_private_clues,run_id,1,36,NO,database/033_sprint6_act9_13_runtime.sql,14,CREATE
F0367,s6_private_clues#02,s6_private_clues,player_id,2,24,NO,database/033_sprint6_act9_13_runtime.sql,14,CREATE
F0368,s6_private_clues#03,s6_private_clues,act_no,3,4,NO,database/033_sprint6_act9_13_runtime.sql,14,CREATE
F0369,s6_private_clues#04,s6_private_clues,knowledge_key,4,3,NO,database/033_sprint6_act9_13_runtime.sql,14,CREATE
F0370,s6_private_clues#05,s6_private_clues,text_key,5,2,NO,database/033_sprint6_act9_13_runtime.sql,14,CREATE
F0371,s6_private_clues#06,s6_private_clues,delivered_at,6,2,NO,database/033_sprint6_act9_13_runtime.sql,14,CREATE
F0372,s6_run_state#01,s6_run_state,run_id,1,36,NO,database/033_sprint6_act9_13_runtime.sql,3,CREATE
F0373,s6_run_state#02,s6_run_state,act_no,2,4,NO,database/033_sprint6_act9_13_runtime.sql,4,CREATE
F0374,s6_run_state#03,s6_run_state,phase_key,3,13,NO,database/033_sprint6_act9_13_runtime.sql,4,CREATE
F0375,s6_run_state#04,s6_run_state,act9_step,4,1,YES,database/033_sprint6_act9_13_runtime.sql,5,CREATE
F0376,s6_run_state#05,s6_run_state,round_no,5,4,NO,database/033_sprint6_act9_13_runtime.sql,5,CREATE
F0377,s6_run_state#06,s6_run_state,red_activated,6,1,YES,database/033_sprint6_act9_13_runtime.sql,5,CREATE
F0378,s6_run_state#07,s6_run_state,blue_activated,7,1,YES,database/033_sprint6_act9_13_runtime.sql,6,CREATE
F0379,s6_run_state#08,s6_run_state,gold_key,8,1,YES,database/033_sprint6_act9_13_runtime.sql,6,CREATE
F0380,s6_run_state#09,s6_run_state,alarm_active,9,1,YES,database/033_sprint6_act9_13_runtime.sql,7,CREATE
F0381,s6_run_state#10,s6_run_state,station_c_bypassed,10,1,YES,database/033_sprint6_act9_13_runtime.sql,7,CREATE
F0382,s6_run_state#11,s6_run_state,danger_arrives_sooner,11,1,YES,database/033_sprint6_act9_13_runtime.sql,7,CREATE
F0383,s6_run_state#12,s6_run_state,allocation_valid,12,1,YES,database/033_sprint6_act9_13_runtime.sql,8,CREATE
F0384,s6_run_state#13,s6_run_state,mechanism_failure_station,13,1,YES,database/033_sprint6_act9_13_runtime.sql,8,CREATE
F0385,s6_run_state#14,s6_run_state,mechanism_failure_active,14,1,YES,database/033_sprint6_act9_13_runtime.sql,9,CREATE
F0386,s6_run_state#15,s6_run_state,failure_resolution,15,1,YES,database/033_sprint6_act9_13_runtime.sql,10,CREATE
F0387,s6_run_state#16,s6_run_state,escape_success,16,1,YES,database/033_sprint6_act9_13_runtime.sql,10,CREATE
F0388,s6_run_state#17,s6_run_state,act14_boundary_reached,17,1,YES,database/033_sprint6_act9_13_runtime.sql,11,CREATE
F0389,s6_run_state#18,s6_run_state,updated_at,18,7,NO,database/033_sprint6_act9_13_runtime.sql,11,CREATE
F0390,s6_run_state#19,s6_run_state,feedback_text_keys,19,1,YES,database/035_sprint6_focused_audit_corrections.sql,4,ADD
F0391,s6_run_state#20,s6_run_state,feedback_audio_key,20,1,YES,database/035_sprint6_focused_audit_corrections.sql,5,ADD
F0392,s6_run_state#21,s6_run_state,cinematic_stage,21,2,NO,database/035_sprint6_focused_audit_corrections.sql,6,ADD
F0393,s6_run_state#22,s6_run_state,stage_started_at,22,1,YES,database/035_sprint6_focused_audit_corrections.sql,7,ADD
F0394,s6_run_state#23,s6_run_state,feedback_audio_occurrence_id,23,1,YES,database/037_level3_independent_audit_closure.sql,44,ADD
F0395,s6_station_b_progress#01,s6_station_b_progress,run_id,1,36,NO,database/036_sprint6_four_open_findings.sql,3,CREATE
F0396,s6_station_b_progress#02,s6_station_b_progress,player_id,2,24,NO,database/036_sprint6_four_open_findings.sql,4,CREATE
F0397,s6_station_b_progress#03,s6_station_b_progress,stage,3,1,YES,database/036_sprint6_four_open_findings.sql,5,CREATE
F0398,s6_station_b_progress#04,s6_station_b_progress,held_at,4,1,YES,database/036_sprint6_four_open_findings.sql,6,CREATE
F0399,s6_station_b_progress#05,s6_station_b_progress,centered_at,5,1,YES,database/036_sprint6_four_open_findings.sql,7,CREATE
F0400,s6_station_tasks#01,s6_station_tasks,run_id,1,36,NO,database/035_sprint6_focused_audit_corrections.sql,19,CREATE
F0401,s6_station_tasks#02,s6_station_tasks,role_key,2,4,NO,database/035_sprint6_focused_audit_corrections.sql,20,CREATE
F0402,s6_station_tasks#03,s6_station_tasks,player_id,3,24,NO,database/035_sprint6_focused_audit_corrections.sql,20,CREATE
F0403,s6_station_tasks#04,s6_station_tasks,task_key,4,1,YES,database/035_sprint6_focused_audit_corrections.sql,20,CREATE
F0404,s6_station_tasks#05,s6_station_tasks,completed_at,5,3,NO,database/035_sprint6_focused_audit_corrections.sql,21,CREATE
F0405,s8_finalizations#01,s8_finalizations,run_id,1,36,NO,database/046_sprint8_act14_finalization_export.sql,10,CREATE
F0406,s8_finalizations#02,s8_finalizations,finalized_at,2,1,YES,database/046_sprint8_act14_finalization_export.sql,11,CREATE
F0407,s8_finalizations#03,s8_finalizations,finalized_by,3,1,YES,database/046_sprint8_act14_finalization_export.sql,12,CREATE
F0408,s8_finalizations#04,s8_finalizations,client_request_id,4,8,NO,database/046_sprint8_act14_finalization_export.sql,13,CREATE
F0409,s8_finalizations#05,s8_finalizations,integrity_report,5,1,YES,database/046_sprint8_act14_finalization_export.sql,14,CREATE
F0410,s8_finalizations#06,s8_finalizations,export_schema_version,6,1,YES,database/046_sprint8_act14_finalization_export.sql,15,CREATE
F0411,s9_pocket_item_inspections#01,s9_pocket_item_inspections,run_id,1,36,NO,database/068_package_c_authoritative_pocket_inspection.sql,4,CREATE
F0412,s9_pocket_item_inspections#02,s9_pocket_item_inspections,player_id,2,24,NO,database/068_package_c_authoritative_pocket_inspection.sql,5,CREATE
F0413,s9_pocket_item_inspections#03,s9_pocket_item_inspections,item_key,3,5,NO,database/068_package_c_authoritative_pocket_inspection.sql,6,CREATE
F0414,s9_pocket_item_inspections#04,s9_pocket_item_inspections,inspected_at,4,1,YES,database/068_package_c_authoritative_pocket_inspection.sql,7,CREATE
F0415,teacher_override_validity#01,teacher_override_validity,override_id,1,2,NO,database/015_sprint3c_minimal_safe_teacher_override.sql,20,CREATE
F0416,teacher_override_validity#02,teacher_override_validity,run_id,2,36,NO,database/015_sprint3c_minimal_safe_teacher_override.sql,21,CREATE
F0417,teacher_override_validity#03,teacher_override_validity,player_id,3,24,NO,database/015_sprint3c_minimal_safe_teacher_override.sql,22,CREATE
F0418,teacher_override_validity#04,teacher_override_validity,semantic_field,4,1,YES,database/015_sprint3c_minimal_safe_teacher_override.sql,23,CREATE
F0419,teacher_override_validity#05,teacher_override_validity,value,5,1,YES,database/015_sprint3c_minimal_safe_teacher_override.sql,24,CREATE
F0420,teacher_override_validity#06,teacher_override_validity,validity,6,4,NO,database/015_sprint3c_minimal_safe_teacher_override.sql,25,CREATE
F0421,teacher_overrides#01,teacher_overrides,override_id,1,2,NO,database/015_sprint3c_minimal_safe_teacher_override.sql,4,CREATE
F0422,teacher_overrides#02,teacher_overrides,run_id,2,36,NO,database/015_sprint3c_minimal_safe_teacher_override.sql,5,CREATE
F0423,teacher_overrides#03,teacher_overrides,source_scene,3,1,YES,database/015_sprint3c_minimal_safe_teacher_override.sql,6,CREATE
F0424,teacher_overrides#04,teacher_overrides,source_phase,4,1,YES,database/015_sprint3c_minimal_safe_teacher_override.sql,7,CREATE
F0425,teacher_overrides#05,teacher_overrides,source_step,5,1,YES,database/015_sprint3c_minimal_safe_teacher_override.sql,8,CREATE
F0426,teacher_overrides#06,teacher_overrides,override_action,6,1,YES,database/015_sprint3c_minimal_safe_teacher_override.sql,9,CREATE
F0427,teacher_overrides#07,teacher_overrides,applied_resolution,7,1,YES,database/015_sprint3c_minimal_safe_teacher_override.sql,10,CREATE
F0428,teacher_overrides#08,teacher_overrides,resolution_source,8,2,NO,database/015_sprint3c_minimal_safe_teacher_override.sql,11,CREATE
F0429,teacher_overrides#09,teacher_overrides,reason,9,1,YES,database/015_sprint3c_minimal_safe_teacher_override.sql,12,CREATE
F0430,teacher_overrides#10,teacher_overrides,invalidated_scope,10,1,YES,database/015_sprint3c_minimal_safe_teacher_override.sql,13,CREATE
F0431,teacher_overrides#11,teacher_overrides,behavior_scoring,11,3,NO,database/015_sprint3c_minimal_safe_teacher_override.sql,14,CREATE
F0432,teacher_overrides#12,teacher_overrides,created_at,12,11,NO,database/015_sprint3c_minimal_safe_teacher_override.sql,15,CREATE
