text_key,scene_usage,text_type,display_policy,english_master,nederlands,chinese,v4_status,notes
common.001,Opening / shared controls,static,bilingual,The clock is ticking. Danger is getting closer.,De klok tikt. Het gevaar komt dichterbij.,时间正在流逝。危险正在逼近。,REUSED_REVIEWED,
common.002,Opening / shared controls,static,bilingual,Don't overthink every choice. React as you would in the moment.,Denk niet te lang na over elke keuze. Reageer zoals je op dat moment zou doen.,不要对每个选择都想太久。像你在当下真实会做的那样反应。,REUSED_REVIEWED,
common.003,Opening / shared controls,static,bilingual,"Once you choose, you cannot change that first choice.","Zodra je kiest, kun je die eerste keuze niet meer veranderen.",一旦做出选择，你就不能更改第一次选择。,REUSED_REVIEWED,
common.004,Opening / shared controls,static,bilingual,[CONTINUE],[DOORGAAN],[继续],REUSED_REVIEWED,
common.005,Opening / shared controls,static,bilingual,[CLOSE],[SLUITEN],[关闭],REUSED_REVIEWED,
act01-g.001,ACT 1 — Gitte,static,bilingual,"A low, sticky, wet-sounding voice keeps whispering:","Een lage, kleverige, nat klinkende stem blijft fluisteren:",一个低沉、黏糊、湿漉漉的声音在反复低语：,REUSED_REVIEWED,
act01-g.002,ACT 1 — Gitte,static,bilingual,The Snake King in the Chapel... is very angry.,De Slangenkoning in de kapel... is heel kwaad.,礼拜堂里的蛇王……很生气。,REUSED_REVIEWED,
act01-g.003,ACT 1 — Gitte,static,bilingual,You wake up in an old wooden bed. The voice is gone.,Je wordt wakker in een oud houten bed. De stem is weg.,你在一张旧木床上醒来。那个声音消失了。,REUSED_REVIEWED,
act01-g.004,ACT 1 — Gitte,static,bilingual,TIME — 23:47,TIJD — 23:47,时间 — 23:47,REUSED_REVIEWED,
act01-g.005,ACT 1 — Gitte,static,bilingual,NO SIGNAL,GEEN SIGNAAL,无信号,REUSED_REVIEWED,
act01-g.006,ACT 1 — Gitte,static,bilingual,01 Gitte’s Room,01 Gittes kamer,01 Gitte的房间,UPDATED_V4,Typography aligned with V4.0.
act01-g.007,ACT 1 — Gitte,static,bilingual,4 – 1 – 7 – 3 – 9,4 – 1 – 7 – 3 – 9,4 – 1 – 7 – 3 – 9,REUSED_REVIEWED,
act01-g.008,ACT 1 — Gitte,static,bilingual,LEAVE BEFORE MIDNIGHT,VERTREK VOOR MIDDERNACHT,午夜前离开,REUSED_REVIEWED,
act01-g.009,ACT 1 — Gitte,static,bilingual,Library,Bibliotheek,图书馆,REUSED_REVIEWED,
common.006,COMMON / Map location,static,bilingual,Main Hall,Hoofdhal,主厅,NEW_V4,Added because V4.0 map now explicitly contains Main Hall.
act01-g.010,ACT 1 — Gitte,static,bilingual,Great Hall,Grote Zaal,大厅,REUSED_REVIEWED,
act01-g.011,ACT 1 — Gitte,static,bilingual,Main Gate,Hoofdpoort,主门,REUSED_REVIEWED,
act01-g.012,ACT 1 — Gitte,static,bilingual,West Tower,Westtoren,西塔,REUSED_REVIEWED,
act01-g.013,ACT 1 — Gitte,static,bilingual,Chapel,Kapel,礼拜堂,REUSED_REVIEWED,
act01-g.014,ACT 1 — Gitte,static,bilingual,Portrait Hall,Portrettengalerij,肖像长廊,REUSED_REVIEWED,
act01-g.015,ACT 1 — Gitte,static,bilingual,Clock Room,Klokkenkamer,钟表室,REUSED_REVIEWED,
act01-g.016,ACT 1 — Gitte,static,bilingual,Bang.,Boem.,咚。,REUSED_REVIEWED,
act01-g.017,ACT 1 — Gitte,static,bilingual,Something seems to hit the wall.,Het klinkt alsof er iets tegen de muur botst.,像有东西撞上了墙。,REUSED_REVIEWED,
act01-g.018,ACT 1 — Gitte,static,bilingual,What do you do first?,Wat doe je eerst?,你首先做什么？,REUSED_REVIEWED,
act01-g.019,ACT 1 — Gitte,static,bilingual,Study the map carefully.,Bestudeer de kaart zorgvuldig.,仔细研究地图。,REUSED_REVIEWED,
act01-g.020,ACT 1 — Gitte,static,bilingual,Check the noise at the door immediately.,Ga meteen bij de deur kijken waar het geluid vandaan kwam.,立即去门边查看声音。,REUSED_REVIEWED,
act01-g.021,ACT 1 — Gitte,static,bilingual,Study the number note carefully.,Bestudeer het briefje met de cijfers zorgvuldig.,仔细研究数字纸条。,REUSED_REVIEWED,
act01-g.022,ACT 1 — Gitte,static,bilingual,Search the room.,Doorzoek de kamer.,搜索房间。,REUSED_REVIEWED,
act01-g.023,ACT 1 — Gitte,static,bilingual,The Library has clear routes connecting different areas.,De Bibliotheek heeft duidelijke routes die verschillende delen met elkaar verbinden.,图书馆有明确通路连接不同区域。,REUSED_REVIEWED,
act01-g.024,ACT 1 — Gitte,static,bilingual,There is an inner iron-gate structure near the Great Hall.,Bij de Grote Zaal is een constructie met een ijzeren binnenpoort.,大厅附近有一处内侧铁门结构。,REUSED_REVIEWED,
act01-g.025,ACT 1 — Gitte,static,bilingual,You move to the door and look outside.,Je gaat naar de deur en kijkt naar buiten.,你走到门边向外看。,REUSED_REVIEWED,
act01-g.026,ACT 1 — Gitte,static,bilingual,A shadow darts past at the end of the corridor.,Aan het einde van de gang schiet een schaduw voorbij.,走廊尽头有一个人影快速闪过。,REUSED_REVIEWED,
act01-g.027,ACT 1 — Gitte,static,bilingual,"A few seconds later, you hear metal scraping in the distance.",Een paar seconden later hoor je in de verte metaal schuren.,几秒后，你听见远处传来金属摩擦声。,REUSED_REVIEWED,
act01-g.028,ACT 1 — Gitte,static,bilingual,[FLIP],[OMDRAAIEN],[翻面],REUSED_REVIEWED,
act01-g.029,ACT 1 — Gitte,static,bilingual,★,★,★,REUSED_REVIEWED,
act01-g.030,ACT 1 — Gitte,static,bilingual,You find an old flashlight under the bed.,Onder het bed vind je een oude zaklamp.,你在床下找到一只旧手电筒。,REUSED_REVIEWED,
act01-g.031,ACT 1 — Gitte,static,bilingual,Waiting for the others...,Wachten op de anderen...,等待其他人……,REUSED_REVIEWED,
act01-g.032,ACT 1 — Gitte,static,bilingual,Ready,Klaar,已准备,REUSED_REVIEWED,
act01-g.033,ACT 1 — Gitte,static,bilingual,Waiting,Wachten,等待中,REUSED_REVIEWED,
act01-a.001,ACT 1 — Anna,static,bilingual,You wake up sitting on the cold floor.,Je wordt wakker terwijl je op de koude vloer zit.,你醒来时正坐在冰冷的地板上。,REUSED_REVIEWED,
act01-a.002,ACT 1 — Anna,static,bilingual,02 Anna’s Room,02 Anna's kamer,02 Anna的房间,UPDATED_V4,Typography aligned with V4.0.
act01-a.003,ACT 1 — Anna,static,bilingual,M. DE WIT — 1897,M. DE WIT — 1897,M. DE WIT — 1897,REUSED_REVIEWED,
act01-a.004,ACT 1 — Anna,static,bilingual,EAST GUEST WING,OOSTELIJKE GASTENVLEUGEL,东侧客房区,REUSED_REVIEWED,
act01-a.005,ACT 1 — Anna,static,bilingual,"AFTER THE NIGHT BELL, THE GREAT HALL OUTER ACCESS IS SEALED FROM INSIDE.",NA DE NACHTKLOK WORDT DE BUITENTOEGANG TOT DE GROTE ZAAL VAN BINNENUIT AFGESLOTEN.,夜钟响过后，大厅的外部入口会从内部封闭。,REUSED_REVIEWED,
act01-a.006,ACT 1 — Anna,static,bilingual,Read the diary.,Lees het dagboek.,阅读日记。,REUSED_REVIEWED,
act01-a.007,ACT 1 — Anna,static,bilingual,Check the wooden door.,Controleer de houten deur.,检查木门。,REUSED_REVIEWED,
act01-a.008,ACT 1 — Anna,static,bilingual,Check your phone.,Kijk op je telefoon.,查看手机。,REUSED_REVIEWED,
act01-a.009,ACT 1 — Anna,static,bilingual,Inspect the vent.,Controleer het ventilatierooster.,检查通风口。,REUSED_REVIEWED,
act01-a.010,ACT 1 — Anna,static,bilingual,"Near midnight, the old heating passages warm again. The snakes leave the lower tunnels.",Rond middernacht worden de oude verwarmingsgangen weer warm. De slangen verlaten de lagere tunnels.,接近午夜时，旧暖气通道会再次变暖。蛇会离开地下通道。,REUSED_REVIEWED,
act01-a.011,ACT 1 — Anna,static,bilingual,The lock can be opened from inside.,Het slot kan van binnenuit worden geopend.,门锁可以从内部打开。,REUSED_REVIEWED,
act01-a.012,ACT 1 — Anna,static,bilingual,There are old scratches on the back of the lock.,Aan de achterkant van het slot zitten oude krassen.,锁背面有旧刻痕。,REUSED_REVIEWED,
act01-a.013,ACT 1 — Anna,static,bilingual,LIBRARY — CENTRAL PASSAGE,BIBLIOTHEEK — CENTRALE DOORGANG,图书馆 — 中央通道,REUSED_REVIEWED,
act01-a.014,ACT 1 — Anna,static,bilingual,LOCAL DEVICES DETECTED: 2,LOKALE APPARATEN GEDETECTEERD: 2,检测到本地设备：2,REUSED_REVIEWED,
act01-a.015,ACT 1 — Anna,static,bilingual,You feel an unusually warm draft.,Je voelt een ongewoon warme luchtstroom.,你感觉到一股异常温热的空气。,REUSED_REVIEWED,
act01-a.016,ACT 1 — Anna,static,bilingual,A faint scraping sound comes from inside.,Van binnen klinkt een heel zacht schurend geluid.,里面传来很轻的摩擦声。,REUSED_REVIEWED,
act01-l.001,ACT 1 — Linda,static,bilingual,You wake up in a small study.,Je wordt wakker in een kleine studeerkamer.,你在一间小书房里醒来。,REUSED_REVIEWED,
act01-l.002,ACT 1 — Linda,static,bilingual,TIME — 23:49,TIJD — 23:49,时间 — 23:49,REUSED_REVIEWED,
act01-l.003,ACT 1 — Linda,static,bilingual,03 Linda’s Study,03 Linda's studeerkamer,03 Linda的书房,UPDATED_V4,Use 'studeerkamer' for Study.
act01-l.004,ACT 1 — Linda,static,bilingual,23:49,23:49,23:49,REUSED_REVIEWED,
act01-l.005,ACT 1 — Linda,static,bilingual,★ SILVER KEY,★ ZILVEREN SLEUTEL,★ 银钥匙,REUSED_REVIEWED,
act01-l.006,ACT 1 — Linda,static,bilingual,You stand up and hit the edge of the desk.,Je staat op en stoot tegen de rand van het bureau.,你站起来时撞到了桌边。,REUSED_REVIEWED,
act01-l.007,ACT 1 — Linda,static,bilingual,The heavy book falls to the floor.,Het zware boek valt op de vloer.,那本厚重的书掉到了地上。,REUSED_REVIEWED,
act01-l.008,ACT 1 — Linda,static,bilingual,A yellowed paper slips out from between the pages.,Een vergeeld vel papier glijdt tussen de bladzijden vandaan.,一张泛黄的纸从书页之间滑了出来。,REUSED_REVIEWED,
act01-l.009,ACT 1 — Linda,static,nl_only_artifact,MUNICIPALITY OF LAARNE,GEMEENTE LAARNE,拉尔讷市政府,UPDATED_V4,1897 artifact; Dutch-only at runtime. Runtime displays Dutch only; Chinese is review-only.
act01-l.010,ACT 1 — Linda,static,nl_only_artifact,CLOSURE ORDER — 01. 04. 1897,SLUITINGSBEVEL — 01. 04. 1897,封闭令 — 1897.04.01,UPDATED_V4,1897 artifact; Dutch-only at runtime. Runtime displays Dutch only; Chinese is review-only.
act01-l.011,ACT 1 — Linda,static,nl_only_artifact,WEST TOWER CLOSED UNTIL FURTHER NOTICE,WESTTOREN TOT NADER ORDER GESLOTEN,西塔关闭，直至另行通知,UPDATED_V4,1897 artifact; Dutch-only at runtime. Runtime displays Dutch only; Chinese is review-only.
act01-l.012,ACT 1 — Linda,static,bilingual,Read the municipal closure notice carefully.,Lees het gemeentelijke sluitingsbevel zorgvuldig.,仔细阅读政府封闭通知。,REUSED_REVIEWED,
act01-l.013,ACT 1 — Linda,static,bilingual,Examine the pocket watch.,Onderzoek het zakhorloge.,研究怀表。,REUSED_REVIEWED,
act01-l.014,ACT 1 — Linda,static,bilingual,Try the ★ Silver Key in the door.,Probeer de ★ zilveren sleutel in de deur.,用★银钥匙试门。,REUSED_REVIEWED,
act01-l.015,ACT 1 — Linda,static,bilingual,Check behind the cracked mirror.,Kijk achter de gebarsten spiegel.,检查碎镜子背后。,REUSED_REVIEWED,
act01-l.016,ACT 1 — Linda,static,nl_only_artifact,"By order of the Municipality of Laarne, the West Tower and the adjoining western service passages are closed until further notice because of unsafe masonry and reports of venomous snakes. Entry is forbidden.",Op bevel van de Gemeente Laarne worden de Westtoren en de aangrenzende westelijke dienstgangen tot nader order gesloten wegens onveilige toestand van het metselwerk en meldingen van giftige slangen. Toegang verboden.,奉拉尔讷市政府命令，西塔及相邻的西侧服务通道因砌体结构存在安全隐患并有毒蛇出没报告而关闭，直至另行通知。禁止进入。,UPDATED_V4,1897 artifact; Dutch-only at runtime. Chinese retained here only for review. Runtime displays Dutch only; Chinese is review-only.
act01-l.017,ACT 1 — Linda,static,bilingual,REMEMBER WHEN YOU WOKE.,ONTHOUD WANNEER JE WAKKER WERD.,记住你醒来的时间。,REUSED_REVIEWED,
act01-l.018,ACT 1 — Linda,static,bilingual,"The silver key fits into the keyhole, but it won't turn.","De zilveren sleutel past in het sleutelgat, maar draait niet.",银钥匙能插进锁孔，但转不动。,REUSED_REVIEWED,
act01-l.019,ACT 1 — Linda,static,bilingual,It cannot open this door.,Deze deur gaat er niet mee open.,它打不开这扇门。,REUSED_REVIEWED,
act01-l.020,ACT 1 — Linda,static,bilingual,There is writing carved into the stone behind the mirror frame.,Achter de spiegellijst staat tekst in de steen gekrast.,镜框背后的石墙上刻着文字。,REUSED_REVIEWED,
act01-l.021,ACT 1 — Linda,static,bilingual,"WHEN THE LAST BELL RINGS, DO NOT FOLLOW THE WARM AIR.","ALS DE LAATSTE KLOK SLAAT, VOLG DAN DE WARME LUCHT NIET.",当最后的钟声响起时，不要跟着暖空气走。,REUSED_REVIEWED,
act02.001,ACT 2 — First Contact,static,bilingual,TIME — 23:50,TIJD — 23:50,时间 — 23:50,REUSED_REVIEWED,
act02.002,ACT 2 — First Contact,static,bilingual,SIGNAL UNSTABLE,SIGNAAL ONSTABIEL,信号不稳定,REUSED_REVIEWED,
act02.003,ACT 2 — First Contact,static,bilingual,You only have time to send one message before you move.,Je hebt alleen tijd om één bericht te sturen voordat je moet vertrekken.,你只有时间发送一条消息，然后就必须行动。,REUSED_REVIEWED,
act02.004,ACT 2 — First Contact,static,bilingual,I'm heading to the Library.,Ik ga naar de Bibliotheek.,我去图书馆。,REUSED_REVIEWED,
act02.005,ACT 2 — First Contact,static,bilingual,I'm heading to the Great Hall.,Ik ga naar de Grote Zaal.,我去大厅。,REUSED_REVIEWED,
act02.006,ACT 2 — First Contact,static,bilingual,I'm heading to the Main Gate.,Ik ga naar de Hoofdpoort.,我去主门。,REUSED_REVIEWED,
act02.007,ACT 2 — First Contact,static,bilingual,I'm heading to the West Tower.,Ik ga naar de Westtoren.,我去西塔。,REUSED_REVIEWED,
act02.008,ACT 2 — First Contact,static,bilingual,I'm heading to the Chapel.,Ik ga naar de Kapel.,我去礼拜堂。,REUSED_REVIEWED,
act02.009,ACT 2 — First Contact,static,bilingual,"Help! I have to move. Scared, don't know where to go. Where to meet?",Help! Ik moet weg. Ik ben bang en weet niet waarheen. Waar spreken we af?,救命！我必须离开这里。我很害怕，不知道该去哪。我们在哪里会合？,REUSED_REVIEWED,
act02.010,ACT 2 — First Contact,template,bilingual,{player_display_name} → {location},{player_display_name} → {location},{player_display_name} → {location},UPDATED_V4,Runtime template; location value must already be localized.
act02.011,ACT 2 — First Contact,template,bilingual,"{player_display_name} → Help! I have to move. Scared, don't know where to go. Where to meet?",{player_display_name} → Help! Ik moet weg. Ik ben bang en weet niet waar ik heen moet. Waar spreken we af?,{player_display_name} → 救命！我得离开这里。我很害怕，不知道该去哪里。我们在哪里会合？,UPDATED_V4,Runtime template; do not hard-code a player name.
act02.012,ACT 2 — First Contact,static,bilingual,Take what you may need.,Neem mee wat je nodig kunt hebben.,带上你可能会需要的东西。,REUSED_REVIEWED,
act02.013,ACT 2 — First Contact,static,bilingual,The castle rarely gives anyone a second chance.,Het kasteel geeft zelden iemand een tweede kans.,这座城堡很少给人第二次机会。,REUSED_REVIEWED,
act02.014,ACT 2 — First Contact,static,bilingual,[GRAB],[MEENEMEN],[拿上],REUSED_REVIEWED,
act02.015,ACT 2 — First Contact,static,bilingual,POCKET,INVENTARIS,随身物品,REUSED_REVIEWED,
act02.016,ACT 2 — First Contact,static,bilingual,MY ITEMS,MIJN VOORWERPEN,我的物品,REUSED_REVIEWED,
act02.017,ACT 2 — First Contact,static,bilingual,MY MEMORIES & OBSERVATIONS,MIJN HERINNERINGEN & WAARNEMINGEN,我的记忆与观察,REUSED_REVIEWED,
act02.018,ACT 2 — First Contact,static,bilingual,SHARED PHOTOS,GEDEELDE FOTO'S,共享照片,REUSED_REVIEWED,
act02.019,ACT 2 — First Contact,static,bilingual,The voice in my dream said the Snake King in the Chapel was very angry.,De stem in mijn droom zei dat de Slangenkoning in de kapel heel kwaad was.,梦里的声音说，礼拜堂里的蛇王非常生气。,REUSED_REVIEWED,
act02.020,ACT 2 — First Contact,static,bilingual,I saw a shadow move at the end of the corridor.,Ik zag aan het einde van de gang een schaduw bewegen.,我看到走廊尽头有一个影子在移动。,REUSED_REVIEWED,
act02.021,ACT 2 — First Contact,static,bilingual,"Warm air came through the vent, with a faint scraping sound.","Er kwam warme lucht door het ventilatierooster, met een zacht schurend geluid.",暖空气从通风口吹进来，还伴随着轻微的摩擦声。,REUSED_REVIEWED,
act02.022,ACT 2 — First Contact,static,bilingual,You grab what you can and leave the room.,Je grijpt wat je kunt meenemen en verlaat de kamer.,你拿上能带走的东西，离开了房间。,REUSED_REVIEWED,
act02.023,ACT 2 — First Contact,static,bilingual,Moving through the castle...,Door het kasteel bewegen...,正在穿过城堡……,REUSED_REVIEWED,
act02.024,ACT 2 — First Contact,static,bilingual,SIGNAL RESTORED,SIGNAAL HERSTELD,信号已恢复,REUSED_REVIEWED,
act02.025,ACT 2 — First Contact,static,bilingual,THREE DEVICES CONNECTED,DRIE APPARATEN VERBONDEN,三台设备已连接,REUSED_REVIEWED,
act02.026,ACT 2 — First Contact,static,bilingual,You do not all know the same things.,Jullie weten niet allemaal hetzelfde.,你们三个人掌握的信息并不相同。,REUSED_REVIEWED,
act02.027,ACT 2 — First Contact,static,bilingual,Share what you know. Question what you hear.,Deel wat je weet. Stel vragen bij wat je hoort.,分享你知道的信息。对你听到的内容提出质疑。,REUSED_REVIEWED,
act02.028,ACT 2 — First Contact,static,bilingual,Choose where to meet before the Snake King chooses for you.,Kies waar jullie afspreken voordat de Slangenkoning voor jullie kiest.,在蛇王替你们做决定之前，选好会合地点。,REUSED_REVIEWED,
act02.029,ACT 2 — First Contact,static,bilingual,You can only communicate by phone message.,Jullie kunnen alleen via berichten op de telefoon communiceren.,你们只能通过手机消息交流。,REUSED_REVIEWED,
act02.030,ACT 2 — First Contact,static,bilingual,[SHARE PHOTO],[FOTO DELEN],[分享照片],REUSED_REVIEWED,
act02.031,ACT 2 — First Contact,static,bilingual,150 seconds,150 seconden,150秒,REUSED_REVIEWED,
act02.032,ACT 2 — First Contact,template,bilingual,MEETING POINT UPDATED: {location},AFSPREEKPUNT BIJGEWERKT: {location},会合地点已更新：{location},UPDATED_V4,Runtime template; location value must already be localized.
act02.033,ACT 2 — First Contact,static,bilingual,Change course now.,Verander nu van route.,现在改变路线。,REUSED_REVIEWED,
act02.034,ACT 2 — First Contact,static,bilingual,No consensus. One final 30-second discussion.,Geen consensus. Nog één laatste bespreking van 30 seconden.,没有达成一致。最后再讨论30秒。,REUSED_REVIEWED,
act02.035,ACT 2 — First Contact,static,bilingual,UNKNOWN SENDER:,ONBEKENDE AFZENDER:,未知发送者：,REUSED_REVIEWED,
act02.036,ACT 2 — First Contact,static,bilingual,Three girls. Three answers. How disappointing.,Drie meisjes. Drie antwoorden. Wat teleurstellend.,三个女孩。三个答案。真令人失望。,REUSED_REVIEWED,
act02.037,ACT 2 — First Contact,static,bilingual,Go to the Library. Try not to die on the way.,Ga naar de Bibliotheek. Probeer onderweg niet dood te gaan.,去图书馆。路上尽量别死。,REUSED_REVIEWED,
act02.038,ACT 2 — First Contact,static,bilingual,You reach an iron access gate.,Je bereikt een ijzeren toegangspoort.,你们来到一道铁制通行门前。,REUSED_REVIEWED,
act02.039,ACT 2 — First Contact,static,bilingual,It is locked from the other side.,Ze is aan de andere kant vergrendeld.,门从另一侧锁住了。,REUSED_REVIEWED,
act02.040,ACT 2 — First Contact,static,bilingual,"Beyond it, a worn brass sign points toward the Library.",Daarachter wijst een versleten koperen bord richting de Bibliotheek.,门后，一块磨损的黄铜指示牌指向图书馆。,REUSED_REVIEWED,
act02.041,ACT 2 — First Contact,static,bilingual,RENDEZVOUS POINT UNREACHABLE,AFSPREEKPUNT ONBEREIKBAAR,无法到达会合地点,REUSED_REVIEWED,
act02.042,ACT 2 — First Contact,static,bilingual,FOLLOW THE LIBRARY SIGNS.,VOLG DE BORDEN NAAR DE BIBLIOTHEEK.,跟随图书馆指示牌。,REUSED_REVIEWED,
act02.043,ACT 2 — First Contact,static,bilingual,The stone floor ahead seems to move.,De stenen vloer voor je lijkt te bewegen.,前方的石地面似乎在动。,REUSED_REVIEWED,
act02.044,ACT 2 — First Contact,static,bilingual,Snakes slide out from cracks and block the corridor.,Slangen glijden uit de spleten en blokkeren de gang.,蛇从裂缝中滑出，堵住了走廊。,REUSED_REVIEWED,
act02.045,ACT 2 — First Contact,static,bilingual,You cannot reach the common entrance.,Je kunt de gezamenlijke ingang niet bereiken.,你们无法到达公共入口。,REUSED_REVIEWED,
act02.046,ACT 2 — First Contact,static,bilingual,A bricked stairway and an old municipal seal block the western access.,Een dichtgemetselde trap en een oud gemeentelijk zegel blokkeren de westelijke toegang.,一段被砖封的楼梯和一枚旧市政封条堵住了西侧入口。,REUSED_REVIEWED,
act02.047,ACT 2 — First Contact,static,bilingual,A surviving brass corridor sign points back toward the Library.,Een overgebleven koperen gangbord wijst terug naar de Bibliotheek.,一块残存的黄铜走廊指示牌指回图书馆。,REUSED_REVIEWED,
act02.048,ACT 2 — First Contact,static,bilingual,MUNICIPALITY OF LAARNE — ACCESS CLOSED,GEMEENTE LAARNE — TOEGANG GESLOTEN,拉尔讷市政府 — 入口关闭,REUSED_REVIEWED,
act02.049,ACT 2 — First Contact,static,bilingual,"A slow, wet scraping sound comes from behind the chapel doors.","Achter de deuren van de kapel klinkt een langzaam, nat schurend geluid.",礼拜堂门后传来缓慢、湿黏的摩擦声。,REUSED_REVIEWED,
act02.050,ACT 2 — First Contact,static,bilingual,The air smells damp and strangely sour.,De lucht ruikt vochtig en vreemd zuur.,空气潮湿，还带着一种奇怪的酸味。,REUSED_REVIEWED,
act02.051,ACT 2 — First Contact,static,bilingual,Something heavy moves across stone.,Iets zwaars beweegt over de stenen vloer.,有什么沉重的东西正从石地面上移动。,REUSED_REVIEWED,
act02.052,ACT 2 — First Contact,static,bilingual,Very angry...,Heel kwaad...,很生气……,REUSED_REVIEWED,
act02.053,ACT 2 — First Contact,static,bilingual,THIS ROUTE IS TOO DANGEROUS.,DEZE ROUTE IS TE GEVAARLIJK.,这条路线太危险。,REUSED_REVIEWED,
act03.001,ACT 3 — Library,static,bilingual,You see an old brass direction plaque:,Je ziet een oud koperen richtingbord:,你看到一块旧黄铜方向牌：,REUSED_REVIEWED,
act03.002,ACT 3 — Library,static,bilingual,LIBRARY →,BIBLIOTHEEK →,图书馆 →,REUSED_REVIEWED,
act03.003,ACT 3 — Library,static,bilingual,[FOLLOW SIGN],[VOLG HET BORD],[跟随指示牌],REUSED_REVIEWED,
act03.004,ACT 3 — Library,static,bilingual,"At last, the three of you reach the same room.",Eindelijk bereiken jullie alle drie dezelfde kamer.,终于，你们三个人来到了同一个房间。,REUSED_REVIEWED,
act03.005,ACT 3 — Library,static,bilingual,They can hear. Shut up or get caught.,"Ze kunnen jullie horen. Hou je stil, of ze krijgen je te pakken.",他们能听见。闭嘴，否则就会被抓住。,REUSED_REVIEWED,
act03.006,ACT 3 — Library,static,bilingual,GROUP FOUND ITEMS,GROEPSVONDSTEN,团队发现物品,REUSED_REVIEWED,
act03.007,ACT 3 — Library,static,bilingual,Gitte spreads the Castle Map across the table.,Gitte spreidt de kasteelkaart over de tafel uit.,Gitte把城堡地图铺在桌上。,REUSED_REVIEWED,
act03.008,ACT 3 — Library,static,bilingual,"WHAT WAS GIVEN FIRST
OPENS WHAT COMES NEXT.","WAT JE EERST KREEG
OPENT WAT HIERNA KOMT.","最先得到的东西
打开接下来之物。",REUSED_REVIEWED,
act03.009,ACT 3 — Library,static,bilingual,5-DIGIT LOCK,SLOT MET 5 CIJFERS,五位数字锁,REUSED_REVIEWED,
act03.010,ACT 3 — Library,static,bilingual,41739,41739,41739,REUSED_REVIEWED,
act03.011,ACT 3 — Library,static,bilingual,The box remains locked.,De kist blijft op slot.,盒子仍然锁着。,REUSED_REVIEWED,
act03.012,ACT 3 — Library,static,bilingual,Something one of you carried from the beginning may matter. Check your Pocket.,"Iets dat een van jullie vanaf het begin bij zich had, kan belangrijk zijn. Kijk in je inventaris.",你们中有人从一开始就带着的东西可能很重要。检查随身物品。,REUSED_REVIEWED,
act03.013,ACT 3 — Library,static,bilingual,Look for a five-number sequence.,Zoek naar een reeks van vijf cijfers.,寻找一个由五个数字组成的序列。,REUSED_REVIEWED,
act03.014,ACT 3 — Library,static,bilingual,One of the five wheels clicks into place.,Een van de vijf wieltjes klikt op zijn plaats.,五个转轮中的一个咔哒一声卡入正确位置。,REUSED_REVIEWED,
act03.015,ACT 3 — Library,static,bilingual,The lock releases with a dry click.,Het slot springt met een droge klik open.,锁发出一声干涩的咔哒声，打开了。,REUSED_REVIEWED,
act03.016,ACT 3 — Library,static,bilingual,"THE ROOM WHERE TIME STOPPED
REMEMBERS WHEN THE WATCH STOPPED.","DE KAMER WAAR DE TIJD STILSTOND
HERINNERT ZICH WANNEER HET HORLOGE STOPTE.","时间停止的房间
记得怀表停止的时刻。",REUSED_REVIEWED,
act04-05.001,ACT 4–5 — Known / Unknown Route,static,bilingual,Library → Main Hall → Portrait Hall,Bibliotheek → Hoofdhal → Portrettengalerij,图书馆 → 主厅 → 肖像长廊,REUSED_REVIEWED,
act04-05.002,ACT 4–5 — Known / Unknown Route,static,bilingual,This door is not shown on the Castle Map.,Deze deur staat niet op de kasteelkaart.,这扇门没有出现在城堡地图上。,REUSED_REVIEWED,
act04-05.003,ACT 4–5 — Known / Unknown Route,static,bilingual,The ★ matches the mark on your Silver Key.,De ★ komt overeen met het teken op je zilveren sleutel.,这个★和你银钥匙上的标记一致。,REUSED_REVIEWED,
act04-05.004,ACT 4–5 — Known / Unknown Route,static,bilingual,"You have a flashlight. Darkness is less of a problem, but the route is still unknown.","Je hebt een zaklamp. De duisternis is minder een probleem, maar de route blijft onbekend.",你有一只手电筒。黑暗不再是大问题，但这条路线仍然未知。,REUSED_REVIEWED,
act04-05.005,ACT 4–5 — Known / Unknown Route,static,bilingual,Take the known route now.,Neem nu de bekende route.,现在走已知路线。,REUSED_REVIEWED,
act04-05.006,ACT 4–5 — Known / Unknown Route,static,bilingual,Try the unknown passage now.,Probeer nu de onbekende doorgang.,现在尝试未知通道。,REUSED_REVIEWED,
act04-05.007,ACT 4–5 — Known / Unknown Route,static,bilingual,Inspect the unknown passage before deciding.,Bekijk de onbekende doorgang voordat je beslist.,先检查未知通道，再做决定。,REUSED_REVIEWED,
act04-05.008,ACT 4–5 — Known / Unknown Route,static,bilingual,Ask the others what they think before committing.,Vraag eerst wat de anderen denken voordat je beslist.,先问问其他人的想法，再决定。,REUSED_REVIEWED,
act04-05.009,ACT 4–5 — Known / Unknown Route,static,bilingual,Compare what you know before the route vote.,Vergelijk wat jullie weten vóór de stemming over de route.,在路线投票前，先比较你们掌握的信息。,REUSED_REVIEWED,
act04-05.010,ACT 4–5 — Known / Unknown Route,static,bilingual,Known Route,Bekende route,已知路线,REUSED_REVIEWED,
act04-05.011,ACT 4–5 — Known / Unknown Route,static,bilingual,Unknown Passage,Onbekende doorgang,未知通道,REUSED_REVIEWED,
act04-05.012,ACT 4–5 — Known / Unknown Route,static,bilingual,Inspect the Unknown Passage first,Bekijk eerst de onbekende doorgang,先检查未知通道,REUSED_REVIEWED,
act04-05.013,ACT 4–5 — Known / Unknown Route,static,bilingual,Still undecided? Fine. See what waits behind the door. Then choose.,Nog steeds niet beslist? Prima. Kijk wat er achter de deur wacht. Kies daarna.,还没决定？很好。先看看门后有什么，再做选择。,REUSED_REVIEWED,
act04-05.014,ACT 4–5 — Known / Unknown Route,static,bilingual,Inspect First,Eerst bekijken,先检查,REUSED_REVIEWED,
act04-05.015,ACT 4–5 — Known / Unknown Route,static,bilingual,You open the door only a little.,Je opent de deur maar een klein stukje.,你把门只打开了一点点。,REUSED_REVIEWED,
act04-05.016,ACT 4–5 — Known / Unknown Route,static,bilingual,The passage is narrow but passable.,"De doorgang is smal, maar begaanbaar.",通道很窄，但可以通过。,REUSED_REVIEWED,
act04-05.017,ACT 4–5 — Known / Unknown Route,static,bilingual,You still cannot see where it ends.,Je kunt nog steeds niet zien waar de doorgang eindigt.,你仍然看不到通道尽头。,REUSED_REVIEWED,
act04-05.018,ACT 4–5 — Known / Unknown Route,static,bilingual,KNOWN ROUTE / UNKNOWN PASSAGE,BEKENDE ROUTE / ONBEKENDE DOORGANG,已知路线 / 未知通道,REUSED_REVIEWED,
act04-05.019,ACT 4–5 — Known / Unknown Route,static,bilingual,You take the wider corridor.,Jullie nemen de bredere gang.,你们走进较宽的走廊。,REUSED_REVIEWED,
act04-05.020,ACT 4–5 — Known / Unknown Route,static,bilingual,"The route is clear, but long.","De route is duidelijk, maar lang.",路线清楚，但很长。,REUSED_REVIEWED,
act04-05.021,ACT 4–5 — Known / Unknown Route,static,bilingual,Portraits on the walls become newer as you move deeper into the castle.,De portretten aan de muren worden nieuwer naarmate jullie dieper het kasteel in gaan.,随着你们深入城堡，墙上的肖像看起来越来越新。,REUSED_REVIEWED,
act04-05.022,ACT 4–5 — Known / Unknown Route,static,bilingual,You reach a long hall lined with portraits.,Jullie bereiken een lange galerij vol portretten.,你们来到一条两侧挂满肖像的长廊。,REUSED_REVIEWED,
act04-05.023,ACT 4–5 — Known / Unknown Route,static,bilingual,[ENTER PORTRAIT HALL],[GA DE PORTRETTENGALERIJ IN],[进入肖像长廊],REUSED_REVIEWED,
act04-05.024,ACT 4–5 — Known / Unknown Route,static,bilingual,Linda uses the ★ Silver Key. The lock turns.,Linda gebruikt de ★ zilveren sleutel. Het slot draait open.,Linda用★银钥匙开锁。锁转动了。,REUSED_REVIEWED,
act04-05.025,ACT 4–5 — Known / Unknown Route,static,bilingual,The narrow passage drops behind the Library wall.,De smalle doorgang daalt af achter de muur van de Bibliotheek.,狭窄的通道沿着图书馆墙后向下延伸。,REUSED_REVIEWED,
act04-05.026,ACT 4–5 — Known / Unknown Route,static,bilingual,"Old snake skins cling to the stone, but nothing living appears.","Oude slangenhuiden kleven aan de steen, maar er verschijnt niets levends.",旧蛇蜕粘在石墙上，但没有活物出现。,REUSED_REVIEWED,
act04-05.027,ACT 4–5 — Known / Unknown Route,static,bilingual,The passage is shorter than the mapped route.,De doorgang is korter dan de route op de kaart.,这条通道比地图上的路线更短。,REUSED_REVIEWED,
act04-05.028,ACT 4–5 — Known / Unknown Route,static,bilingual,A narrow door opens into a hall lined with portraits.,Een smalle deur komt uit in een galerij vol portretten.,一扇窄门通向一条挂满肖像的长廊。,REUSED_REVIEWED,
act06.001,ACT 6 — Portrait,static,bilingual,One question. Only one.,Eén vraag. Slechts één.,一个问题。只能问一个。,REUSED_REVIEWED,
act06.002,ACT 6 — Portrait,static,bilingual,How do we escape?,Hoe ontsnappen we?,我们怎么逃出去？,REUSED_REVIEWED,
act06.003,ACT 6 — Portrait,static,bilingual,What happened here in 1897?,Wat is hier in 1897 gebeurd?,1897年这里发生了什么？,REUSED_REVIEWED,
act06.004,ACT 6 — Portrait,static,bilingual,Where is the room where time stopped?,Waar is de kamer waar de tijd stilstond?,时间停止的房间在哪里？,REUSED_REVIEWED,
act06.005,ACT 6 — Portrait,static,bilingual,Who trapped us here?,Wie heeft ons hier opgesloten?,是谁把我们困在这里？,REUSED_REVIEWED,
act06.006,ACT 6 — Portrait,static,bilingual,Too slow. Find the room where time stopped.,Te traag. Zoek de kamer waar de tijd stilstond.,太慢了。去找时间停止的房间。,REUSED_REVIEWED,
act06.007,ACT 6 — Portrait,static,bilingual,The gate is not the beginning. First find the room where time stopped.,De poort is niet het begin. Zoek eerst de kamer waar de tijd stilstond.,大门不是起点。先找到时间停止的房间。,REUSED_REVIEWED,
act06.008,ACT 6 — Portrait,static,bilingual,"In 1897 they sealed the west, but they could not stop the clocks from remembering.","In 1897 sloten ze het westen af, maar ze konden de klokken niet laten vergeten.",1897年，他们封死了西侧，却无法让钟表忘记。,REUSED_REVIEWED,
act06.009,ACT 6 — Portrait,static,bilingual,Follow the corridor with twelve clocks. One of them remembers a watch that stopped.,Volg de gang met twaalf klokken. Eén ervan herinnert zich een horloge dat stopte.,沿着有十二只钟的走廊走。其中一只记得一只停下的怀表。,REUSED_REVIEWED,
act06.010,ACT 6 — Portrait,static,bilingual,The castle keeps its answers. Escape first. Find the room where time stopped.,Het kasteel houdt zijn antwoorden voor zich. Ontsnap eerst. Zoek de kamer waar de tijd stilstond.,城堡把答案藏着。先逃出去。去找时间停止的房间。,REUSED_REVIEWED,
act06.011,ACT 6 — Portrait,static,bilingual,The Clock Room is marked on the Castle Map.,De Klokkenkamer staat op de kasteelkaart.,钟表室标在城堡地图上。,REUSED_REVIEWED,
act06.012,ACT 6 — Portrait,static,bilingual,[FOLLOW MAP TO CLOCK ROOM],[VOLG DE KAART NAAR DE KLOKKENKAMER],[按地图前往钟表室],REUSED_REVIEWED,
act07.001,ACT 7 — Clock Room,static,bilingual,TIME — 23:54,TIJD — 23:54,时间 — 23:54,REUSED_REVIEWED,
act07.002,ACT 7 — Clock Room,static,bilingual,ONE SHOWS NOW.,EEN TOONT HET NU.,一只显示现在。,REUSED_REVIEWED,
act07.003,ACT 7 — Clock Room,static,bilingual,ONE RUNS BACKWARD.,EEN LOOPT ACHTERUIT.,一只倒着走。,REUSED_REVIEWED,
act07.004,ACT 7 — Clock Room,static,bilingual,ONE REMEMBERS WHEN THE WATCH STOPPED.,EEN HERINNERT ZICH WANNEER HET HORLOGE STOPTE.,一只记得怀表停止的时刻。,REUSED_REVIEWED,
act07.005,ACT 7 — Clock Room,static,bilingual,TOUCH THE ONE THAT REMEMBERS.,RAAK DEGENE AAN DIE HET ZICH HERINNERT.,触碰那只记得的钟。,REUSED_REVIEWED,
act07.006,ACT 7 — Clock Room,static,bilingual,GROUP FOUND ITEMS → Torn Note,GROEPSVONDSTEN → Gescheurd briefje,团队发现物品 → 撕破的纸条,REUSED_REVIEWED,
act07.007,ACT 7 — Clock Room,static,bilingual,MY ITEMS → Stopped Watch,MIJN VOORWERPEN → Stilstaand horloge,我的物品 → 停走的怀表,REUSED_REVIEWED,
act07.008,ACT 7 — Clock Room,static,bilingual,Touch Clock A,Raak klok A aan,触碰钟A,REUSED_REVIEWED,
act07.009,ACT 7 — Clock Room,static,bilingual,Touch Clock B,Raak klok B aan,触碰钟B,REUSED_REVIEWED,
act07.010,ACT 7 — Clock Room,static,bilingual,Touch Clock C,Raak klok C aan,触碰钟C,REUSED_REVIEWED,
act07.011,ACT 7 — Clock Room,static,bilingual,Clock C,Klok C,钟C,REUSED_REVIEWED,
act07.012,ACT 7 — Clock Room,static,bilingual,Nothing happens.,Er gebeurt niets.,什么也没有发生。,REUSED_REVIEWED,
act07.013,ACT 7 — Clock Room,static,bilingual,A stopped watch in someone's Pocket may matter.,Een stilstaand horloge in iemands inventaris kan belangrijk zijn.,某人随身物品里的停走怀表可能很重要。,REUSED_REVIEWED,
act07.014,ACT 7 — Clock Room,static,bilingual,Compare the stopped watch with the clocks.,Vergelijk het stilstaande horloge met de klokken.,把停走的怀表和这些钟比较一下。,REUSED_REVIEWED,
act07.015,ACT 7 — Clock Room,static,bilingual,A deep click comes from inside the wall.,Vanuit de muur klinkt een diepe klik.,墙内传来一声低沉的咔哒声。,REUSED_REVIEWED,
act07.016,ACT 7 — Clock Room,static,bilingual,A section of stone slides aside.,Een stuk stenen muur schuift opzij.,一块石墙滑向一旁。,REUSED_REVIEWED,
act07.017,ACT 7 — Clock Room,static,bilingual,WEST TOWER → WAY OUT,WESTTOREN → UITWEG,西塔 → 出路,REUSED_REVIEWED,
act07.018,ACT 7 — Clock Room,static,bilingual,[CHECK THE MAP],[BEKIJK DE KAART],[查看地图],REUSED_REVIEWED,
act08.001,ACT 8 — Main Gate / West Tower,static,bilingual,Head for the Main Gate.,Ga naar de Hoofdpoort.,前往主门。,REUSED_REVIEWED,
act08.002,ACT 8 — Main Gate / West Tower,static,bilingual,Try the West Tower route.,Probeer de route via de Westtoren.,尝试西塔路线。,REUSED_REVIEWED,
act08.003,ACT 8 — Main Gate / West Tower,static,bilingual,Compare all the evidence before choosing.,Vergelijk al het bewijs voordat je kiest.,先比较所有证据，再做选择。,REUSED_REVIEWED,
act08.004,ACT 8 — Main Gate / West Tower,static,bilingual,Follow the group's final decision.,Volg de uiteindelijke beslissing van de groep.,跟随团队的最终决定。,REUSED_REVIEWED,
act08.005,ACT 8 — Main Gate / West Tower,static,bilingual,You follow the mapped route toward the Main Gate.,Jullie volgen de route op de kaart naar de Hoofdpoort.,你们沿地图上的路线前往主门。,REUSED_REVIEWED,
act08.006,ACT 8 — Main Gate / West Tower,static,bilingual,The inner mechanism will not move from this side.,Het binnenmechanisme beweegt vanaf deze kant niet.,内侧机关从这一边无法启动。,REUSED_REVIEWED,
act08.007,ACT 8 — Main Gate / West Tower,static,bilingual,MAIN GATE CONTROL → GREAT HALL,BEDIENING HOOFDPOORT → GROTE ZAAL,主门控制装置 → 大厅,REUSED_REVIEWED,
act08.008,ACT 8 — Main Gate / West Tower,static,bilingual,[GO TO GREAT HALL],[GA NAAR DE GROTE ZAAL],[前往大厅],REUSED_REVIEWED,
act08.009,ACT 8 — Main Gate / West Tower,static,bilingual,You follow the control signs back through the inner corridor and reach the Great Hall.,Jullie volgen de borden voor de bediening door de binnengang en bereiken de Grote Zaal.,你们沿着控制装置的指示牌穿过内部走廊，来到大厅。,REUSED_REVIEWED,
act08.010,ACT 8 — Main Gate / West Tower,static,bilingual,You recognize the servants' passage from the 1897 photograph.,Jullie herkennen de dienstgang uit de foto van 1897.,你们认出了1897年照片中的仆人通道。,REUSED_REVIEWED,
act08.011,ACT 8 — Main Gate / West Tower,static,bilingual,SERVANTS' PASSAGE → GREAT HALL,DIENSTGANG → GROTE ZAAL,仆人通道 → 大厅,REUSED_REVIEWED,
act08.012,ACT 8 — Main Gate / West Tower,static,bilingual,[ENTER SERVANTS' PASSAGE],[GA DE DIENSTGANG IN],[进入仆人通道],REUSED_REVIEWED,
act08.013,ACT 8 — Main Gate / West Tower,static,bilingual,The narrow servants' passage bends through the stone and opens into the Great Hall.,De smalle dienstgang kronkelt door het steenwerk en komt uit in de Grote Zaal.,狭窄的仆人通道在石墙中曲折延伸，最后通向大厅。,REUSED_REVIEWED,
act09.001,ACT 9 — Great Hall,static,bilingual,RED DOOR,RODE DEUR,红门,REUSED_REVIEWED,
act09.002,ACT 9 — Great Hall,static,bilingual,BLUE DOOR,BLAUWE DEUR,蓝门,REUSED_REVIEWED,
act09.003,ACT 9 — Great Hall,static,bilingual,BLACK DOOR,ZWARTE DEUR,黑门,REUSED_REVIEWED,
act09.004,ACT 9 — Great Hall,static,bilingual,A DOOR MAY BE ACTIVATED WITHOUT ENTERING.,EEN DEUR KAN WORDEN GEACTIVEERD ZONDER ERIN TE GAAN.,门可以在不进入的情况下被启动。,REUSED_REVIEWED,
act09.005,ACT 9 — Great Hall,static,bilingual,THE RED DOOR OPENS FIRST.,DE RODE DEUR GAAT EERST OPEN.,红门先打开。,REUSED_REVIEWED,
act09.006,ACT 9 — Great Hall,static,bilingual,THE FIRST DOOR IS NOT SAFE.,DE EERSTE DEUR IS NIET VEILIG.,第一扇门不安全。,REUSED_REVIEWED,
act09.007,ACT 9 — Great Hall,static,bilingual,BLUE OPENS ONLY AFTER RED.,BLAUW GAAT PAS OPEN NA ROOD.,蓝门只能在红门之后打开。,REUSED_REVIEWED,
act09.008,ACT 9 — Great Hall,static,bilingual,3 minutes,3 minuten,3分钟,REUSED_REVIEWED,
act09.009,ACT 9 — Great Hall,static,bilingual,NO CONSENSUS. NO ACTION.,GEEN CONSENSUS. GEEN ACTIE.,没有共识。不执行行动。,REUSED_REVIEWED,
act09.010,ACT 9 — Great Hall,static,bilingual,ACTIVATE WHICH DOOR FIRST?,WELKE DEUR ACTIVEER JE EERST?,先启动哪一扇门？,REUSED_REVIEWED,
act09.011,ACT 9 — Great Hall,static,bilingual,RED,ROOD,红,REUSED_REVIEWED,
act09.012,ACT 9 — Great Hall,static,bilingual,BLUE,BLAUW,蓝,REUSED_REVIEWED,
act09.013,ACT 9 — Great Hall,static,bilingual,BLACK,ZWART,黑,REUSED_REVIEWED,
act09.014,ACT 9 — Great Hall,static,bilingual,RED DOOR ACTIVATED.,RODE DEUR GEACTIVEERD.,红门已启动。,REUSED_REVIEWED,
act09.015,ACT 9 — Great Hall,static,bilingual,ENTER RED,GA DOOR ROOD,进入红门,REUSED_REVIEWED,
act09.016,ACT 9 — Great Hall,static,bilingual,DO NOT ENTER,NIET BINNENGAAN,不要进入,REUSED_REVIEWED,
act09.017,ACT 9 — Great Hall,static,bilingual,A dull blue indicator flickers on.,Een dof blauw controlelampje flikkert aan.,一盏暗淡的蓝色指示灯闪了起来。,REUSED_REVIEWED,
act09.018,ACT 9 — Great Hall,static,bilingual,BLUE AVAILABLE,BLAUW BESCHIKBAAR,蓝门可用,REUSED_REVIEWED,
act09.019,ACT 9 — Great Hall,static,bilingual,BLUE DOOR ACTIVATED.,BLAUWE DEUR GEACTIVEERD.,蓝门已启动。,REUSED_REVIEWED,
act09.020,ACT 9 — Great Hall,static,bilingual,ENTER BLUE,GA DOOR BLAUW,进入蓝门,REUSED_REVIEWED,
act09.021,ACT 9 — Great Hall,static,bilingual,STAY,BLIJVEN,留下,REUSED_REVIEWED,
act09.022,ACT 9 — Great Hall,static,bilingual,RED OPENS FIRST.,ROOD GAAT EERST OPEN.,红门先开。,REUSED_REVIEWED,
act09.023,ACT 9 — Great Hall,static,bilingual,A snake-like shadow moves behind the Red Door.,Achter de Rode Deur beweegt een slangachtige schaduw.,红门后有一道蛇一样的影子在移动。,REUSED_REVIEWED,
act09.024,ACT 9 — Great Hall,static,bilingual,The Red Door slams shut.,De Rode Deur slaat dicht.,红门砰地关上。,REUSED_REVIEWED,
act09.025,ACT 9 — Great Hall,static,bilingual,ENTER BLUE / STAY,GA DOOR BLAUW / BLIJVEN,进入蓝门 / 留下,REUSED_REVIEWED,
act09.026,ACT 9 — Great Hall,static,bilingual,The Blue Door opens into a narrow stone chamber.,De Blauwe Deur opent naar een smalle stenen kamer.,蓝门打开，后面是一间狭窄的石室。,REUSED_REVIEWED,
act09.027,ACT 9 — Great Hall,static,bilingual,Something gold lies on a small pedestal.,Op een kleine sokkel ligt iets goudkleurigs.,一个小基座上放着一件金色的东西。,REUSED_REVIEWED,
act09.028,ACT 9 — Great Hall,static,bilingual,[ENTER],[GA NAAR BINNEN],[进入],REUSED_REVIEWED,
act10.001,ACT 10 — Golden Key,static,bilingual,"Take it. Without it, you'll need more time to open the Main Gate.",Neem hem. Zonder deze sleutel heb je meer tijd nodig om de Hoofdpoort te openen.,拿上它。没有它，你们打开主门会需要更多时间。,REUSED_REVIEWED,
act10.002,ACT 10 — Golden Key,static,bilingual,"Don't take it. The alarm will go off, and they'll get here sooner.",Neem hem niet. Het alarm zal afgaan en ze zullen sneller hier zijn.,别拿。警报会响，他们会更快赶到这里。,REUSED_REVIEWED,
act10.003,ACT 10 — Golden Key,static,bilingual,The gate can be opened without it. Why bother?,De poort kan ook zonder deze sleutel open. Waarom zou je hem nemen?,没有它也能打开大门。何必拿呢？,REUSED_REVIEWED,
act10.004,ACT 10 — Golden Key,static,bilingual,Take the key,Neem de sleutel,拿走钥匙,REUSED_REVIEWED,
act10.005,ACT 10 — Golden Key,static,bilingual,Leave the key,Laat de sleutel liggen,留下钥匙,REUSED_REVIEWED,
act10.006,ACT 10 — Golden Key,static,bilingual,TAKE,NEMEN,拿走,REUSED_REVIEWED,
act10.007,ACT 10 — Golden Key,static,bilingual,LEAVE,LATEN LIGGEN,留下,REUSED_REVIEWED,
act10.008,ACT 10 — Golden Key,static,bilingual,A harsh alarm bell rings somewhere inside the walls.,Er klinkt ergens binnen de muren een schelle alarmbel.,城堡墙体内部某处响起刺耳的警铃。,UPDATED_V4,Removed unnecessary 'mechanical'.
act10.009,ACT 10 — Golden Key,static,bilingual,You leave the chamber and follow the inner route toward the Main Gate.,Jullie verlaten de kamer en volgen de binnenroute naar de Hoofdpoort.,你们离开石室，沿内部路线前往主门。,REUSED_REVIEWED,
act10.010,ACT 10 — Golden Key,static,bilingual,[GO TO MAIN GATE],[GA NAAR DE HOOFDPOORT],[前往主门],REUSED_REVIEWED,
act11.001,ACT 11 — Main Gate Roles,static,bilingual,TIME — 23:58,TIJD — 23:58,时间 — 23:58,REUSED_REVIEWED,
act11.002,ACT 11 — Main Gate Roles,static,bilingual,STATION A — NUMBER WHEEL,STATION A — CIJFERWIEL,A站 — 数字轮盘,REUSED_REVIEWED,
act11.003,ACT 11 — Main Gate Roles,static,bilingual,STATION B — LEVER,STATION B — HENDEL,B站 — 杠杆,REUSED_REVIEWED,
act11.004,ACT 11 — Main Gate Roles,static,bilingual,STATION C — KEY MECHANISM,STATION C — SLEUTELMECHANISME,C站 — 钥匙机构,REUSED_REVIEWED,
act11.005,ACT 11 — Main Gate Roles,static,bilingual,Set the old municipal year.,Stel het oude gemeentelijke jaartal in.,设置旧市政年份。,REUSED_REVIEWED,
act11.006,ACT 11 — Main Gate Roles,static,bilingual,1897,1897,1897,REUSED_REVIEWED,
act11.007,ACT 11 — Main Gate Roles,static,bilingual,Hold the lever until the indicator reaches the center.,Houd de hendel vast tot de indicator het midden bereikt.,按住杠杆，直到指示器到达中央。,REUSED_REVIEWED,
act11.008,ACT 11 — Main Gate Roles,static,bilingual,Insert the ★ Silver Key and turn when the indicator flashes.,Steek de ★ zilveren sleutel erin en draai wanneer de indicator knippert.,插入★银钥匙，在指示灯闪烁时转动。,REUSED_REVIEWED,
act11.009,ACT 11 — Main Gate Roles,static,bilingual,A + B + C,A + B + C,A + B + C,REUSED_REVIEWED,
act11.010,ACT 11 — Main Gate Roles,static,bilingual,Wrong girl. Wrong key. Impressive.,Verkeerd meisje. Verkeerde sleutel. Indrukwekkend.,错的人。错的钥匙。真厉害。,REUSED_REVIEWED,
act11.011,ACT 11 — Main Gate Roles,static,bilingual,The Golden Key releases the third lock.,De gouden sleutel ontgrendelt het derde slot.,金钥匙解开了第三道锁。,REUSED_REVIEWED,
act11.012,ACT 11 — Main Gate Roles,static,bilingual,Station A,Station A,A站,REUSED_REVIEWED,
act11.013,ACT 11 — Main Gate Roles,static,bilingual,Station B,Station B,B站,REUSED_REVIEWED,
act11.014,ACT 11 — Main Gate Roles,static,bilingual,WATCHER,UITKIJK,观察员,REUSED_REVIEWED,
act11.015,ACT 11 — Main Gate Roles,static,bilingual,WATCH THE CORRIDOR,HOUD DE GANG IN DE GATEN,监视走廊,REUSED_REVIEWED,
act11.016,ACT 11 — Main Gate Roles,static,bilingual,90 sec,90 sec,90秒,REUSED_REVIEWED,
act11.017,ACT 11 — Main Gate Roles,static,bilingual,45 sec,45 sec,45秒,REUSED_REVIEWED,
act11.018,ACT 11 — Main Gate Roles,static,bilingual,Three girls. Still can't count? Try again.,Drie meisjes. Kunnen jullie nog steeds niet tellen? Probeer opnieuw.,三个女孩。还不会数数吗？再试一次。,REUSED_REVIEWED,
act12.001,ACT 12 — Final Pressure,static,bilingual,[ENGAGE],[ACTIVEREN],[启动],REUSED_REVIEWED,
act12.002,ACT 12 — Final Pressure,static,bilingual,[HOLD LEVER],[HENDEL VASTHOUDEN],[按住杠杆],REUSED_REVIEWED,
act12.003,ACT 12 — Final Pressure,static,bilingual,[INSERT ★ SILVER KEY],[STEEK ★ ZILVEREN SLEUTEL IN],[插入★银钥匙],REUSED_REVIEWED,
act12.004,ACT 12 — Final Pressure,static,bilingual,[WATCH CORRIDOR],[HOUD DE GANG IN DE GATEN],[监视走廊],REUSED_REVIEWED,
act12.005,ACT 12 — Final Pressure,static,bilingual,ERROR — NUMBER WHEEL JAMMED,FOUT — CIJFERWIEL GEBLOKKEERD,错误 — 数字轮盘卡住,REUSED_REVIEWED,
act12.006,ACT 12 — Final Pressure,static,bilingual,ERROR — LEVER LOCKED,FOUT — HENDEL GEBLOKKEERD,错误 — 杠杆锁死,REUSED_REVIEWED,
act12.007,ACT 12 — Final Pressure,static,bilingual,ERROR — KEY MECHANISM STUCK,FOUT — SLEUTELMECHANISME VASTGELOPEN,错误 — 钥匙机构卡住,REUSED_REVIEWED,
act12.008,ACT 12 — Final Pressure,static,bilingual,Continue trying alone,Blijf alleen proberen,继续独自尝试,REUSED_REVIEWED,
act12.009,ACT 12 — Final Pressure,static,bilingual,Ask the others for help immediately,Vraag de anderen meteen om hulp,立即向其他人求助,REUSED_REVIEWED,
act12.010,ACT 12 — Final Pressure,static,bilingual,Try a different method,Probeer een andere methode,尝试另一种方法,REUSED_REVIEWED,
act12.011,ACT 12 — Final Pressure,static,bilingual,Ask someone to take over,Vraag iemand om het over te nemen,让其他人接手,REUSED_REVIEWED,
act12.012,ACT 12 — Final Pressure,static,bilingual,Stay at your assigned position,Blijf op je toegewezen positie,留在自己的岗位,REUSED_REVIEWED,
act12.013,ACT 12 — Final Pressure,static,bilingual,Go help immediately,Ga meteen helpen,立即去帮忙,REUSED_REVIEWED,
act12.014,ACT 12 — Final Pressure,static,bilingual,Ask what went wrong first,Vraag eerst wat er misging,先问清楚出了什么问题,REUSED_REVIEWED,
act12.015,ACT 12 — Final Pressure,static,bilingual,Call for a quick role switch,Stel snel een rolwissel voor,提出快速交换角色,REUSED_REVIEWED,
act12.016,ACT 12 — Final Pressure,static,bilingual,Nothing is getting better. Running is no longer an option. You do what you can.,Niets wordt beter. Weglopen is geen optie meer. Je doet wat je kunt.,情况一点也没有好转。逃跑已经不再是选项。你只能尽你所能。,REUSED_REVIEWED,
act12.017,ACT 12 — Final Pressure,static,bilingual,From every corridor comes the wet scrape of something moving over stone.,Uit elke gang komt het natte schuren van iets dat over steen beweegt.,每一条走廊里都传来某种东西在石面上爬行的湿黏摩擦声。,REUSED_REVIEWED,
act12.018,ACT 12 — Final Pressure,static,bilingual,Closer. From every direction.,Dichterbij. Uit elke richting.,越来越近。从四面八方。,REUSED_REVIEWED,
act12.019,ACT 12 — Final Pressure,static,bilingual,But you can't see anything.,Maar je ziet niets.,但你什么也看不见。,REUSED_REVIEWED,
act12.020,ACT 12 — Final Pressure,static,bilingual,Something is already in the corridor.,Er is al iets in de gang.,走廊里已经有东西了。,REUSED_REVIEWED,
act12.021,ACT 12 — Final Pressure,static,bilingual,You can smell their wet breath now.,Je ruikt nu hun vochtige adem.,你现在已经能闻到它们湿漉漉的呼吸。,REUSED_REVIEWED,
act12.022,ACT 12 — Final Pressure,static,bilingual,5,5,5,REUSED_REVIEWED,
act12.023,ACT 12 — Final Pressure,static,bilingual,4,4,4,REUSED_REVIEWED,
act12.024,ACT 12 — Final Pressure,static,bilingual,3,3,3,REUSED_REVIEWED,
act12.025,ACT 12 — Final Pressure,static,bilingual,2,2,2,REUSED_REVIEWED,
act12.026,ACT 12 — Final Pressure,static,bilingual,1,1,1,REUSED_REVIEWED,
act12.027,ACT 12 — Final Pressure,static,bilingual,ESCAPE SUCCESSFUL,ONTSNAPPING GESLAAGD,逃脱成功,REUSED_REVIEWED,
act13.001,ACT 13 — Final Escape,static,bilingual,The Main Gate crashes open.,De Hoofdpoort slaat met geweld open.,主门轰然打开。,REUSED_REVIEWED,
act13.002,ACT 13 — Final Escape,static,bilingual,The three of you run through.,Jullie drieën rennen erdoorheen.,你们三个人冲了出去。,REUSED_REVIEWED,
act13.003,ACT 13 — Final Escape,static,bilingual,TIME — 00:00,TIJD — 00:00,时间 — 00:00,REUSED_REVIEWED,
act14.001,ACT 14 — Final Reveal,static,bilingual,Mission complete.,Missie voltooid.,任务完成。,UPDATED_V4,ACT 14 current sentence case.
act14.002,ACT 14 — Final Reveal,static,bilingual,You escaped.,Jullie zijn ontsnapt.,你们逃出来了。,UPDATED_V4,ACT 14 current sentence case.
act14.003,ACT 14 — Final Reveal,static,bilingual,But the castle remembered everything you did.,Maar het kasteel herinnerde zich alles wat jullie deden.,但是城堡记住了你们做的一切。,UPDATED_V4,ACT 14 hard-lock wording; entire sentence bold.
act14.004,ACT 14 — Final Reveal,static,bilingual,THEY know who you are.,ZIJ weten wie jullie zijn.,他们知道你们是谁。,UPDATED_V4,ACT 14 hard-lock wording; only THEY / ZIJ uppercase.
act14.005,ACT 14 — Final Reveal,static,bilingual,End,Einde,结束,UPDATED_V4,ACT 14 current sentence case.
system.001,Connection / system error,static,bilingual,Failed to fetch,Ophalen mislukt,获取失败,REUSED_REVIEWED,
system.002,Connection / system error,static,bilingual,Unable to connect to the game server.,Kan geen verbinding maken met de gameserver.,无法连接到游戏服务器。,REUSED_REVIEWED,
system.003,Connection / system error,static,bilingual,Check server configuration or internet connection.,Controleer de serverconfiguratie of de internetverbinding.,请检查服务器配置或网络连接。,REUSED_REVIEWED,
act03.017,ACT 3 — Library,static,bilingual,A second wheel clicks into place.,Een tweede wieltje klikt op zijn plaats.,第二个转轮咔哒一声卡入正确位置。,ADDED_SPRINT3B_CA_CLARIFICATION,Post-90-second server fallback stage 5.
act03.018,ACT 3 — Library,static,bilingual,A third wheel clicks into place.,Een derde wieltje klikt op zijn plaats.,第三个转轮咔哒一声卡入正确位置。,ADDED_SPRINT3B_CA_CLARIFICATION,Post-90-second server fallback stage 6.
act03.019,ACT 3 — Library,static,bilingual,A fourth wheel clicks into place.,Een vierde wieltje klikt op zijn plaats.,第四个转轮咔哒一声卡入正确位置。,ADDED_SPRINT3B_CA_CLARIFICATION,Post-90-second server fallback stage 7.
act03.020,ACT 3 — Library,static,bilingual,The final wheel turns and clicks into place.,Het laatste wieltje draait en klikt op zijn plaats.,最后一个转轮转动并咔哒一声卡入正确位置。,ADDED_SPRINT3B_CA_CLARIFICATION,Post-90-second server fallback final stage; followed by existing act03.015.
item.castle_map,ACT 1–5 — Item label,static,bilingual,Castle Map,Kasteelkaart,城堡地图,ADDED_SPRINT3B_CA_CLARIFICATION,Canonical Pocket item display label.
item.number_note,ACT 1–5 — Item label,static,bilingual,Number Note,Briefje met cijfers,数字纸条,ADDED_SPRINT3B_CA_CLARIFICATION,Canonical Pocket item display label.
item.flashlight,ACT 1–5 — Item label,static,bilingual,Flashlight,Zaklamp,手电筒,ADDED_SPRINT3B_CA_CLARIFICATION,Canonical optional Pocket item display label.
item.servant_diary,ACT 1–5 — Item label,static,bilingual,Servant Diary,Dagboek van een bediende,仆人日记,ADDED_SPRINT3B_CA_CLARIFICATION,Canonical Pocket item display label.
item.stopped_watch,ACT 1–5 — Item label,static,bilingual,Stopped Watch,Stilstaand zakhorloge,停走的怀表,ADDED_SPRINT3B_CA_CLARIFICATION,Canonical Pocket item display label.
item.silver_star_key,ACT 1–5 — Item label,static,bilingual,★ Silver Key,★ zilveren sleutel,★银钥匙,ADDED_SPRINT3B_CA_CLARIFICATION,Canonical Pocket item display label.
item.municipal_closure_order,ACT 1–5 — Item label,static,bilingual,Municipal Closure Order,Gemeentelijk sluitingsbevel,市政封闭令,ADDED_SPRINT3B_CA_CLARIFICATION,Canonical Pocket item display label.
item.photo_1897,ACT 3+ — Group item label,static,bilingual,1897 Photograph,Foto uit 1897,1897年照片,ADDED_SPRINT3B_CA_CLARIFICATION,Canonical GROUP FOUND ITEMS display label.
item.torn_note,ACT 3+ — Group item label,static,bilingual,Torn Note,Gescheurd briefje,撕破的纸条,ADDED_SPRINT3B_CA_CLARIFICATION,Canonical GROUP FOUND ITEMS display label.
item.golden_key,ACT 10 — Group item label,static,bilingual,Golden Key,Gouden sleutel,金钥匙,ADDED_SPRINT6_CA_CORRECTION,Canonical Golden Key identity; never reuse the TAKE action label.
discussion.initial_choices,Shared DiscussionRoom,static,bilingual,Initial choices,Eerste keuzes,初始选择,ADDED_DISCUSSIONROOM_LOCALIZATION,Student-facing section label; replaces "Initial choices revealed".
discussion.no_messages,Shared DiscussionRoom,static,bilingual,No messages yet.,Nog geen berichten.,暂无消息。,ADDED_DISCUSSIONROOM_LOCALIZATION,Empty DiscussionRoom state.
discussion.send_message,Shared DiscussionRoom,static,bilingual,Send message,Verstuur bericht,发送消息,ADDED_SPRINT6_CA_CORRECTION,Canonical silent-texting message command.
discussion.voting_after_discussion,Shared DiscussionRoom,static,bilingual,Voting opens after the discussion.,De stemming opent na de bespreking.,讨论结束后开放投票。,ADDED_DISCUSSIONROOM_LOCALIZATION,Student instruction.
discussion.waiting_missing_player,Shared DiscussionRoom,static,bilingual,WAITING FOR MISSING PLAYER,WACHTEN OP EEN SPELER DIE NOG NIET HEEFT INGEDIEND,等待尚未提交的玩家,ADDED_DISCUSSIONROOM_LOCALIZATION,Do not synthesize missing player input.
discussion.vote_locked,Shared DiscussionRoom,static,bilingual,Your vote is locked.,Je stem is vergrendeld.,你的投票已锁定。,ADDED_DISCUSSIONROOM_LOCALIZATION,Shown after the player's vote is submitted.
discussion.final_vote,Shared DiscussionRoom,static,bilingual,Final vote,Eindstemming,最终投票,ADDED_DISCUSSIONROOM_LOCALIZATION,Final vote section title.
discussion.previous_vote_rounds,Shared DiscussionRoom,static,bilingual,Previous vote rounds,Vorige stemrondes,之前的投票轮次,ADDED_DISCUSSIONROOM_LOCALIZATION,Needed for re-vote visibility.
discussion.vote_round,Shared DiscussionRoom,template,bilingual,Vote round {round_no},Stemronde {round_no},第 {round_no} 轮投票,ADDED_DISCUSSIONROOM_LOCALIZATION,Current vote-round label.
discussion.submitted_progress,Shared DiscussionRoom,template,bilingual,{submitted}/3 submitted,{submitted}/3 ingediend,已提交 {submitted}/3,ADDED_DISCUSSIONROOM_LOCALIZATION,Generic submission progress.
discussion.votes_received_progress,Shared DiscussionRoom,template,bilingual,{submitted}/3 votes received.,{submitted}/3 stemmen ontvangen.,已收到 {submitted}/3 票。,ADDED_DISCUSSIONROOM_LOCALIZATION,Student-facing vote progress; developer phrase about synthesis removed.
runtime.audio.full,Sprint 6 audio controls,static,bilingual,Full volume,Volledig volume,正常音量,ADDED_RUNTIME_ACCESSIBILITY,Restores canonical audio level.
runtime.audio.reduced,Sprint 6 audio controls,static,bilingual,Reduced volume,Lager volume,低音量,ADDED_RUNTIME_ACCESSIBILITY,Reduced-volume accessibility control.
runtime.audio.mute,Sprint 6 audio controls,static,bilingual,Mute sound,Geluid dempen,静音,ADDED_RUNTIME_ACCESSIBILITY,Mute accessibility control.
runtime.audio.blocked,Sprint 6 audio controls,static,bilingual,Sound is paused. Use an audio control to retry.,Geluid is gepauzeerd. Gebruik een audioknop om opnieuw te proberen.,声音已暂停。请使用音频控制重试。,ADDED_RUNTIME_ACCESSIBILITY,Visible recovery path when browser playback is blocked.
