global_field_id,field_id,table,column,ddl_same_line_field_mentions,ddl_later_change_witnesses,full_alter_chain_field_effect_unknown
F0001,act6_13_event_ledger#01,act6_13_event_ledger,event_id,1,"database/037_level3_independent_audit_closure.sql:L18 create index act6_13_event_ledger_run_order on public.act6_13_event_ledger(run_id,event_id);",YES_MULTI_LINE_AND_DYNAMIC_DDL_NOT_PARSED
F0002,act6_13_event_ledger#02,act6_13_event_ledger,run_id,1,"database/037_level3_independent_audit_closure.sql:L18 create index act6_13_event_ledger_run_order on public.act6_13_event_ledger(run_id,event_id);",YES_MULTI_LINE_AND_DYNAMIC_DDL_NOT_PARSED
F0003,act6_13_event_ledger#03,act6_13_event_ledger,event_type,0,,YES_MULTI_LINE_AND_DYNAMIC_DDL_NOT_PARSED
F0004,act6_13_event_ledger#04,act6_13_event_ledger,act_no,0,,YES_MULTI_LINE_AND_DYNAMIC_DDL_NOT_PARSED
F0005,act6_13_event_ledger#05,act6_13_event_ledger,phase_key,0,,YES_MULTI_LINE_AND_DYNAMIC_DDL_NOT_PARSED
F0006,act6_13_event_ledger#06,act6_13_event_ledger,occurrence_id,0,,YES_MULTI_LINE_AND_DYNAMIC_DDL_NOT_PARSED
F0007,act6_13_event_ledger#07,act6_13_event_ledger,player_id,0,,YES_MULTI_LINE_AND_DYNAMIC_DDL_NOT_PARSED
F0008,act6_13_event_ledger#08,act6_13_event_ledger,details,0,,YES_MULTI_LINE_AND_DYNAMIC_DDL_NOT_PARSED
F0009,act6_13_event_ledger#09,act6_13_event_ledger,occurred_at,0,,YES_MULTI_LINE_AND_DYNAMIC_DDL_NOT_PARSED
F0010,asset_candidates#01,asset_candidates,asset_id,0,,YES_MULTI_LINE_AND_DYNAMIC_DDL_NOT_PARSED
F0011,asset_candidates#02,asset_candidates,asset_key,2,database/018_sprint4_asset_manager_v2.sql:L19 create unique index asset_candidates_one_active on public.asset_candidates(asset_key) where status='ACTIVE'; | database/019_sprint4_teacher_authority_correction.sql:L19 create unique index if not exists asset_candidates_one_active on public.asset_candidates(asset_key) where status='ACTIVE';,YES_MULTI_LINE_AND_DYNAMIC_DDL_NOT_PARSED
F0012,asset_candidates#03,asset_candidates,version,0,,YES_MULTI_LINE_AND_DYNAMIC_DDL_NOT_PARSED
F0013,asset_candidates#04,asset_candidates,asset_type,0,,YES_MULTI_LINE_AND_DYNAMIC_DDL_NOT_PARSED
F0014,asset_candidates#05,asset_candidates,scene_id,0,,YES_MULTI_LINE_AND_DYNAMIC_DDL_NOT_PARSED
F0015,asset_candidates#06,asset_candidates,assigned_to,0,,YES_MULTI_LINE_AND_DYNAMIC_DDL_NOT_PARSED
F0016,asset_candidates#07,asset_candidates,creator,0,,YES_MULTI_LINE_AND_DYNAMIC_DDL_NOT_PARSED
F0017,asset_candidates#08,asset_candidates,storage_path,0,,YES_MULTI_LINE_AND_DYNAMIC_DDL_NOT_PARSED
F0018,asset_candidates#09,asset_candidates,status,2,database/018_sprint4_asset_manager_v2.sql:L19 create unique index asset_candidates_one_active on public.asset_candidates(asset_key) where status='ACTIVE'; | database/019_sprint4_teacher_authority_correction.sql:L19 create unique index if not exists asset_candidates_one_active on public.asset_candidates(asset_key) where status='ACTIVE';,YES_MULTI_LINE_AND_DYNAMIC_DDL_NOT_PARSED
F0019,asset_candidates#10,asset_candidates,approved_by,0,,YES_MULTI_LINE_AND_DYNAMIC_DDL_NOT_PARSED
F0020,asset_candidates#11,asset_candidates,approved_at,0,,YES_MULTI_LINE_AND_DYNAMIC_DDL_NOT_PARSED
F0021,asset_candidates#12,asset_candidates,created_at,0,,YES_MULTI_LINE_AND_DYNAMIC_DDL_NOT_PARSED
F0022,asset_candidates#13,asset_candidates,final_prompt,0,,YES_MULTI_LINE_AND_DYNAMIC_DDL_NOT_PARSED
F0023,asset_candidates#14,asset_candidates,revision_note,0,,YES_MULTI_LINE_AND_DYNAMIC_DDL_NOT_PARSED
F0024,asset_candidates#15,asset_candidates,technical_notes,0,,YES_MULTI_LINE_AND_DYNAMIC_DDL_NOT_PARSED
F0025,asset_candidates#16,asset_candidates,paired_asset_group,0,,YES_MULTI_LINE_AND_DYNAMIC_DDL_NOT_PARSED
F0026,asset_candidates#17,asset_candidates,view_name,0,,YES_MULTI_LINE_AND_DYNAMIC_DDL_NOT_PARSED
F0027,asset_candidates#18,asset_candidates,ui_anchors,0,,YES_MULTI_LINE_AND_DYNAMIC_DDL_NOT_PARSED
F0028,asset_candidates#19,asset_candidates,width_px,0,,YES_MULTI_LINE_AND_DYNAMIC_DDL_NOT_PARSED
F0029,asset_candidates#20,asset_candidates,height_px,0,,YES_MULTI_LINE_AND_DYNAMIC_DDL_NOT_PARSED
F0030,asset_candidates#21,asset_candidates,mime_type,0,,YES_MULTI_LINE_AND_DYNAMIC_DDL_NOT_PARSED
F0031,asset_candidates#22,asset_candidates,duration_ms,0,,YES_MULTI_LINE_AND_DYNAMIC_DDL_NOT_PARSED
F0032,asset_candidates#23,asset_candidates,loopable,0,,YES_MULTI_LINE_AND_DYNAMIC_DDL_NOT_PARSED
F0033,asset_candidates#24,asset_candidates,license_source,0,,YES_MULTI_LINE_AND_DYNAMIC_DDL_NOT_PARSED
F0034,asset_candidates#25,asset_candidates,loudness_note,0,,YES_MULTI_LINE_AND_DYNAMIC_DDL_NOT_PARSED
F0035,asset_candidates#26,asset_candidates,continuity_refs,0,,YES_MULTI_LINE_AND_DYNAMIC_DDL_NOT_PARSED
F0036,asset_candidates#27,asset_candidates,required_anchors,0,,YES_MULTI_LINE_AND_DYNAMIC_DDL_NOT_PARSED
F0037,asset_candidates#28,asset_candidates,sha256,0,,YES_MULTI_LINE_AND_DYNAMIC_DDL_NOT_PARSED
F0038,asset_candidates#29,asset_candidates,published_at,0,,YES_MULTI_LINE_AND_DYNAMIC_DDL_NOT_PARSED
F0039,asset_events#01,asset_events,event_id,2,"database/018_sprint4_asset_manager_v2.sql:L20 create table public.asset_events(event_id uuid primary key default gen_random_uuid(),asset_key text not null,event_type text not null,versio | database/019_sprint4_teacher_authority_correction.sql:L20 create table if not exists public.asset_events(event_id uuid primary key default gen_random_uuid(),asset_key text not null,event_type text n",YES_MULTI_LINE_AND_DYNAMIC_DDL_NOT_PARSED
F0040,asset_events#02,asset_events,asset_key,2,"database/018_sprint4_asset_manager_v2.sql:L20 create table public.asset_events(event_id uuid primary key default gen_random_uuid(),asset_key text not null,event_type text not null,versio | database/019_sprint4_teacher_authority_correction.sql:L20 create table if not exists public.asset_events(event_id uuid primary key default gen_random_uuid(),asset_key text not null,event_type text n",YES_MULTI_LINE_AND_DYNAMIC_DDL_NOT_PARSED
F0041,asset_events#03,asset_events,event_type,2,"database/018_sprint4_asset_manager_v2.sql:L20 create table public.asset_events(event_id uuid primary key default gen_random_uuid(),asset_key text not null,event_type text not null,versio | database/019_sprint4_teacher_authority_correction.sql:L20 create table if not exists public.asset_events(event_id uuid primary key default gen_random_uuid(),asset_key text not null,event_type text n",YES_MULTI_LINE_AND_DYNAMIC_DDL_NOT_PARSED
F0042,asset_events#04,asset_events,version,2,"database/018_sprint4_asset_manager_v2.sql:L20 create table public.asset_events(event_id uuid primary key default gen_random_uuid(),asset_key text not null,event_type text not null,versio | database/019_sprint4_teacher_authority_correction.sql:L20 create table if not exists public.asset_events(event_id uuid primary key default gen_random_uuid(),asset_key text not null,event_type text n",YES_MULTI_LINE_AND_DYNAMIC_DDL_NOT_PARSED
F0043,asset_events#05,asset_events,details,2,"database/018_sprint4_asset_manager_v2.sql:L20 create table public.asset_events(event_id uuid primary key default gen_random_uuid(),asset_key text not null,event_type text not null,versio | database/019_sprint4_teacher_authority_correction.sql:L20 create table if not exists public.asset_events(event_id uuid primary key default gen_random_uuid(),asset_key text not null,event_type text n",YES_MULTI_LINE_AND_DYNAMIC_DDL_NOT_PARSED
F0044,asset_events#06,asset_events,created_at,2,"database/018_sprint4_asset_manager_v2.sql:L20 create table public.asset_events(event_id uuid primary key default gen_random_uuid(),asset_key text not null,event_type text not null,versio | database/019_sprint4_teacher_authority_correction.sql:L20 create table if not exists public.asset_events(event_id uuid primary key default gen_random_uuid(),asset_key text not null,event_type text n",YES_MULTI_LINE_AND_DYNAMIC_DDL_NOT_PARSED
F0045,asset_manager_reviewers#01,asset_manager_reviewers,token_hash,1,"database/024_sprint4_level1_narrow_corrections.sql:L3 create table public.asset_manager_reviewers(token_hash text primary key,label text not null,enabled boolean not null default true,created_at",YES_MULTI_LINE_AND_DYNAMIC_DDL_NOT_PARSED
F0046,asset_manager_reviewers#02,asset_manager_reviewers,label,1,"database/024_sprint4_level1_narrow_corrections.sql:L3 create table public.asset_manager_reviewers(token_hash text primary key,label text not null,enabled boolean not null default true,created_at",YES_MULTI_LINE_AND_DYNAMIC_DDL_NOT_PARSED
F0047,asset_manager_reviewers#03,asset_manager_reviewers,enabled,1,"database/024_sprint4_level1_narrow_corrections.sql:L3 create table public.asset_manager_reviewers(token_hash text primary key,label text not null,enabled boolean not null default true,created_at",YES_MULTI_LINE_AND_DYNAMIC_DDL_NOT_PARSED
F0048,asset_manager_reviewers#04,asset_manager_reviewers,created_at,1,"database/024_sprint4_level1_narrow_corrections.sql:L3 create table public.asset_manager_reviewers(token_hash text primary key,label text not null,enabled boolean not null default true,created_at",YES_MULTI_LINE_AND_DYNAMIC_DDL_NOT_PARSED
F0049,asset_registry_projection#01,asset_registry_projection,asset_key,0,,YES_MULTI_LINE_AND_DYNAMIC_DDL_NOT_PARSED
F0050,asset_registry_projection#02,asset_registry_projection,display_name,0,,YES_MULTI_LINE_AND_DYNAMIC_DDL_NOT_PARSED
F0051,asset_registry_projection#03,asset_registry_projection,aliases,0,,YES_MULTI_LINE_AND_DYNAMIC_DDL_NOT_PARSED
F0052,asset_registry_projection#04,asset_registry_projection,asset_type,0,,YES_MULTI_LINE_AND_DYNAMIC_DDL_NOT_PARSED
F0053,asset_registry_projection#05,asset_registry_projection,scene_id,0,,YES_MULTI_LINE_AND_DYNAMIC_DDL_NOT_PARSED
F0054,asset_registry_projection#06,asset_registry_projection,assigned_to,0,,YES_MULTI_LINE_AND_DYNAMIC_DDL_NOT_PARSED
F0055,asset_registry_projection#07,asset_registry_projection,latest_version,0,,YES_MULTI_LINE_AND_DYNAMIC_DDL_NOT_PARSED
F0056,asset_registry_projection#08,asset_registry_projection,active_version,0,,YES_MULTI_LINE_AND_DYNAMIC_DDL_NOT_PARSED
F0057,asset_registry_projection#09,asset_registry_projection,continuity_refs,0,,YES_MULTI_LINE_AND_DYNAMIC_DDL_NOT_PARSED
F0058,asset_registry_projection#10,asset_registry_projection,paired_asset_group,0,,YES_MULTI_LINE_AND_DYNAMIC_DDL_NOT_PARSED
F0059,asset_registry_projection#11,asset_registry_projection,required_anchors,0,,YES_MULTI_LINE_AND_DYNAMIC_DDL_NOT_PARSED
F0060,asset_registry_projection#12,asset_registry_projection,runtime_required,0,,YES_MULTI_LINE_AND_DYNAMIC_DDL_NOT_PARSED
F0061,asset_registry_projection#13,asset_registry_projection,registry_sha256,0,,YES_MULTI_LINE_AND_DYNAMIC_DDL_NOT_PARSED
F0062,asset_registry_projection#14,asset_registry_projection,projected_at,0,,YES_MULTI_LINE_AND_DYNAMIC_DDL_NOT_PARSED
F0063,dialogue_messages#01,dialogue_messages,message_id,0,,YES_MULTI_LINE_AND_DYNAMIC_DDL_NOT_PARSED
F0064,dialogue_messages#02,dialogue_messages,run_id,0,,YES_MULTI_LINE_AND_DYNAMIC_DDL_NOT_PARSED
F0065,dialogue_messages#03,dialogue_messages,discussion_session_id,0,,YES_MULTI_LINE_AND_DYNAMIC_DDL_NOT_PARSED
F0066,dialogue_messages#04,dialogue_messages,scene_id,0,,YES_MULTI_LINE_AND_DYNAMIC_DDL_NOT_PARSED
F0067,dialogue_messages#05,dialogue_messages,phase_key,0,,YES_MULTI_LINE_AND_DYNAMIC_DDL_NOT_PARSED
F0068,dialogue_messages#06,dialogue_messages,step_key,0,,YES_MULTI_LINE_AND_DYNAMIC_DDL_NOT_PARSED
F0069,dialogue_messages#07,dialogue_messages,player_id,0,,YES_MULTI_LINE_AND_DYNAMIC_DDL_NOT_PARSED
F0070,dialogue_messages#08,dialogue_messages,message_text,0,,YES_MULTI_LINE_AND_DYNAMIC_DDL_NOT_PARSED
F0071,dialogue_messages#09,dialogue_messages,created_at,0,,YES_MULTI_LINE_AND_DYNAMIC_DDL_NOT_PARSED
F0072,dialogue_messages#10,dialogue_messages,client_request_id,0,,YES_MULTI_LINE_AND_DYNAMIC_DDL_NOT_PARSED
F0073,discussion_sessions#01,discussion_sessions,discussion_session_id,0,,YES_MULTI_LINE_AND_DYNAMIC_DDL_NOT_PARSED
F0074,discussion_sessions#02,discussion_sessions,run_id,0,,YES_MULTI_LINE_AND_DYNAMIC_DDL_NOT_PARSED
F0075,discussion_sessions#03,discussion_sessions,scene_id,0,,YES_MULTI_LINE_AND_DYNAMIC_DDL_NOT_PARSED
F0076,discussion_sessions#04,discussion_sessions,phase_key,0,,YES_MULTI_LINE_AND_DYNAMIC_DDL_NOT_PARSED
F0077,discussion_sessions#05,discussion_sessions,step_key,0,,YES_MULTI_LINE_AND_DYNAMIC_DDL_NOT_PARSED
F0078,discussion_sessions#06,discussion_sessions,round_no,0,,YES_MULTI_LINE_AND_DYNAMIC_DDL_NOT_PARSED
F0079,discussion_sessions#07,discussion_sessions,vote_round,0,,YES_MULTI_LINE_AND_DYNAMIC_DDL_NOT_PARSED
F0080,discussion_sessions#08,discussion_sessions,topic,0,,YES_MULTI_LINE_AND_DYNAMIC_DDL_NOT_PARSED
F0081,discussion_sessions#09,discussion_sessions,status,0,,YES_MULTI_LINE_AND_DYNAMIC_DDL_NOT_PARSED
F0082,discussion_sessions#10,discussion_sessions,started_at,0,,YES_MULTI_LINE_AND_DYNAMIC_DDL_NOT_PARSED
F0083,discussion_sessions#11,discussion_sessions,phase_deadline,0,,YES_MULTI_LINE_AND_DYNAMIC_DDL_NOT_PARSED
F0084,discussion_sessions#12,discussion_sessions,ended_at,0,,YES_MULTI_LINE_AND_DYNAMIC_DDL_NOT_PARSED
F0085,discussion_sessions#13,discussion_sessions,outcome,0,,YES_MULTI_LINE_AND_DYNAMIC_DDL_NOT_PARSED
F0086,discussion_sessions#14,discussion_sessions,show_initial_choices,0,,YES_MULTI_LINE_AND_DYNAMIC_DDL_NOT_PARSED
F0087,discussion_sessions#15,discussion_sessions,allow_free_text,0,,YES_MULTI_LINE_AND_DYNAMIC_DDL_NOT_PARSED
F0088,discussion_sessions#16,discussion_sessions,require_final_vote,0,,YES_MULTI_LINE_AND_DYNAMIC_DDL_NOT_PARSED
F0089,discussion_sessions#17,discussion_sessions,vote_options,0,,YES_MULTI_LINE_AND_DYNAMIC_DDL_NOT_PARSED
F0090,discussion_sessions#18,discussion_sessions,tie_policy,0,,YES_MULTI_LINE_AND_DYNAMIC_DDL_NOT_PARSED
F0091,discussion_sessions#19,discussion_sessions,revote_window_sec,0,,YES_MULTI_LINE_AND_DYNAMIC_DDL_NOT_PARSED
F0092,discussion_sessions#20,discussion_sessions,max_revotes,0,,YES_MULTI_LINE_AND_DYNAMIC_DDL_NOT_PARSED
F0093,discussion_sessions#21,discussion_sessions,fallback_resolution,0,,YES_MULTI_LINE_AND_DYNAMIC_DDL_NOT_PARSED
F0094,discussion_sessions#22,discussion_sessions,discussion_timeout_policy,0,,YES_MULTI_LINE_AND_DYNAMIC_DDL_NOT_PARSED
F0095,discussion_sessions#23,discussion_sessions,vote_timeout_policy,0,,YES_MULTI_LINE_AND_DYNAMIC_DDL_NOT_PARSED
F0096,discussion_sessions#24,discussion_sessions,discussion_time_limit_sec,0,,YES_MULTI_LINE_AND_DYNAMIC_DDL_NOT_PARSED
F0097,discussion_sessions#25,discussion_sessions,vote_time_limit_sec,0,,YES_MULTI_LINE_AND_DYNAMIC_DDL_NOT_PARSED
F0098,discussion_sessions#26,discussion_sessions,silent_texting_mode,0,,YES_MULTI_LINE_AND_DYNAMIC_DDL_NOT_PARSED
F0099,discussion_sessions#27,discussion_sessions,allow_pocket,1,database/029_sprint5_canonical_discussion_localization.sql:L4 alter table public.discussion_sessions add column if not exists allow_pocket boolean not null default false;,YES_MULTI_LINE_AND_DYNAMIC_DDL_NOT_PARSED
F0100,discussion_sessions#28,discussion_sessions,allow_memories_observations,1,database/029_sprint5_canonical_discussion_localization.sql:L5 alter table public.discussion_sessions add column if not exists allow_memories_observations boolean not null default false;,YES_MULTI_LINE_AND_DYNAMIC_DDL_NOT_PARSED
F0101,discussion_sessions#29,discussion_sessions,allow_share_photo,1,database/029_sprint5_canonical_discussion_localization.sql:L6 alter table public.discussion_sessions add column if not exists allow_share_photo boolean not null default false;,YES_MULTI_LINE_AND_DYNAMIC_DDL_NOT_PARSED
F0102,game_runs#01,game_runs,run_id,0,,YES_MULTI_LINE_AND_DYNAMIC_DDL_NOT_PARSED
F0103,game_runs#02,game_runs,room_code,0,,YES_MULTI_LINE_AND_DYNAMIC_DDL_NOT_PARSED
F0104,game_runs#03,game_runs,run_started_at,0,,YES_MULTI_LINE_AND_DYNAMIC_DDL_NOT_PARSED
F0105,game_runs#04,game_runs,run_mode,0,,YES_MULTI_LINE_AND_DYNAMIC_DDL_NOT_PARSED
F0106,game_runs#05,game_runs,behavior_dataset_eligible,0,,YES_MULTI_LINE_AND_DYNAMIC_DDL_NOT_PARSED
F0107,game_runs#06,game_runs,status,0,,YES_MULTI_LINE_AND_DYNAMIC_DDL_NOT_PARSED
F0108,game_runs#07,game_runs,scene_id,0,,YES_MULTI_LINE_AND_DYNAMIC_DDL_NOT_PARSED
F0109,game_runs#08,game_runs,phase_key,0,,YES_MULTI_LINE_AND_DYNAMIC_DDL_NOT_PARSED
F0110,game_runs#09,game_runs,step_key,0,,YES_MULTI_LINE_AND_DYNAMIC_DDL_NOT_PARSED
F0111,game_runs#10,game_runs,silent_texting_mode,0,,YES_MULTI_LINE_AND_DYNAMIC_DDL_NOT_PARSED
F0112,game_runs#11,game_runs,created_at,0,,YES_MULTI_LINE_AND_DYNAMIC_DDL_NOT_PARSED
F0113,game_runs#12,game_runs,audit_private_debug_view,0,,YES_MULTI_LINE_AND_DYNAMIC_DDL_NOT_PARSED
F0114,game_runs#13,game_runs,active_override_id,1,database/015_sprint3c_minimal_safe_teacher_override.sql:L32 alter table public.game_runs add column if not exists active_override_id uuid references public.teacher_overrides(override_id);,YES_MULTI_LINE_AND_DYNAMIC_DDL_NOT_PARSED
F0115,game_runs#14,game_runs,session_integrity_verified,0,,YES_MULTI_LINE_AND_DYNAMIC_DDL_NOT_PARSED
F0116,game_runs#15,game_runs,game_completed,0,,YES_MULTI_LINE_AND_DYNAMIC_DDL_NOT_PARSED
F0117,game_runs#16,game_runs,export_ready,0,,YES_MULTI_LINE_AND_DYNAMIC_DDL_NOT_PARSED
F0118,game_runs#17,game_runs,completed_at,0,,YES_MULTI_LINE_AND_DYNAMIC_DDL_NOT_PARSED
F0119,runtime_events#01,runtime_events,event_id,0,,YES_MULTI_LINE_AND_DYNAMIC_DDL_NOT_PARSED
F0120,runtime_events#02,runtime_events,run_id,0,,YES_MULTI_LINE_AND_DYNAMIC_DDL_NOT_PARSED
F0121,runtime_events#03,runtime_events,room_code,0,,YES_MULTI_LINE_AND_DYNAMIC_DDL_NOT_PARSED
F0122,runtime_events#04,runtime_events,discussion_session_id,0,,YES_MULTI_LINE_AND_DYNAMIC_DDL_NOT_PARSED
F0123,runtime_events#05,runtime_events,event_type,0,,YES_MULTI_LINE_AND_DYNAMIC_DDL_NOT_PARSED
F0124,runtime_events#06,runtime_events,actor_player_id,0,,YES_MULTI_LINE_AND_DYNAMIC_DDL_NOT_PARSED
F0125,runtime_events#07,runtime_events,details,0,,YES_MULTI_LINE_AND_DYNAMIC_DDL_NOT_PARSED
F0126,runtime_events#08,runtime_events,created_at,0,,YES_MULTI_LINE_AND_DYNAMIC_DDL_NOT_PARSED
F0127,runtime_events#09,runtime_events,scene_id,0,,YES_MULTI_LINE_AND_DYNAMIC_DDL_NOT_PARSED
F0128,runtime_events#10,runtime_events,phase_key,0,,YES_MULTI_LINE_AND_DYNAMIC_DDL_NOT_PARSED
F0129,runtime_events#11,runtime_events,step_key,0,,YES_MULTI_LINE_AND_DYNAMIC_DDL_NOT_PARSED
F0130,runtime_events#12,runtime_events,event_source,0,,YES_MULTI_LINE_AND_DYNAMIC_DDL_NOT_PARSED
F0131,runtime_events#13,runtime_events,validity,0,,YES_MULTI_LINE_AND_DYNAMIC_DDL_NOT_PARSED
F0132,runtime_events#14,runtime_events,behavior_scoring,0,,YES_MULTI_LINE_AND_DYNAMIC_DDL_NOT_PARSED
F0133,runtime_events#15,runtime_events,interaction_id,0,,YES_MULTI_LINE_AND_DYNAMIC_DDL_NOT_PARSED
F0134,runtime_events#16,runtime_events,client_request_id,0,,YES_MULTI_LINE_AND_DYNAMIC_DDL_NOT_PARSED
F0135,runtime_player_decisions#01,runtime_player_decisions,decision_id,0,,YES_MULTI_LINE_AND_DYNAMIC_DDL_NOT_PARSED
F0136,runtime_player_decisions#02,runtime_player_decisions,run_id,0,,YES_MULTI_LINE_AND_DYNAMIC_DDL_NOT_PARSED
F0137,runtime_player_decisions#03,runtime_player_decisions,discussion_session_id,0,,YES_MULTI_LINE_AND_DYNAMIC_DDL_NOT_PARSED
F0138,runtime_player_decisions#04,runtime_player_decisions,scene_id,0,,YES_MULTI_LINE_AND_DYNAMIC_DDL_NOT_PARSED
F0139,runtime_player_decisions#05,runtime_player_decisions,phase_key,0,,YES_MULTI_LINE_AND_DYNAMIC_DDL_NOT_PARSED
F0140,runtime_player_decisions#06,runtime_player_decisions,step_key,0,,YES_MULTI_LINE_AND_DYNAMIC_DDL_NOT_PARSED
F0141,runtime_player_decisions#07,runtime_player_decisions,vote_round,0,,YES_MULTI_LINE_AND_DYNAMIC_DDL_NOT_PARSED
F0142,runtime_player_decisions#08,runtime_player_decisions,player_id,0,,YES_MULTI_LINE_AND_DYNAMIC_DDL_NOT_PARSED
F0143,runtime_player_decisions#09,runtime_player_decisions,decision_type,0,,YES_MULTI_LINE_AND_DYNAMIC_DDL_NOT_PARSED
F0144,runtime_player_decisions#10,runtime_player_decisions,choice_id,0,,YES_MULTI_LINE_AND_DYNAMIC_DDL_NOT_PARSED
F0145,runtime_player_decisions#11,runtime_player_decisions,choice_label,0,,YES_MULTI_LINE_AND_DYNAMIC_DDL_NOT_PARSED
F0146,runtime_player_decisions#12,runtime_player_decisions,locked_at,0,,YES_MULTI_LINE_AND_DYNAMIC_DDL_NOT_PARSED
F0147,runtime_player_decisions#13,runtime_player_decisions,validity,0,,YES_MULTI_LINE_AND_DYNAMIC_DDL_NOT_PARSED
F0148,runtime_player_decisions#14,runtime_player_decisions,context_provenance,0,,YES_MULTI_LINE_AND_DYNAMIC_DDL_NOT_PARSED
F0149,s1_game_events#01,s1_game_events,event_id,0,,YES_MULTI_LINE_AND_DYNAMIC_DDL_NOT_PARSED
F0150,s1_game_events#02,s1_game_events,room_code,0,,YES_MULTI_LINE_AND_DYNAMIC_DDL_NOT_PARSED
F0151,s1_game_events#03,s1_game_events,event_type,0,,YES_MULTI_LINE_AND_DYNAMIC_DDL_NOT_PARSED
F0152,s1_game_events#04,s1_game_events,actor_player_id,0,,YES_MULTI_LINE_AND_DYNAMIC_DDL_NOT_PARSED
F0153,s1_game_events#05,s1_game_events,details,0,,YES_MULTI_LINE_AND_DYNAMIC_DDL_NOT_PARSED
F0154,s1_game_events#06,s1_game_events,created_at,0,,YES_MULTI_LINE_AND_DYNAMIC_DDL_NOT_PARSED
F0155,s1_player_decisions#01,s1_player_decisions,decision_id,0,,YES_MULTI_LINE_AND_DYNAMIC_DDL_NOT_PARSED
F0156,s1_player_decisions#02,s1_player_decisions,room_code,0,,YES_MULTI_LINE_AND_DYNAMIC_DDL_NOT_PARSED
F0157,s1_player_decisions#03,s1_player_decisions,scene_id,0,,YES_MULTI_LINE_AND_DYNAMIC_DDL_NOT_PARSED
F0158,s1_player_decisions#04,s1_player_decisions,player_id,0,,YES_MULTI_LINE_AND_DYNAMIC_DDL_NOT_PARSED
F0159,s1_player_decisions#05,s1_player_decisions,decision_type,0,,YES_MULTI_LINE_AND_DYNAMIC_DDL_NOT_PARSED
F0160,s1_player_decisions#06,s1_player_decisions,choice_id,0,,YES_MULTI_LINE_AND_DYNAMIC_DDL_NOT_PARSED
F0161,s1_player_decisions#07,s1_player_decisions,choice_label,0,,YES_MULTI_LINE_AND_DYNAMIC_DDL_NOT_PARSED
F0162,s1_player_decisions#08,s1_player_decisions,locked_at,0,,YES_MULTI_LINE_AND_DYNAMIC_DDL_NOT_PARSED
F0163,s1_room_players#01,s1_room_players,player_id,0,,YES_MULTI_LINE_AND_DYNAMIC_DDL_NOT_PARSED
F0164,s1_room_players#02,s1_room_players,room_code,0,,YES_MULTI_LINE_AND_DYNAMIC_DDL_NOT_PARSED
F0165,s1_room_players#03,s1_room_players,role_slot,0,,YES_MULTI_LINE_AND_DYNAMIC_DDL_NOT_PARSED
F0166,s1_room_players#04,s1_room_players,display_name,0,,YES_MULTI_LINE_AND_DYNAMIC_DDL_NOT_PARSED
F0167,s1_room_players#05,s1_room_players,join_code_hash,0,,YES_MULTI_LINE_AND_DYNAMIC_DDL_NOT_PARSED
F0168,s1_room_players#06,s1_room_players,session_token_hash,0,,YES_MULTI_LINE_AND_DYNAMIC_DDL_NOT_PARSED
F0169,s1_room_players#07,s1_room_players,joined_at,0,,YES_MULTI_LINE_AND_DYNAMIC_DDL_NOT_PARSED
F0170,s1_room_players#08,s1_room_players,last_seen_at,0,,YES_MULTI_LINE_AND_DYNAMIC_DDL_NOT_PARSED
F0171,s1_room_state#01,s1_room_state,room_code,0,,YES_MULTI_LINE_AND_DYNAMIC_DDL_NOT_PARSED
F0172,s1_room_state#02,s1_room_state,current_scene,0,,YES_MULTI_LINE_AND_DYNAMIC_DDL_NOT_PARSED
F0173,s1_room_state#03,s1_room_state,phase,0,,YES_MULTI_LINE_AND_DYNAMIC_DDL_NOT_PARSED
F0174,s1_room_state#04,s1_room_state,updated_at,0,,YES_MULTI_LINE_AND_DYNAMIC_DDL_NOT_PARSED
F0175,s1_rooms#01,s1_rooms,room_code,0,,YES_MULTI_LINE_AND_DYNAMIC_DDL_NOT_PARSED
F0176,s1_rooms#02,s1_rooms,teacher_token_hash,0,,YES_MULTI_LINE_AND_DYNAMIC_DDL_NOT_PARSED
F0177,s1_rooms#03,s1_rooms,created_at,0,,YES_MULTI_LINE_AND_DYNAMIC_DDL_NOT_PARSED
F0178,s1_rooms#04,s1_rooms,updated_at,0,,YES_MULTI_LINE_AND_DYNAMIC_DDL_NOT_PARSED
F0179,s1_scene_choices#01,s1_scene_choices,scene_id,0,,YES_MULTI_LINE_AND_DYNAMIC_DDL_NOT_PARSED
F0180,s1_scene_choices#02,s1_scene_choices,choice_id,0,,YES_MULTI_LINE_AND_DYNAMIC_DDL_NOT_PARSED
F0181,s1_scene_choices#03,s1_scene_choices,choice_label,0,,YES_MULTI_LINE_AND_DYNAMIC_DDL_NOT_PARSED
F0182,s1_scene_choices#04,s1_scene_choices,active,0,,YES_MULTI_LINE_AND_DYNAMIC_DDL_NOT_PARSED
F0183,s3_group_items#01,s3_group_items,run_id,0,,YES_MULTI_LINE_AND_DYNAMIC_DDL_NOT_PARSED
F0184,s3_group_items#02,s3_group_items,item_key,0,,YES_MULTI_LINE_AND_DYNAMIC_DDL_NOT_PARSED
F0185,s3_group_items#03,s3_group_items,label_text_key,0,,YES_MULTI_LINE_AND_DYNAMIC_DDL_NOT_PARSED
F0186,s3_group_items#04,s3_group_items,acquired_at,0,,YES_MULTI_LINE_AND_DYNAMIC_DDL_NOT_PARSED
F0187,s3_item_catalog#01,s3_item_catalog,item_key,0,,YES_MULTI_LINE_AND_DYNAMIC_DDL_NOT_PARSED
F0188,s3_item_catalog#02,s3_item_catalog,name_text_key,0,,YES_MULTI_LINE_AND_DYNAMIC_DDL_NOT_PARSED
F0189,s3_item_catalog#03,s3_item_catalog,shareable_views,0,,YES_MULTI_LINE_AND_DYNAMIC_DDL_NOT_PARSED
F0190,s3_knowledge_catalog#01,s3_knowledge_catalog,knowledge_key,0,,YES_MULTI_LINE_AND_DYNAMIC_DDL_NOT_PARSED
F0191,s3_observation_catalog#01,s3_observation_catalog,observation_key,0,,YES_MULTI_LINE_AND_DYNAMIC_DDL_NOT_PARSED
F0192,s3_observation_catalog#02,s3_observation_catalog,display_text_key,0,,YES_MULTI_LINE_AND_DYNAMIC_DDL_NOT_PARSED
F0193,s3_player_item_view_state#01,s3_player_item_view_state,run_id,0,,YES_MULTI_LINE_AND_DYNAMIC_DDL_NOT_PARSED
F0194,s3_player_item_view_state#02,s3_player_item_view_state,player_id,0,,YES_MULTI_LINE_AND_DYNAMIC_DDL_NOT_PARSED
F0195,s3_player_item_view_state#03,s3_player_item_view_state,item_key,0,,YES_MULTI_LINE_AND_DYNAMIC_DDL_NOT_PARSED
F0196,s3_player_item_view_state#04,s3_player_item_view_state,current_view,0,,YES_MULTI_LINE_AND_DYNAMIC_DDL_NOT_PARSED
F0197,s3_player_item_view_state#05,s3_player_item_view_state,updated_at,0,,YES_MULTI_LINE_AND_DYNAMIC_DDL_NOT_PARSED
F0198,s3_player_items#01,s3_player_items,run_id,0,,YES_MULTI_LINE_AND_DYNAMIC_DDL_NOT_PARSED
F0199,s3_player_items#02,s3_player_items,item_key,0,,YES_MULTI_LINE_AND_DYNAMIC_DDL_NOT_PARSED
F0200,s3_player_items#03,s3_player_items,physical_owner_id,0,,YES_MULTI_LINE_AND_DYNAMIC_DDL_NOT_PARSED
F0201,s3_player_items#04,s3_player_items,acquired_at,0,,YES_MULTI_LINE_AND_DYNAMIC_DDL_NOT_PARSED
F0202,s3_player_knowledge#01,s3_player_knowledge,acquisition_id,0,,YES_MULTI_LINE_AND_DYNAMIC_DDL_NOT_PARSED
F0203,s3_player_knowledge#02,s3_player_knowledge,run_id,0,,YES_MULTI_LINE_AND_DYNAMIC_DDL_NOT_PARSED
F0204,s3_player_knowledge#03,s3_player_knowledge,player_id,0,,YES_MULTI_LINE_AND_DYNAMIC_DDL_NOT_PARSED
F0205,s3_player_knowledge#04,s3_player_knowledge,knowledge_key,0,,YES_MULTI_LINE_AND_DYNAMIC_DDL_NOT_PARSED
F0206,s3_player_knowledge#05,s3_player_knowledge,source,0,,YES_MULTI_LINE_AND_DYNAMIC_DDL_NOT_PARSED
F0207,s3_player_knowledge#06,s3_player_knowledge,scene_id,0,,YES_MULTI_LINE_AND_DYNAMIC_DDL_NOT_PARSED
F0208,s3_player_knowledge#07,s3_player_knowledge,source_player_id,0,,YES_MULTI_LINE_AND_DYNAMIC_DDL_NOT_PARSED
F0209,s3_player_knowledge#08,s3_player_knowledge,source_item_key,0,,YES_MULTI_LINE_AND_DYNAMIC_DDL_NOT_PARSED
F0210,s3_player_knowledge#09,s3_player_knowledge,delivered_at,0,,YES_MULTI_LINE_AND_DYNAMIC_DDL_NOT_PARSED
F0211,s3_player_observations#01,s3_player_observations,run_id,0,,YES_MULTI_LINE_AND_DYNAMIC_DDL_NOT_PARSED
F0212,s3_player_observations#02,s3_player_observations,player_id,0,,YES_MULTI_LINE_AND_DYNAMIC_DDL_NOT_PARSED
F0213,s3_player_observations#03,s3_player_observations,observation_key,0,,YES_MULTI_LINE_AND_DYNAMIC_DDL_NOT_PARSED
F0214,s3_player_observations#04,s3_player_observations,display_text_key,0,,YES_MULTI_LINE_AND_DYNAMIC_DDL_NOT_PARSED
F0215,s3_player_observations#05,s3_player_observations,discovered_at_scene,0,,YES_MULTI_LINE_AND_DYNAMIC_DDL_NOT_PARSED
F0216,s3_player_observations#06,s3_player_observations,discovered_at,0,,YES_MULTI_LINE_AND_DYNAMIC_DDL_NOT_PARSED
F0217,s3_runtime_scene_state#01,s3_runtime_scene_state,run_id,0,,YES_MULTI_LINE_AND_DYNAMIC_DDL_NOT_PARSED
F0218,s3_runtime_scene_state#02,s3_runtime_scene_state,scene_id,0,,YES_MULTI_LINE_AND_DYNAMIC_DDL_NOT_PARSED
F0219,s3_runtime_scene_state#03,s3_runtime_scene_state,phase_key,0,,YES_MULTI_LINE_AND_DYNAMIC_DDL_NOT_PARSED
F0220,s3_runtime_scene_state#04,s3_runtime_scene_state,step_key,0,,YES_MULTI_LINE_AND_DYNAMIC_DDL_NOT_PARSED
F0221,s3_runtime_scene_state#05,s3_runtime_scene_state,display_mode,0,,YES_MULTI_LINE_AND_DYNAMIC_DDL_NOT_PARSED
F0222,s3_runtime_scene_state#06,s3_runtime_scene_state,text_key,0,,YES_MULTI_LINE_AND_DYNAMIC_DDL_NOT_PARSED
F0223,s3_runtime_scene_state#07,s3_runtime_scene_state,current_route_target,0,,YES_MULTI_LINE_AND_DYNAMIC_DDL_NOT_PARSED
F0224,s3_runtime_scene_state#08,s3_runtime_scene_state,wayfinding_target,0,,YES_MULTI_LINE_AND_DYNAMIC_DDL_NOT_PARSED
F0225,s3_runtime_scene_state#09,s3_runtime_scene_state,updated_at,0,,YES_MULTI_LINE_AND_DYNAMIC_DDL_NOT_PARSED
F0226,s3_runtime_scene_state#10,s3_runtime_scene_state,allow_share_photo,0,,YES_MULTI_LINE_AND_DYNAMIC_DDL_NOT_PARSED
F0227,s3_shared_photos#01,s3_shared_photos,photo_copy_id,0,,YES_MULTI_LINE_AND_DYNAMIC_DDL_NOT_PARSED
F0228,s3_shared_photos#02,s3_shared_photos,run_id,0,,YES_MULTI_LINE_AND_DYNAMIC_DDL_NOT_PARSED
F0229,s3_shared_photos#03,s3_shared_photos,received_by,0,,YES_MULTI_LINE_AND_DYNAMIC_DDL_NOT_PARSED
F0230,s3_shared_photos#04,s3_shared_photos,shared_by,0,,YES_MULTI_LINE_AND_DYNAMIC_DDL_NOT_PARSED
F0231,s3_shared_photos#05,s3_shared_photos,source_item_key,0,,YES_MULTI_LINE_AND_DYNAMIC_DDL_NOT_PARSED
F0232,s3_shared_photos#06,s3_shared_photos,source_view,0,,YES_MULTI_LINE_AND_DYNAMIC_DDL_NOT_PARSED
F0233,s3_shared_photos#07,s3_shared_photos,label_text_key,0,,YES_MULTI_LINE_AND_DYNAMIC_DDL_NOT_PARSED
F0234,s3_shared_photos#08,s3_shared_photos,shared_at,0,,YES_MULTI_LINE_AND_DYNAMIC_DDL_NOT_PARSED
F0235,s3b_library_attempts#01,s3b_library_attempts,run_id,0,,YES_MULTI_LINE_AND_DYNAMIC_DDL_NOT_PARSED
F0236,s3b_library_attempts#02,s3b_library_attempts,attempt_number,0,,YES_MULTI_LINE_AND_DYNAMIC_DDL_NOT_PARSED
F0237,s3b_library_attempts#03,s3b_library_attempts,submitted_by,0,,YES_MULTI_LINE_AND_DYNAMIC_DDL_NOT_PARSED
F0238,s3b_library_attempts#04,s3b_library_attempts,submitted_value,0,,YES_MULTI_LINE_AND_DYNAMIC_DDL_NOT_PARSED
F0239,s3b_library_attempts#05,s3b_library_attempts,submitted_at,0,,YES_MULTI_LINE_AND_DYNAMIC_DDL_NOT_PARSED
F0240,s3b_library_attempts#06,s3b_library_attempts,correct,0,,YES_MULTI_LINE_AND_DYNAMIC_DDL_NOT_PARSED
F0241,s3b_library_attempts#07,s3b_library_attempts,client_request_id,0,,YES_MULTI_LINE_AND_DYNAMIC_DDL_NOT_PARSED
F0242,s3b_player_facts#01,s3b_player_facts,run_id,0,,YES_MULTI_LINE_AND_DYNAMIC_DDL_NOT_PARSED
F0243,s3b_player_facts#02,s3b_player_facts,player_id,0,,YES_MULTI_LINE_AND_DYNAMIC_DDL_NOT_PARSED
F0244,s3b_player_facts#03,s3b_player_facts,fact_key,0,,YES_MULTI_LINE_AND_DYNAMIC_DDL_NOT_PARSED
F0245,s3b_player_facts#04,s3b_player_facts,discovered_at,0,,YES_MULTI_LINE_AND_DYNAMIC_DDL_NOT_PARSED
F0246,s3b_player_progress#01,s3b_player_progress,run_id,0,,YES_MULTI_LINE_AND_DYNAMIC_DDL_NOT_PARSED
F0247,s3b_player_progress#02,s3b_player_progress,player_id,0,,YES_MULTI_LINE_AND_DYNAMIC_DDL_NOT_PARSED
F0248,s3b_player_progress#03,s3b_player_progress,act1_choice_id,0,,YES_MULTI_LINE_AND_DYNAMIC_DDL_NOT_PARSED
F0249,s3b_player_progress#04,s3b_player_progress,act1_locked_at,0,,YES_MULTI_LINE_AND_DYNAMIC_DDL_NOT_PARSED
F0250,s3b_player_progress#05,s3b_player_progress,first_meeting_choice,0,,YES_MULTI_LINE_AND_DYNAMIC_DDL_NOT_PARSED
F0251,s3b_player_progress#06,s3b_player_progress,first_meeting_locked_at,0,,YES_MULTI_LINE_AND_DYNAMIC_DDL_NOT_PARSED
F0252,s3b_player_progress#07,s3b_player_progress,grab_complete,0,,YES_MULTI_LINE_AND_DYNAMIC_DDL_NOT_PARSED
F0253,s3b_player_progress#08,s3b_player_progress,left_start_room,0,,YES_MULTI_LINE_AND_DYNAMIC_DDL_NOT_PARSED
F0254,s3b_player_progress#09,s3b_player_progress,player_location,0,,YES_MULTI_LINE_AND_DYNAMIC_DDL_NOT_PARSED
F0255,s3b_player_progress#10,s3b_player_progress,act4_choice_id,0,,YES_MULTI_LINE_AND_DYNAMIC_DDL_NOT_PARSED
F0256,s3b_player_progress#11,s3b_player_progress,act4_locked_at,0,,YES_MULTI_LINE_AND_DYNAMIC_DDL_NOT_PARSED
F0257,s3b_player_progress#12,s3b_player_progress,act1_stage,1,"database/011_sprint3b_transition_and_act1_delivery_integrity.sql:L3 alter table public.s3b_player_progress add column if not exists act1_stage text not null default 'opening' check(act1_stage in ('opening','a",YES_MULTI_LINE_AND_DYNAMIC_DDL_NOT_PARSED
F0258,s3b_player_progress#13,s3b_player_progress,act1_text_keys,1,database/011_sprint3b_transition_and_act1_delivery_integrity.sql:L4 alter table public.s3b_player_progress add column if not exists act1_text_keys jsonb not null default '[]'::jsonb check(jsonb_typeof(act1_te,YES_MULTI_LINE_AND_DYNAMIC_DDL_NOT_PARSED
F0259,s3b_player_progress#14,s3b_player_progress,route_update_ack_at,0,,YES_MULTI_LINE_AND_DYNAMIC_DDL_NOT_PARSED
F0260,s3b_player_progress#15,s3b_player_progress,act1_action_started_at,0,,YES_MULTI_LINE_AND_DYNAMIC_DDL_NOT_PARSED
F0261,s3b_player_progress#16,s3b_player_progress,act1_timing_validity,0,,YES_MULTI_LINE_AND_DYNAMIC_DDL_NOT_PARSED
F0262,s3b_player_progress#17,s3b_player_progress,first_meeting_started_at,0,,YES_MULTI_LINE_AND_DYNAMIC_DDL_NOT_PARSED
F0263,s3b_player_progress#18,s3b_player_progress,first_meeting_timing_validity,0,,YES_MULTI_LINE_AND_DYNAMIC_DDL_NOT_PARSED
F0264,s3b_player_progress#19,s3b_player_progress,act4_choice_started_at,0,,YES_MULTI_LINE_AND_DYNAMIC_DDL_NOT_PARSED
F0265,s3b_player_progress#20,s3b_player_progress,act4_timing_validity,0,,YES_MULTI_LINE_AND_DYNAMIC_DDL_NOT_PARSED
F0266,s3b_player_progress#21,s3b_player_progress,act6_handoff_observed_at,0,,YES_MULTI_LINE_AND_DYNAMIC_DDL_NOT_PARSED
F0267,s3b_player_progress#22,s3b_player_progress,act6_entered_at,0,,YES_MULTI_LINE_AND_DYNAMIC_DDL_NOT_PARSED
F0268,s3b_post_inspection_route_votes#01,s3b_post_inspection_route_votes,vote_id,0,,YES_MULTI_LINE_AND_DYNAMIC_DDL_NOT_PARSED
F0269,s3b_post_inspection_route_votes#02,s3b_post_inspection_route_votes,run_id,0,,YES_MULTI_LINE_AND_DYNAMIC_DDL_NOT_PARSED
F0270,s3b_post_inspection_route_votes#03,s3b_post_inspection_route_votes,player_id,0,,YES_MULTI_LINE_AND_DYNAMIC_DDL_NOT_PARSED
F0271,s3b_post_inspection_route_votes#04,s3b_post_inspection_route_votes,decision_key,0,,YES_MULTI_LINE_AND_DYNAMIC_DDL_NOT_PARSED
F0272,s3b_post_inspection_route_votes#05,s3b_post_inspection_route_votes,choice_id,0,,YES_MULTI_LINE_AND_DYNAMIC_DDL_NOT_PARSED
F0273,s3b_post_inspection_route_votes#06,s3b_post_inspection_route_votes,decision_type,0,,YES_MULTI_LINE_AND_DYNAMIC_DDL_NOT_PARSED
F0274,s3b_post_inspection_route_votes#07,s3b_post_inspection_route_votes,behavior_scoring,0,,YES_MULTI_LINE_AND_DYNAMIC_DDL_NOT_PARSED
F0275,s3b_post_inspection_route_votes#08,s3b_post_inspection_route_votes,validity,0,,YES_MULTI_LINE_AND_DYNAMIC_DDL_NOT_PARSED
F0276,s3b_post_inspection_route_votes#09,s3b_post_inspection_route_votes,locked_at,0,,YES_MULTI_LINE_AND_DYNAMIC_DDL_NOT_PARSED
F0277,s3b_run_state#01,s3b_run_state,run_id,0,,YES_MULTI_LINE_AND_DYNAMIC_DDL_NOT_PARSED
F0278,s3b_run_state#02,s3b_run_state,final_meeting_result,0,,YES_MULTI_LINE_AND_DYNAMIC_DDL_NOT_PARSED
F0279,s3b_run_state#03,s3b_run_state,failed_rendezvous_completed,0,,YES_MULTI_LINE_AND_DYNAMIC_DDL_NOT_PARSED
F0280,s3b_run_state#04,s3b_run_state,party_physically_reunited,0,,YES_MULTI_LINE_AND_DYNAMIC_DDL_NOT_PARSED
F0281,s3b_run_state#05,s3b_run_state,puzzle_started_at,0,,YES_MULTI_LINE_AND_DYNAMIC_DDL_NOT_PARSED
F0282,s3b_run_state#06,s3b_run_state,puzzle_deadline,0,,YES_MULTI_LINE_AND_DYNAMIC_DDL_NOT_PARSED
F0283,s3b_run_state#07,s3b_run_state,puzzle_attempt_number,0,,YES_MULTI_LINE_AND_DYNAMIC_DDL_NOT_PARSED
F0284,s3b_run_state#08,s3b_run_state,puzzle_hint_stage,1,database/010_sprint3b_flow_integrity_and_inspect_fix.sql:L8 alter table public.s3b_run_state add constraint s3b_run_state_puzzle_hint_stage_check check(puzzle_hint_stage between 0 and 8);,YES_MULTI_LINE_AND_DYNAMIC_DDL_NOT_PARSED
F0285,s3b_run_state#09,s3b_run_state,puzzle_resolved_at,0,,YES_MULTI_LINE_AND_DYNAMIC_DDL_NOT_PARSED
F0286,s3b_run_state#10,s3b_run_state,group_route,0,,YES_MULTI_LINE_AND_DYNAMIC_DDL_NOT_PARSED
F0287,s3b_run_state#11,s3b_run_state,unknown_passage_inspected,0,,YES_MULTI_LINE_AND_DYNAMIC_DDL_NOT_PARSED
F0288,s3b_run_state#12,s3b_run_state,terminal_state,0,,YES_MULTI_LINE_AND_DYNAMIC_DDL_NOT_PARSED
F0289,s3b_run_state#13,s3b_run_state,updated_at,0,,YES_MULTI_LINE_AND_DYNAMIC_DDL_NOT_PARSED
F0290,s3b_run_state#14,s3b_run_state,pending_post_inspection_route,0,,YES_MULTI_LINE_AND_DYNAMIC_DDL_NOT_PARSED
F0291,s3b_run_state#15,s3b_run_state,puzzle_locked_prefix,1,database/011_sprint3b_transition_and_act1_delivery_integrity.sql:L5 alter table public.s3b_run_state add column if not exists puzzle_locked_prefix text not null default '';,YES_MULTI_LINE_AND_DYNAMIC_DDL_NOT_PARSED
F0292,s5_act8_private_choices#01,s5_act8_private_choices,run_id,1,"database/027_sprint5_act6_8_runtime.sql:L27 create unique index s5_act8_private_request_identity on public.s5_act8_private_choices(run_id,player_id,client_request_id);",YES_MULTI_LINE_AND_DYNAMIC_DDL_NOT_PARSED
F0293,s5_act8_private_choices#02,s5_act8_private_choices,player_id,1,"database/027_sprint5_act6_8_runtime.sql:L27 create unique index s5_act8_private_request_identity on public.s5_act8_private_choices(run_id,player_id,client_request_id);",YES_MULTI_LINE_AND_DYNAMIC_DDL_NOT_PARSED
F0294,s5_act8_private_choices#03,s5_act8_private_choices,choice_id,0,,YES_MULTI_LINE_AND_DYNAMIC_DDL_NOT_PARSED
F0295,s5_act8_private_choices#04,s5_act8_private_choices,client_request_id,1,"database/027_sprint5_act6_8_runtime.sql:L27 create unique index s5_act8_private_request_identity on public.s5_act8_private_choices(run_id,player_id,client_request_id);",YES_MULTI_LINE_AND_DYNAMIC_DDL_NOT_PARSED
F0296,s5_act8_private_choices#05,s5_act8_private_choices,locked_at,0,,YES_MULTI_LINE_AND_DYNAMIC_DDL_NOT_PARSED
F0297,s5_rounds#01,s5_rounds,discussion_session_id,0,,YES_MULTI_LINE_AND_DYNAMIC_DDL_NOT_PARSED
F0298,s5_rounds#02,s5_rounds,run_id,0,,YES_MULTI_LINE_AND_DYNAMIC_DDL_NOT_PARSED
F0299,s5_rounds#03,s5_rounds,phase_key,0,,YES_MULTI_LINE_AND_DYNAMIC_DDL_NOT_PARSED
F0300,s5_rounds#04,s5_rounds,vote_round,0,,YES_MULTI_LINE_AND_DYNAMIC_DDL_NOT_PARSED
F0301,s5_rounds#05,s5_rounds,topic_text_key,0,,YES_MULTI_LINE_AND_DYNAMIC_DDL_NOT_PARSED
F0302,s5_rounds#06,s5_rounds,status,0,,YES_MULTI_LINE_AND_DYNAMIC_DDL_NOT_PARSED
F0303,s5_rounds#07,s5_rounds,resolution_source,0,,YES_MULTI_LINE_AND_DYNAMIC_DDL_NOT_PARSED
F0304,s5_rounds#08,s5_rounds,created_at,0,,YES_MULTI_LINE_AND_DYNAMIC_DDL_NOT_PARSED
F0305,s5_rounds#09,s5_rounds,resolved_at,0,,YES_MULTI_LINE_AND_DYNAMIC_DDL_NOT_PARSED
F0306,s5_run_state#01,s5_run_state,run_id,0,,YES_MULTI_LINE_AND_DYNAMIC_DDL_NOT_PARSED
F0307,s5_run_state#02,s5_run_state,act_no,0,,YES_MULTI_LINE_AND_DYNAMIC_DDL_NOT_PARSED
F0308,s5_run_state#03,s5_run_state,phase_key,0,,YES_MULTI_LINE_AND_DYNAMIC_DDL_NOT_PARSED
F0309,s5_run_state#04,s5_run_state,vote_round,0,,YES_MULTI_LINE_AND_DYNAMIC_DDL_NOT_PARSED
F0310,s5_run_state#05,s5_run_state,act6_resolution,0,,YES_MULTI_LINE_AND_DYNAMIC_DDL_NOT_PARSED
F0311,s5_run_state#06,s5_run_state,act7_wrong_attempts,0,,YES_MULTI_LINE_AND_DYNAMIC_DDL_NOT_PARSED
F0312,s5_run_state#07,s5_run_state,route_taken_act8,0,,YES_MULTI_LINE_AND_DYNAMIC_DDL_NOT_PARSED
F0313,s5_run_state#08,s5_run_state,completed_at,0,,YES_MULTI_LINE_AND_DYNAMIC_DDL_NOT_PARSED
F0314,s5_run_state#09,s5_run_state,updated_at,0,,YES_MULTI_LINE_AND_DYNAMIC_DDL_NOT_PARSED
F0315,s5_run_state#10,s5_run_state,act6_entered_at,0,,YES_MULTI_LINE_AND_DYNAMIC_DDL_NOT_PARSED
F0316,s5_votes#01,s5_votes,run_id,1,"database/027_sprint5_act6_8_runtime.sql:L15 create unique index s5_votes_request_identity on public.s5_votes(run_id,player_id,client_request_id);",YES_MULTI_LINE_AND_DYNAMIC_DDL_NOT_PARSED
F0317,s5_votes#02,s5_votes,phase_key,0,,YES_MULTI_LINE_AND_DYNAMIC_DDL_NOT_PARSED
F0318,s5_votes#03,s5_votes,vote_round,0,,YES_MULTI_LINE_AND_DYNAMIC_DDL_NOT_PARSED
F0319,s5_votes#04,s5_votes,player_id,1,"database/027_sprint5_act6_8_runtime.sql:L15 create unique index s5_votes_request_identity on public.s5_votes(run_id,player_id,client_request_id);",YES_MULTI_LINE_AND_DYNAMIC_DDL_NOT_PARSED
F0320,s5_votes#05,s5_votes,choice_id,0,,YES_MULTI_LINE_AND_DYNAMIC_DDL_NOT_PARSED
F0321,s5_votes#06,s5_votes,client_request_id,1,"database/027_sprint5_act6_8_runtime.sql:L15 create unique index s5_votes_request_identity on public.s5_votes(run_id,player_id,client_request_id);",YES_MULTI_LINE_AND_DYNAMIC_DDL_NOT_PARSED
F0322,s5_votes#07,s5_votes,locked_at,0,,YES_MULTI_LINE_AND_DYNAMIC_DDL_NOT_PARSED
F0323,s6_action_receipts#01,s6_action_receipts,run_id,0,,YES_MULTI_LINE_AND_DYNAMIC_DDL_NOT_PARSED
F0324,s6_action_receipts#02,s6_action_receipts,player_id,0,,YES_MULTI_LINE_AND_DYNAMIC_DDL_NOT_PARSED
F0325,s6_action_receipts#03,s6_action_receipts,request_id,0,,YES_MULTI_LINE_AND_DYNAMIC_DDL_NOT_PARSED
F0326,s6_action_receipts#04,s6_action_receipts,action_key,0,,YES_MULTI_LINE_AND_DYNAMIC_DDL_NOT_PARSED
F0327,s6_action_receipts#05,s6_action_receipts,payload,0,,YES_MULTI_LINE_AND_DYNAMIC_DDL_NOT_PARSED
F0328,s6_action_receipts#06,s6_action_receipts,result,0,,YES_MULTI_LINE_AND_DYNAMIC_DDL_NOT_PARSED
F0329,s6_action_receipts#07,s6_action_receipts,created_at,0,,YES_MULTI_LINE_AND_DYNAMIC_DDL_NOT_PARSED
F0330,s6_allocation_attempts#01,s6_allocation_attempts,attempt_id,0,,YES_MULTI_LINE_AND_DYNAMIC_DDL_NOT_PARSED
F0331,s6_allocation_attempts#02,s6_allocation_attempts,run_id,0,,YES_MULTI_LINE_AND_DYNAMIC_DDL_NOT_PARSED
F0332,s6_allocation_attempts#03,s6_allocation_attempts,round_no,0,,YES_MULTI_LINE_AND_DYNAMIC_DDL_NOT_PARSED
F0333,s6_allocation_attempts#04,s6_allocation_attempts,player_id,0,,YES_MULTI_LINE_AND_DYNAMIC_DDL_NOT_PARSED
F0334,s6_allocation_attempts#05,s6_allocation_attempts,role_key,0,,YES_MULTI_LINE_AND_DYNAMIC_DDL_NOT_PARSED
F0335,s6_allocation_attempts#06,s6_allocation_attempts,request_id,0,,YES_MULTI_LINE_AND_DYNAMIC_DDL_NOT_PARSED
F0336,s6_allocation_attempts#07,s6_allocation_attempts,submitted_at,0,,YES_MULTI_LINE_AND_DYNAMIC_DDL_NOT_PARSED
F0337,s6_allocations#01,s6_allocations,run_id,1,"database/033_sprint6_act9_13_runtime.sql:L16 create table public.s6_allocations(run_id uuid references public.game_runs(run_id),player_id uuid references public.s1_room_players(player_i",YES_MULTI_LINE_AND_DYNAMIC_DDL_NOT_PARSED
F0338,s6_allocations#02,s6_allocations,player_id,1,"database/033_sprint6_act9_13_runtime.sql:L16 create table public.s6_allocations(run_id uuid references public.game_runs(run_id),player_id uuid references public.s1_room_players(player_i",YES_MULTI_LINE_AND_DYNAMIC_DDL_NOT_PARSED
F0339,s6_allocations#03,s6_allocations,role_key,1,"database/033_sprint6_act9_13_runtime.sql:L16 create table public.s6_allocations(run_id uuid references public.game_runs(run_id),player_id uuid references public.s1_room_players(player_i",YES_MULTI_LINE_AND_DYNAMIC_DDL_NOT_PARSED
F0340,s6_allocations#04,s6_allocations,client_request_id,1,"database/033_sprint6_act9_13_runtime.sql:L16 create table public.s6_allocations(run_id uuid references public.game_runs(run_id),player_id uuid references public.s1_room_players(player_i",YES_MULTI_LINE_AND_DYNAMIC_DDL_NOT_PARSED
F0341,s6_allocations#05,s6_allocations,locked_at,1,"database/033_sprint6_act9_13_runtime.sql:L16 create table public.s6_allocations(run_id uuid references public.game_runs(run_id),player_id uuid references public.s1_room_players(player_i",YES_MULTI_LINE_AND_DYNAMIC_DDL_NOT_PARSED
F0342,s6_audio_consumptions#01,s6_audio_consumptions,occurrence_id,0,,YES_MULTI_LINE_AND_DYNAMIC_DDL_NOT_PARSED
F0343,s6_audio_consumptions#02,s6_audio_consumptions,player_id,0,,YES_MULTI_LINE_AND_DYNAMIC_DDL_NOT_PARSED
F0344,s6_audio_consumptions#03,s6_audio_consumptions,outcome,0,,YES_MULTI_LINE_AND_DYNAMIC_DDL_NOT_PARSED
F0345,s6_audio_consumptions#04,s6_audio_consumptions,consumed_at,0,,YES_MULTI_LINE_AND_DYNAMIC_DDL_NOT_PARSED
F0346,s6_audio_occurrences#01,s6_audio_occurrences,occurrence_id,1,"database/037_level3_independent_audit_closure.sql:L30 create index s6_audio_occurrences_run_order on public.s6_audio_occurrences(run_id,triggered_at,occurrence_id);",YES_MULTI_LINE_AND_DYNAMIC_DDL_NOT_PARSED
F0347,s6_audio_occurrences#02,s6_audio_occurrences,run_id,1,"database/037_level3_independent_audit_closure.sql:L30 create index s6_audio_occurrences_run_order on public.s6_audio_occurrences(run_id,triggered_at,occurrence_id);",YES_MULTI_LINE_AND_DYNAMIC_DDL_NOT_PARSED
F0348,s6_audio_occurrences#03,s6_audio_occurrences,cue_key,0,,YES_MULTI_LINE_AND_DYNAMIC_DDL_NOT_PARSED
F0349,s6_audio_occurrences#04,s6_audio_occurrences,phase_key,0,,YES_MULTI_LINE_AND_DYNAMIC_DDL_NOT_PARSED
F0350,s6_audio_occurrences#05,s6_audio_occurrences,cinematic_stage,0,,YES_MULTI_LINE_AND_DYNAMIC_DDL_NOT_PARSED
F0351,s6_audio_occurrences#06,s6_audio_occurrences,triggered_at,1,"database/037_level3_independent_audit_closure.sql:L30 create index s6_audio_occurrences_run_order on public.s6_audio_occurrences(run_id,triggered_at,occurrence_id);",YES_MULTI_LINE_AND_DYNAMIC_DDL_NOT_PARSED
F0352,s6_choices#01,s6_choices,run_id,1,"database/033_sprint6_act9_13_runtime.sql:L15 create table public.s6_choices(run_id uuid references public.game_runs(run_id),phase_key text,round_no int,player_id uuid references public.",YES_MULTI_LINE_AND_DYNAMIC_DDL_NOT_PARSED
F0353,s6_choices#02,s6_choices,phase_key,1,"database/033_sprint6_act9_13_runtime.sql:L15 create table public.s6_choices(run_id uuid references public.game_runs(run_id),phase_key text,round_no int,player_id uuid references public.",YES_MULTI_LINE_AND_DYNAMIC_DDL_NOT_PARSED
F0354,s6_choices#03,s6_choices,round_no,1,"database/033_sprint6_act9_13_runtime.sql:L15 create table public.s6_choices(run_id uuid references public.game_runs(run_id),phase_key text,round_no int,player_id uuid references public.",YES_MULTI_LINE_AND_DYNAMIC_DDL_NOT_PARSED
F0355,s6_choices#04,s6_choices,player_id,1,"database/033_sprint6_act9_13_runtime.sql:L15 create table public.s6_choices(run_id uuid references public.game_runs(run_id),phase_key text,round_no int,player_id uuid references public.",YES_MULTI_LINE_AND_DYNAMIC_DDL_NOT_PARSED
F0356,s6_choices#05,s6_choices,choice_id,1,"database/033_sprint6_act9_13_runtime.sql:L15 create table public.s6_choices(run_id uuid references public.game_runs(run_id),phase_key text,round_no int,player_id uuid references public.",YES_MULTI_LINE_AND_DYNAMIC_DDL_NOT_PARSED
F0357,s6_choices#06,s6_choices,client_request_id,1,"database/033_sprint6_act9_13_runtime.sql:L15 create table public.s6_choices(run_id uuid references public.game_runs(run_id),phase_key text,round_no int,player_id uuid references public.",YES_MULTI_LINE_AND_DYNAMIC_DDL_NOT_PARSED
F0358,s6_choices#07,s6_choices,response_latency_ms,1,"database/033_sprint6_act9_13_runtime.sql:L15 create table public.s6_choices(run_id uuid references public.game_runs(run_id),phase_key text,round_no int,player_id uuid references public.",YES_MULTI_LINE_AND_DYNAMIC_DDL_NOT_PARSED
F0359,s6_choices#08,s6_choices,role_context,1,"database/033_sprint6_act9_13_runtime.sql:L15 create table public.s6_choices(run_id uuid references public.game_runs(run_id),phase_key text,round_no int,player_id uuid references public.",YES_MULTI_LINE_AND_DYNAMIC_DDL_NOT_PARSED
F0360,s6_choices#09,s6_choices,locked_at,1,"database/033_sprint6_act9_13_runtime.sql:L15 create table public.s6_choices(run_id uuid references public.game_runs(run_id),phase_key text,round_no int,player_id uuid references public.",YES_MULTI_LINE_AND_DYNAMIC_DDL_NOT_PARSED
F0361,s6_choices#10,s6_choices,action_step,1,database/049_sprint8_final_closure.sql:L5 alter table public.s6_choices add column if not exists action_step integer;,YES_MULTI_LINE_AND_DYNAMIC_DDL_NOT_PARSED
F0362,s6_engagements#01,s6_engagements,run_id,1,"database/033_sprint6_act9_13_runtime.sql:L17 create table public.s6_engagements(run_id uuid references public.game_runs(run_id),role_key text,player_id uuid references public.s1_room_pl",YES_MULTI_LINE_AND_DYNAMIC_DDL_NOT_PARSED
F0363,s6_engagements#02,s6_engagements,role_key,1,"database/033_sprint6_act9_13_runtime.sql:L17 create table public.s6_engagements(run_id uuid references public.game_runs(run_id),role_key text,player_id uuid references public.s1_room_pl",YES_MULTI_LINE_AND_DYNAMIC_DDL_NOT_PARSED
F0364,s6_engagements#03,s6_engagements,player_id,1,"database/033_sprint6_act9_13_runtime.sql:L17 create table public.s6_engagements(run_id uuid references public.game_runs(run_id),role_key text,player_id uuid references public.s1_room_pl",YES_MULTI_LINE_AND_DYNAMIC_DDL_NOT_PARSED
F0365,s6_engagements#04,s6_engagements,engaged_at,1,"database/033_sprint6_act9_13_runtime.sql:L17 create table public.s6_engagements(run_id uuid references public.game_runs(run_id),role_key text,player_id uuid references public.s1_room_pl",YES_MULTI_LINE_AND_DYNAMIC_DDL_NOT_PARSED
F0366,s6_private_clues#01,s6_private_clues,run_id,1,"database/033_sprint6_act9_13_runtime.sql:L14 create table public.s6_private_clues(run_id uuid references public.game_runs(run_id),player_id uuid references public.s1_room_players(player",YES_MULTI_LINE_AND_DYNAMIC_DDL_NOT_PARSED
F0367,s6_private_clues#02,s6_private_clues,player_id,1,"database/033_sprint6_act9_13_runtime.sql:L14 create table public.s6_private_clues(run_id uuid references public.game_runs(run_id),player_id uuid references public.s1_room_players(player",YES_MULTI_LINE_AND_DYNAMIC_DDL_NOT_PARSED
F0368,s6_private_clues#03,s6_private_clues,act_no,1,"database/033_sprint6_act9_13_runtime.sql:L14 create table public.s6_private_clues(run_id uuid references public.game_runs(run_id),player_id uuid references public.s1_room_players(player",YES_MULTI_LINE_AND_DYNAMIC_DDL_NOT_PARSED
F0369,s6_private_clues#04,s6_private_clues,knowledge_key,1,"database/033_sprint6_act9_13_runtime.sql:L14 create table public.s6_private_clues(run_id uuid references public.game_runs(run_id),player_id uuid references public.s1_room_players(player",YES_MULTI_LINE_AND_DYNAMIC_DDL_NOT_PARSED
F0370,s6_private_clues#05,s6_private_clues,text_key,1,"database/033_sprint6_act9_13_runtime.sql:L14 create table public.s6_private_clues(run_id uuid references public.game_runs(run_id),player_id uuid references public.s1_room_players(player",YES_MULTI_LINE_AND_DYNAMIC_DDL_NOT_PARSED
F0371,s6_private_clues#06,s6_private_clues,delivered_at,1,"database/033_sprint6_act9_13_runtime.sql:L14 create table public.s6_private_clues(run_id uuid references public.game_runs(run_id),player_id uuid references public.s1_room_players(player",YES_MULTI_LINE_AND_DYNAMIC_DDL_NOT_PARSED
F0372,s6_run_state#01,s6_run_state,run_id,0,,YES_MULTI_LINE_AND_DYNAMIC_DDL_NOT_PARSED
F0373,s6_run_state#02,s6_run_state,act_no,0,,YES_MULTI_LINE_AND_DYNAMIC_DDL_NOT_PARSED
F0374,s6_run_state#03,s6_run_state,phase_key,0,,YES_MULTI_LINE_AND_DYNAMIC_DDL_NOT_PARSED
F0375,s6_run_state#04,s6_run_state,act9_step,0,,YES_MULTI_LINE_AND_DYNAMIC_DDL_NOT_PARSED
F0376,s6_run_state#05,s6_run_state,round_no,0,,YES_MULTI_LINE_AND_DYNAMIC_DDL_NOT_PARSED
F0377,s6_run_state#06,s6_run_state,red_activated,0,,YES_MULTI_LINE_AND_DYNAMIC_DDL_NOT_PARSED
F0378,s6_run_state#07,s6_run_state,blue_activated,0,,YES_MULTI_LINE_AND_DYNAMIC_DDL_NOT_PARSED
F0379,s6_run_state#08,s6_run_state,gold_key,0,,YES_MULTI_LINE_AND_DYNAMIC_DDL_NOT_PARSED
F0380,s6_run_state#09,s6_run_state,alarm_active,0,,YES_MULTI_LINE_AND_DYNAMIC_DDL_NOT_PARSED
F0381,s6_run_state#10,s6_run_state,station_c_bypassed,0,,YES_MULTI_LINE_AND_DYNAMIC_DDL_NOT_PARSED
F0382,s6_run_state#11,s6_run_state,danger_arrives_sooner,0,,YES_MULTI_LINE_AND_DYNAMIC_DDL_NOT_PARSED
F0383,s6_run_state#12,s6_run_state,allocation_valid,0,,YES_MULTI_LINE_AND_DYNAMIC_DDL_NOT_PARSED
F0384,s6_run_state#13,s6_run_state,mechanism_failure_station,0,,YES_MULTI_LINE_AND_DYNAMIC_DDL_NOT_PARSED
F0385,s6_run_state#14,s6_run_state,mechanism_failure_active,0,,YES_MULTI_LINE_AND_DYNAMIC_DDL_NOT_PARSED
F0386,s6_run_state#15,s6_run_state,failure_resolution,0,,YES_MULTI_LINE_AND_DYNAMIC_DDL_NOT_PARSED
F0387,s6_run_state#16,s6_run_state,escape_success,0,,YES_MULTI_LINE_AND_DYNAMIC_DDL_NOT_PARSED
F0388,s6_run_state#17,s6_run_state,act14_boundary_reached,0,,YES_MULTI_LINE_AND_DYNAMIC_DDL_NOT_PARSED
F0389,s6_run_state#18,s6_run_state,updated_at,0,,YES_MULTI_LINE_AND_DYNAMIC_DDL_NOT_PARSED
F0390,s6_run_state#19,s6_run_state,feedback_text_keys,1,database/035_sprint6_focused_audit_corrections.sql:L4 alter table public.s6_run_state add column if not exists feedback_text_keys text[] not null default '{}';,YES_MULTI_LINE_AND_DYNAMIC_DDL_NOT_PARSED
F0391,s6_run_state#20,s6_run_state,feedback_audio_key,1,database/035_sprint6_focused_audit_corrections.sql:L5 alter table public.s6_run_state add column if not exists feedback_audio_key text;,YES_MULTI_LINE_AND_DYNAMIC_DDL_NOT_PARSED
F0392,s6_run_state#21,s6_run_state,cinematic_stage,1,database/035_sprint6_focused_audit_corrections.sql:L6 alter table public.s6_run_state add column if not exists cinematic_stage int not null default 0;,YES_MULTI_LINE_AND_DYNAMIC_DDL_NOT_PARSED
F0393,s6_run_state#22,s6_run_state,stage_started_at,1,database/035_sprint6_focused_audit_corrections.sql:L7 alter table public.s6_run_state add column if not exists stage_started_at timestamptz;,YES_MULTI_LINE_AND_DYNAMIC_DDL_NOT_PARSED
F0394,s6_run_state#23,s6_run_state,feedback_audio_occurrence_id,1,database/037_level3_independent_audit_closure.sql:L44 alter table public.s6_run_state add column feedback_audio_occurrence_id uuid references public.s6_audio_occurrences(occurrence_id);,YES_MULTI_LINE_AND_DYNAMIC_DDL_NOT_PARSED
F0395,s6_station_b_progress#01,s6_station_b_progress,run_id,0,,YES_MULTI_LINE_AND_DYNAMIC_DDL_NOT_PARSED
F0396,s6_station_b_progress#02,s6_station_b_progress,player_id,0,,YES_MULTI_LINE_AND_DYNAMIC_DDL_NOT_PARSED
F0397,s6_station_b_progress#03,s6_station_b_progress,stage,0,,YES_MULTI_LINE_AND_DYNAMIC_DDL_NOT_PARSED
F0398,s6_station_b_progress#04,s6_station_b_progress,held_at,0,,YES_MULTI_LINE_AND_DYNAMIC_DDL_NOT_PARSED
F0399,s6_station_b_progress#05,s6_station_b_progress,centered_at,0,,YES_MULTI_LINE_AND_DYNAMIC_DDL_NOT_PARSED
F0400,s6_station_tasks#01,s6_station_tasks,run_id,0,,YES_MULTI_LINE_AND_DYNAMIC_DDL_NOT_PARSED
F0401,s6_station_tasks#02,s6_station_tasks,role_key,0,,YES_MULTI_LINE_AND_DYNAMIC_DDL_NOT_PARSED
F0402,s6_station_tasks#03,s6_station_tasks,player_id,0,,YES_MULTI_LINE_AND_DYNAMIC_DDL_NOT_PARSED
F0403,s6_station_tasks#04,s6_station_tasks,task_key,0,,YES_MULTI_LINE_AND_DYNAMIC_DDL_NOT_PARSED
F0404,s6_station_tasks#05,s6_station_tasks,completed_at,0,,YES_MULTI_LINE_AND_DYNAMIC_DDL_NOT_PARSED
F0405,s8_finalizations#01,s8_finalizations,run_id,0,,YES_MULTI_LINE_AND_DYNAMIC_DDL_NOT_PARSED
F0406,s8_finalizations#02,s8_finalizations,finalized_at,0,,YES_MULTI_LINE_AND_DYNAMIC_DDL_NOT_PARSED
F0407,s8_finalizations#03,s8_finalizations,finalized_by,0,,YES_MULTI_LINE_AND_DYNAMIC_DDL_NOT_PARSED
F0408,s8_finalizations#04,s8_finalizations,client_request_id,0,,YES_MULTI_LINE_AND_DYNAMIC_DDL_NOT_PARSED
F0409,s8_finalizations#05,s8_finalizations,integrity_report,0,,YES_MULTI_LINE_AND_DYNAMIC_DDL_NOT_PARSED
F0410,s8_finalizations#06,s8_finalizations,export_schema_version,0,,YES_MULTI_LINE_AND_DYNAMIC_DDL_NOT_PARSED
F0411,s9_pocket_item_inspections#01,s9_pocket_item_inspections,run_id,0,,YES_MULTI_LINE_AND_DYNAMIC_DDL_NOT_PARSED
F0412,s9_pocket_item_inspections#02,s9_pocket_item_inspections,player_id,0,,YES_MULTI_LINE_AND_DYNAMIC_DDL_NOT_PARSED
F0413,s9_pocket_item_inspections#03,s9_pocket_item_inspections,item_key,0,,YES_MULTI_LINE_AND_DYNAMIC_DDL_NOT_PARSED
F0414,s9_pocket_item_inspections#04,s9_pocket_item_inspections,inspected_at,0,,YES_MULTI_LINE_AND_DYNAMIC_DDL_NOT_PARSED
F0415,teacher_override_validity#01,teacher_override_validity,override_id,0,,YES_MULTI_LINE_AND_DYNAMIC_DDL_NOT_PARSED
F0416,teacher_override_validity#02,teacher_override_validity,run_id,0,,YES_MULTI_LINE_AND_DYNAMIC_DDL_NOT_PARSED
F0417,teacher_override_validity#03,teacher_override_validity,player_id,0,,YES_MULTI_LINE_AND_DYNAMIC_DDL_NOT_PARSED
F0418,teacher_override_validity#04,teacher_override_validity,semantic_field,0,,YES_MULTI_LINE_AND_DYNAMIC_DDL_NOT_PARSED
F0419,teacher_override_validity#05,teacher_override_validity,value,0,,YES_MULTI_LINE_AND_DYNAMIC_DDL_NOT_PARSED
F0420,teacher_override_validity#06,teacher_override_validity,validity,0,,YES_MULTI_LINE_AND_DYNAMIC_DDL_NOT_PARSED
F0421,teacher_overrides#01,teacher_overrides,override_id,0,,YES_MULTI_LINE_AND_DYNAMIC_DDL_NOT_PARSED
F0422,teacher_overrides#02,teacher_overrides,run_id,0,,YES_MULTI_LINE_AND_DYNAMIC_DDL_NOT_PARSED
F0423,teacher_overrides#03,teacher_overrides,source_scene,0,,YES_MULTI_LINE_AND_DYNAMIC_DDL_NOT_PARSED
F0424,teacher_overrides#04,teacher_overrides,source_phase,0,,YES_MULTI_LINE_AND_DYNAMIC_DDL_NOT_PARSED
F0425,teacher_overrides#05,teacher_overrides,source_step,0,,YES_MULTI_LINE_AND_DYNAMIC_DDL_NOT_PARSED
F0426,teacher_overrides#06,teacher_overrides,override_action,0,,YES_MULTI_LINE_AND_DYNAMIC_DDL_NOT_PARSED
F0427,teacher_overrides#07,teacher_overrides,applied_resolution,0,,YES_MULTI_LINE_AND_DYNAMIC_DDL_NOT_PARSED
F0428,teacher_overrides#08,teacher_overrides,resolution_source,0,,YES_MULTI_LINE_AND_DYNAMIC_DDL_NOT_PARSED
F0429,teacher_overrides#09,teacher_overrides,reason,0,,YES_MULTI_LINE_AND_DYNAMIC_DDL_NOT_PARSED
F0430,teacher_overrides#10,teacher_overrides,invalidated_scope,0,,YES_MULTI_LINE_AND_DYNAMIC_DDL_NOT_PARSED
F0431,teacher_overrides#11,teacher_overrides,behavior_scoring,0,,YES_MULTI_LINE_AND_DYNAMIC_DDL_NOT_PARSED
F0432,teacher_overrides#12,teacher_overrides,created_at,0,,YES_MULTI_LINE_AND_DYNAMIC_DDL_NOT_PARSED
