subfact_id,parent_field_id,json_path_or_element,runtime_use,semantic_fact,current_authority,target_authority,semantic_class,decision,evidence
J001,discussion_sessions#13,outcome.choice_id,progression/current decision,resolved choice selected by the Discussion,discussion_sessions.outcome.choice_id,same,DISCUSSION_RESOLVED_CHOICE_AUTHORITY,AUTHORITY,database/013... reads outcome->>'choice_id'; database/054... integrity binds it to final_meeting_result
J002,discussion_sessions#13,outcome.resolution_id,compatibility fallback,legacy alias for resolved choice identity,discussion_sessions.outcome.resolution_id when older row lacks choice_id,discussion_sessions.outcome.choice_id,SUPPORT_COMPATIBILITY_ALIAS,TARGET_MIGRATE_OR_NORMALIZE_TO_CHOICE_ID,"database/013... uses coalesce(choice_id,resolution_id)"
J003,discussion_sessions#13,outcome.resolution_source,progression/integrity provenance,Discussion resolution method/provenance (e.g. player_majority/no_consensus/system_fallback),discussion_sessions.outcome.resolution_source,same,DISCUSSION_RESOLUTION_METHOD_AUTHORITY,AUTHORITY_DISTINCT_FROM_S5_ROUND_RESULT_CLASS,database/029 and database/054
J004,discussion_sessions#17,vote_options[*].id,decision authorization,allowed choice identity set for this Discussion,discussion_sessions.vote_options[*].id,same,DISCUSSION_OPTION_IDENTITY_AUTHORITY,AUTHORITY,database/002/004/013 validate submitted choice against option id
J005,discussion_sessions#17,vote_options[*].label,current UI choice presentation,text-key/label attached to an allowed Discussion option,discussion_sessions.vote_options[*].label,same,DISCUSSION_OPTION_LABEL_AUTHORITY,AUTHORITY_WITHIN_DISCUSSION_INSTANCE,Discussion state returns vote_options to UI
J006,asset_candidates#18,ui_anchors[*].anchor_name,activation authorization,anchor identities actually present in this candidate version,asset_candidates.ui_anchors[*].anchor_name,same,CANDIDATE_VERSION_ANCHOR_AUTHORITY,AUTHORITY_FOR_CANDIDATE_CONTENT,database/019/024 activation checks required anchors against candidate anchor_name
J007,asset_registry_projection#11,required_anchors[*],activation authorization,current canonical required anchor identity set,asset_registry_projection.required_anchors[*],same,REGISTRY_REQUIRED_ANCHOR_AUTHORITY,AUTHORITY,database/019 uses registry; database/024 split path must be reconciled
J008,asset_candidates#27,required_anchors[*],current split path / version snapshot,required-anchor snapshot copied at candidate import,asset_candidates.required_anchors[*],asset_registry_projection.required_anchors[*],SUPPORT_VERSION_SNAPSHOT,NOT_CURRENT_AUTHORITY,database/024 currently consumes candidate copy; CA/GA classify split-authority risk
J009,s3_item_catalog#03,shareable_views[*],server authorization,allowed item-view identities for item inspection/view transition,s3_item_catalog.shareable_views[*],same,ITEM_VIEW_CAPABILITY_AUTHORITY,AUTHORITY,database/068 s3_set_item_view uses shareable_views ? p_target_view
J010,s6_action_receipts#05,payload.phase,idempotency/request identity,expected phase embedded in immutable action request,s6_action_receipts.payload.phase,same,ACTION_REQUEST_CONTEXT_AUTHORITY,AUTHORITY_FOR_RECEIPT_IDENTITY_NOT_GAMEPLAY_STATE,database/035 guarded actions compare full payload
J011,s6_action_receipts#05,payload.step,idempotency/request identity + decision backfill,expected step embedded in immutable action request,s6_action_receipts.payload.step,same,ACTION_REQUEST_CONTEXT_AUTHORITY,AUTHORITY_FOR_RECEIPT_IDENTITY; SUPPORT_SOURCE_FOR_CHOICE_ACTION_STEP,database/035 compare; database/049 backfills s6_choices.action_step from payload.step
J012,s6_action_receipts#05,payload.round,idempotency/request identity,expected round embedded in immutable action request,s6_action_receipts.payload.round,same,ACTION_REQUEST_CONTEXT_AUTHORITY,AUTHORITY_FOR_RECEIPT_IDENTITY_NOT_CURRENT_ROUND,database/035 guarded actions compare full payload
J013,s6_action_receipts#05,payload.choice,idempotency/request content,submitted choice embedded in immutable action request,s6_action_receipts.payload.choice,same,ACTION_REQUEST_CONTENT_AUTHORITY,AUTHORITY_FOR_REQUEST_EVIDENCE; locked choice authority remains s6_choices,database/035 guarded choice functions
J014,s6_action_receipts#05,payload.role,idempotency/request content,requested role embedded in immutable allocation request,s6_action_receipts.payload.role,same,ACTION_REQUEST_CONTENT_AUTHORITY,AUTHORITY_FOR_REQUEST_EVIDENCE; accepted allocation authority remains s6_allocations,database/035 guarded allocation
J015,s6_action_receipts#06,result.*,idempotent replay,stored response snapshot returned for a repeated request,s6_action_receipts.result.*,same,ACTION_RESPONSE_SNAPSHOT_AUTHORITY,AUTHORITY_FOR_REPLAY_RESPONSE_NOT_CURRENT_GAMEPLAY_STATE,database/035 returns prior.result on idempotent replay
J016,s8_finalizations#05,integrity_report.verified,finalization/integrity gate,final integrity verification result,s8_finalizations.integrity_report.verified after persistence; pre-insert computed report.verified,same,FINAL_INTEGRITY_VERIFICATION_AUTHORITY,AUTHORITY; game_runs.session_integrity_verified remains operational cache,database/049 checks report->>'verified' before finalization; Registry target already points here
J017,s8_finalizations#05,"integrity_report.obligations[""act1.player_first_choices""].state",integrity verification,technical-evidence state of one named finalization obligation,"s8_finalizations.integrity_report.obligations[""act1.player_first_choices""].state",same,FINAL_INTEGRITY_OBLIGATION_AUTHORITY,AUTHORITY_FOR_THIS_OBLIGATION; verified is derived from all obligation states,database/049/053/054 s8_verify_integrity builds/updates obligations and derives verified from missing_technical_evidence
J018,s8_finalizations#05,"integrity_report.obligations[""act2.player_first_choices""].state",integrity verification,technical-evidence state of one named finalization obligation,"s8_finalizations.integrity_report.obligations[""act2.player_first_choices""].state",same,FINAL_INTEGRITY_OBLIGATION_AUTHORITY,AUTHORITY_FOR_THIS_OBLIGATION; verified is derived from all obligation states,database/049/053/054 s8_verify_integrity builds/updates obligations and derives verified from missing_technical_evidence
J019,s8_finalizations#05,"integrity_report.obligations[""act2.meeting_resolution""].state",integrity verification,technical-evidence state of one named finalization obligation,"s8_finalizations.integrity_report.obligations[""act2.meeting_resolution""].state",same,FINAL_INTEGRITY_OBLIGATION_AUTHORITY,AUTHORITY_FOR_THIS_OBLIGATION; verified is derived from all obligation states,database/049/053/054 s8_verify_integrity builds/updates obligations and derives verified from missing_technical_evidence
J020,s8_finalizations#05,"integrity_report.obligations[""act3.puzzle_resolution""].state",integrity verification,technical-evidence state of one named finalization obligation,"s8_finalizations.integrity_report.obligations[""act3.puzzle_resolution""].state",same,FINAL_INTEGRITY_OBLIGATION_AUTHORITY,AUTHORITY_FOR_THIS_OBLIGATION; verified is derived from all obligation states,database/049/053/054 s8_verify_integrity builds/updates obligations and derives verified from missing_technical_evidence
J021,s8_finalizations#05,"integrity_report.obligations[""act4.route_resolution""].state",integrity verification,technical-evidence state of one named finalization obligation,"s8_finalizations.integrity_report.obligations[""act4.route_resolution""].state",same,FINAL_INTEGRITY_OBLIGATION_AUTHORITY,AUTHORITY_FOR_THIS_OBLIGATION; verified is derived from all obligation states,database/049/053/054 s8_verify_integrity builds/updates obligations and derives verified from missing_technical_evidence
J022,s8_finalizations#05,"integrity_report.obligations[""act5.post_inspection_vote""].state",integrity verification,technical-evidence state of one named finalization obligation,"s8_finalizations.integrity_report.obligations[""act5.post_inspection_vote""].state",same,FINAL_INTEGRITY_OBLIGATION_AUTHORITY,AUTHORITY_FOR_THIS_OBLIGATION; verified is derived from all obligation states,database/049/053/054 s8_verify_integrity builds/updates obligations and derives verified from missing_technical_evidence
J023,s8_finalizations#05,"integrity_report.obligations[""act6.effective_vote""].state",integrity verification,technical-evidence state of one named finalization obligation,"s8_finalizations.integrity_report.obligations[""act6.effective_vote""].state",same,FINAL_INTEGRITY_OBLIGATION_AUTHORITY,AUTHORITY_FOR_THIS_OBLIGATION; verified is derived from all obligation states,database/049/053/054 s8_verify_integrity builds/updates obligations and derives verified from missing_technical_evidence
J024,s8_finalizations#05,"integrity_report.obligations[""act7.clock_c_resolution""].state",integrity verification,technical-evidence state of one named finalization obligation,"s8_finalizations.integrity_report.obligations[""act7.clock_c_resolution""].state",same,FINAL_INTEGRITY_OBLIGATION_AUTHORITY,AUTHORITY_FOR_THIS_OBLIGATION; verified is derived from all obligation states,database/049/053/054 s8_verify_integrity builds/updates obligations and derives verified from missing_technical_evidence
J025,s8_finalizations#05,"integrity_report.obligations[""act8.private_choices""].state",integrity verification,technical-evidence state of one named finalization obligation,"s8_finalizations.integrity_report.obligations[""act8.private_choices""].state",same,FINAL_INTEGRITY_OBLIGATION_AUTHORITY,AUTHORITY_FOR_THIS_OBLIGATION; verified is derived from all obligation states,database/049/053/054 s8_verify_integrity builds/updates obligations and derives verified from missing_technical_evidence
J026,s8_finalizations#05,"integrity_report.obligations[""act8.final_vote""].state",integrity verification,technical-evidence state of one named finalization obligation,"s8_finalizations.integrity_report.obligations[""act8.final_vote""].state",same,FINAL_INTEGRITY_OBLIGATION_AUTHORITY,AUTHORITY_FOR_THIS_OBLIGATION; verified is derived from all obligation states,database/049/053/054 s8_verify_integrity builds/updates obligations and derives verified from missing_technical_evidence
J027,s8_finalizations#05,"integrity_report.obligations[""act9.progression""].state",integrity verification,technical-evidence state of one named finalization obligation,"s8_finalizations.integrity_report.obligations[""act9.progression""].state",same,FINAL_INTEGRITY_OBLIGATION_AUTHORITY,AUTHORITY_FOR_THIS_OBLIGATION; verified is derived from all obligation states,database/049/053/054 s8_verify_integrity builds/updates obligations and derives verified from missing_technical_evidence
J028,s8_finalizations#05,"integrity_report.obligations[""act10.private_choices""].state",integrity verification,technical-evidence state of one named finalization obligation,"s8_finalizations.integrity_report.obligations[""act10.private_choices""].state",same,FINAL_INTEGRITY_OBLIGATION_AUTHORITY,AUTHORITY_FOR_THIS_OBLIGATION; verified is derived from all obligation states,database/049/053/054 s8_verify_integrity builds/updates obligations and derives verified from missing_technical_evidence
J029,s8_finalizations#05,"integrity_report.obligations[""act10.discussion""].state",integrity verification,technical-evidence state of one named finalization obligation,"s8_finalizations.integrity_report.obligations[""act10.discussion""].state",same,FINAL_INTEGRITY_OBLIGATION_AUTHORITY,AUTHORITY_FOR_THIS_OBLIGATION; verified is derived from all obligation states,database/049/053/054 s8_verify_integrity builds/updates obligations and derives verified from missing_technical_evidence
J030,s8_finalizations#05,"integrity_report.obligations[""act10.final_vote""].state",integrity verification,technical-evidence state of one named finalization obligation,"s8_finalizations.integrity_report.obligations[""act10.final_vote""].state",same,FINAL_INTEGRITY_OBLIGATION_AUTHORITY,AUTHORITY_FOR_THIS_OBLIGATION; verified is derived from all obligation states,database/049/053/054 s8_verify_integrity builds/updates obligations and derives verified from missing_technical_evidence
J031,s8_finalizations#05,"integrity_report.obligations[""act11.allocations""].state",integrity verification,technical-evidence state of one named finalization obligation,"s8_finalizations.integrity_report.obligations[""act11.allocations""].state",same,FINAL_INTEGRITY_OBLIGATION_AUTHORITY,AUTHORITY_FOR_THIS_OBLIGATION; verified is derived from all obligation states,database/049/053/054 s8_verify_integrity builds/updates obligations and derives verified from missing_technical_evidence
J032,s8_finalizations#05,"integrity_report.obligations[""act12.station_tasks""].state",integrity verification,technical-evidence state of one named finalization obligation,"s8_finalizations.integrity_report.obligations[""act12.station_tasks""].state",same,FINAL_INTEGRITY_OBLIGATION_AUTHORITY,AUTHORITY_FOR_THIS_OBLIGATION; verified is derived from all obligation states,database/049/053/054 s8_verify_integrity builds/updates obligations and derives verified from missing_technical_evidence
J033,s8_finalizations#05,"integrity_report.obligations[""act12.engagements""].state",integrity verification,technical-evidence state of one named finalization obligation,"s8_finalizations.integrity_report.obligations[""act12.engagements""].state",same,FINAL_INTEGRITY_OBLIGATION_AUTHORITY,AUTHORITY_FOR_THIS_OBLIGATION; verified is derived from all obligation states,database/049/053/054 s8_verify_integrity builds/updates obligations and derives verified from missing_technical_evidence
J034,s8_finalizations#05,"integrity_report.obligations[""act12.pressure_choices""].state",integrity verification,technical-evidence state of one named finalization obligation,"s8_finalizations.integrity_report.obligations[""act12.pressure_choices""].state",same,FINAL_INTEGRITY_OBLIGATION_AUTHORITY,AUTHORITY_FOR_THIS_OBLIGATION; verified is derived from all obligation states,database/049/053/054 s8_verify_integrity builds/updates obligations and derives verified from missing_technical_evidence
J035,s8_finalizations#05,"integrity_report.obligations[""act13.act14_boundary""].state",integrity verification,technical-evidence state of one named finalization obligation,"s8_finalizations.integrity_report.obligations[""act13.act14_boundary""].state",same,FINAL_INTEGRITY_OBLIGATION_AUTHORITY,AUTHORITY_FOR_THIS_OBLIGATION; verified is derived from all obligation states,database/049/053/054 s8_verify_integrity builds/updates obligations and derives verified from missing_technical_evidence
J036,s8_finalizations#05,"integrity_report.obligations[""run.open_discussions""].state",integrity verification,technical-evidence state of one named finalization obligation,"s8_finalizations.integrity_report.obligations[""run.open_discussions""].state",same,FINAL_INTEGRITY_OBLIGATION_AUTHORITY,AUTHORITY_FOR_THIS_OBLIGATION; verified is derived from all obligation states,database/049/053/054 s8_verify_integrity builds/updates obligations and derives verified from missing_technical_evidence
J037,runtime_events#07,details.behavior_scoring,normalization/backfill/export evidence,legacy/input copy of event scoring eligibility,runtime_events.details.behavior_scoring as event payload evidence,runtime_events.behavior_scoring,SUPPORT_EVENT_PAYLOAD_SUBFACT,NORMALIZED_COLUMN_IS_CURRENT_EVENT_SCORING_AUTHORITY,database/014 extracts behavior_scoring into normalized column; historical details retained
J038,runtime_events#07,details.context_provenance,export/audit evidence,historical context-provenance payload for the event,runtime_events.details.context_provenance,same,HISTORICAL_EVENT_PROVENANCE_SUBFACT,AUTHORITY_FOR_WHAT_EVENT_RECORDED; NEVER_CURRENT_GAMEPLAY_STATE,database/047/048 export behavior_validity uses details->context_provenance
J039,teacher_overrides#10,invalidated_scope[*],override audit/provenance,event-time list of semantic fields invalidated by the override,teacher_overrides.invalidated_scope[*],teacher_override_validity rows for per-player current validity; invalidated_scope remains event snapshot,OVERRIDE_EVENT_SCOPE_SNAPSHOT,SUPPORT/HISTORICAL_EVENT_SCOPE,database/056 builds scope and separately writes teacher_override_validity
J040,teacher_override_validity#05,value,override validity evidence,recorded value associated with a semantic validity row,teacher_override_validity.value,same,OVERRIDE_VALIDITY_VALUE_AUTHORITY,AUTHORITY_FOR_RECORDED_VALIDITY_EVIDENCE,database/056 writes value; no competing current gameplay-state meaning
J041,s3b_player_progress#13,act1_text_keys[*],current player presentation,ordered current ACT1 delivered text keys,s3b_player_progress.act1_text_keys as one ordered state value,same,ATOMIC_PRESENTATION_ARRAY,NO_SEPARATE_ELEMENT_AUTHORITY_NEEDED,array is consumed as one player presentation state
J042,asset_candidates#26,continuity_refs[*],asset review metadata,version-time continuity references copied at import,asset_candidates.continuity_refs[*],asset_registry_projection.continuity_refs[*] for current registry metadata,SUPPORT_VERSION_SNAPSHOT,NO_NAMED_NESTED_FACT_SPLIT_REQUIRED,candidate snapshot vs current registry already adjudicated
J043,asset_registry_projection#09,continuity_refs[*],asset review metadata,current registry continuity reference set,asset_registry_projection.continuity_refs[*],same,REGISTRY_CONTINUITY_SET_AUTHORITY,AUTHORITY_AS_ATOMIC_SET,no named nested business subkeys
J044,asset_registry_projection#03,aliases[*],asset identity lookup metadata,current canonical alias set,asset_registry_projection.aliases[*],same,REGISTRY_ALIAS_SET_AUTHORITY,AUTHORITY_AS_ATOMIC_SET,no nested object semantics
J045,act6_13_event_ledger#08,details.*,audit/export only,event-specific append-only payload,act6_13_event_ledger.details.* for what the ledger event recorded,same,HISTORICAL_EVENT_PAYLOAD,NO_CURRENT_PROGRESSION/AUTHORIZATION_SUBFACT_IDENTIFIED,current code exports selected values but does not use them as current state authority
J046,asset_events#05,details.*,asset audit only,asset-event payload,asset_events.details.* for event evidence,same,HISTORICAL_ASSET_EVENT_PAYLOAD,NO_CURRENT_PROGRESSION/AUTHORIZATION_SUBFACT_IDENTIFIED,event log only
J047,runtime_player_decisions#14,context_provenance.*,decision provenance/export,locked decision provenance payload,runtime_player_decisions.context_provenance.*,same,LOCKED_DECISION_PROVENANCE_PAYLOAD,AUTHORITY_FOR_RECORDED_PROVENANCE_NOT_CURRENT_GAMEPLAY,exported as evidence
J048,s1_game_events#05,details.*,legacy audit only,legacy event payload,s1_game_events.details.*,same,LEGACY_HISTORICAL_EVENT_PAYLOAD,NO_CURRENT_FORMAL_RUNTIME_AUTHORITY,legacy event system
