target_field_id,target_global_id,relation_class,source_field_id,source_global_id,source_expression_or_input,source_scope,evidence_file,evidence_location,factual_note,authority_inference
runtime_events#09,F0127,DIRECT_COPY_IF_TARGET_NULL,discussion_sessions#03,F0075,d.scene_id,matched discussion_session_id,database/014_sprint3b_evidence_and_puzzle_integrity.sql,L56-L64,runtime_events.scene_id is backfilled from matched discussion_sessions.scene_id only when current target is null,NONE
runtime_events#10,F0128,DIRECT_COPY_IF_TARGET_NULL,discussion_sessions#04,F0076,d.phase_key,matched discussion_session_id,database/014_sprint3b_evidence_and_puzzle_integrity.sql,L56-L64,runtime_events.phase_key is backfilled from matched discussion_sessions.phase_key only when current target is null,NONE
runtime_events#11,F0129,DIRECT_COPY_IF_TARGET_NULL,discussion_sessions#05,F0077,d.step_key,matched discussion_session_id,database/014_sprint3b_evidence_and_puzzle_integrity.sql,L56-L64,runtime_events.step_key is backfilled from matched discussion_sessions.step_key only when current target is null,NONE
runtime_events#12,F0130,COMPUTED_FROM_FIELD_IF_TARGET_NULL,runtime_events#06,F0124,case when e.actor_player_id is null then 'server' else 'player' end,same runtime_events row,database/014_sprint3b_evidence_and_puzzle_integrity.sql,L59-L67,event_source is conditionally computed from actor_player_id for legacy rows,NONE
runtime_events#13,F0131,CONSTANT_FILL_IF_TARGET_NULL,,,literal 'legacy',same runtime_events row,database/014_sprint3b_evidence_and_puzzle_integrity.sql,L60-L67,validity receives literal legacy when null,NONE
runtime_events#14,F0132,COMPUTED_FROM_JSON_IF_TARGET_NULL,runtime_events#07,F0125,(e.details->>'behavior_scoring')::boolean,same runtime_events row,database/014_sprint3b_evidence_and_puzzle_integrity.sql,L61-L63,behavior_scoring is conditionally extracted from details JSON when key exists,NONE
runtime_events#15,F0133,DIRECT_COPY_IF_TARGET_NULL,runtime_events#04,F0122,e.discussion_session_id,same runtime_events row,database/014_sprint3b_evidence_and_puzzle_integrity.sql,L63-L64,interaction_id is backfilled from discussion_session_id only when target is null,NONE
s3_group_items#03,F0185,LOOKUP_FROM_SAME_ROW_KEY,s3_group_items#02,F0184,CASE item_key -> literal localization key,same s3_group_items row,database/010_sprint3b_flow_integrity_and_inspect_fix.sql,L23-L24,label_text_key is rewritten according to item_key for listed library items,NONE
s3_group_items#03,F0185,CONSTANT_FOR_MATCHED_KEY,s3_group_items#02,F0184,item_key='golden_key' -> 'item.golden_key',same s3_group_items row,database/035_sprint6_focused_audit_corrections.sql,L28,label_text_key receives a constant for golden_key rows,NONE
s3_item_catalog#02,F0188,LOOKUP_FROM_SAME_ROW_KEY,s3_item_catalog#01,F0187,CASE item_key -> literal localization key,same s3_item_catalog row,database/010_sprint3b_flow_integrity_and_inspect_fix.sql,L10+,name_text_key is rewritten by item_key case mapping,NONE
s3_item_catalog#02,F0188,CONSTANT_FOR_MATCHED_KEY,s3_item_catalog#01,F0187,item_key='golden_key' -> 'item.golden_key',same catalog row,database/035_sprint6_focused_audit_corrections.sql,L27,name_text_key receives a constant for golden_key row,NONE
s3b_player_progress#13,F0258,COMPUTED_FROM_ROLE,s1_room_players#03,F0165,CASE rp.role_slot -> literal text-key arrays,joined player row,database/011_sprint3b_transition_and_act1_delivery_integrity.sql,L28+; database/014b_sprint3b_targeted_closure_corrections.sql,L29+,act1_text_keys is assigned role-specific literal arrays based on role_slot,NONE
s3b_player_progress#21,F0266,COALESCE_BACKFILL_MULTI_SOURCE,s5_run_state#10,F0315,coalesce(progress.act6_handoff_observed_at,s5.act6_entered_at,s5.updated_at),same run,database/060_package_a_ca_a_bounded_corrections.sql,L13-L17,backfill prefers existing target then s5 act6_entered_at then s5 updated_at,NONE
s3b_player_progress#21,F0266,COALESCE_BACKFILL_ALTERNATE_SOURCE,s5_run_state#09,F0314,s5.updated_at when prior arguments null,same run,database/060_package_a_ca_a_bounded_corrections.sql,L13-L17,secondary migration backfill source for handoff observed timestamp,NONE
s3b_player_progress#22,F0267,COALESCE_BACKFILL_MULTI_SOURCE,s5_run_state#10,F0315,coalesce(progress.act6_entered_at,s5.act6_entered_at,s5.updated_at),same run,database/060_package_a_ca_a_bounded_corrections.sql,L13-L17,backfill prefers existing target then s5 act6_entered_at then s5 updated_at,NONE
s3b_player_progress#22,F0267,COALESCE_BACKFILL_ALTERNATE_SOURCE,s5_run_state#09,F0314,s5.updated_at when prior arguments null,same run,database/060_package_a_ca_a_bounded_corrections.sql,L13-L17,secondary migration backfill source for per-player ACT6 timestamp,NONE
s3_runtime_scene_state#10,F0226,COMPUTED_BOOLEAN_FROM_FIELD,s5_run_state#03,F0308,s.phase_key='act8_final_vote',same run,database/031_sprint5_focused_reaudit_corrections.sql,L19,allow_share_photo is set from a boolean comparison on s5 phase_key after wrapped advance,NONE
s5_rounds#07,F0303,COMPUTED_FROM_STATE_AND_RESULT,s5_run_state#05,F0310,CASE s.act6_resolution plus result->>'tie',same run/round,database/029_sprint5_canonical_discussion_localization.sql,L62,resolution_source is chosen from act6_resolution and returned vote result flags,NONE
s6_choices#10,F0361,JSON_EXTRACT_COPY,s6_action_receipts#05,F0327,(r.payload->>'step')::integer,matched run/player/request_id,database/049_sprint8_final_closure.sql,L7-L12,existing ACT9 choices backfill action_step from matching action receipt payload step,NONE
s6_choices#10,F0361,DIRECT_TRIGGER_COPY,s6_run_state#07,F0378,select act9_step into new.action_step,same run before s6_choices insert,database/049_sprint8_final_closure.sql,L14-L23,new ACT9 console choices receive action_step from current s6_run_state.act9_step when action_step is null,NONE
s1_room_players#06,F0168,HASH_OF_EPHEMERAL_VALUE,,,public.s1_hash_token(v_token),same player join operation,database/001_sprint1_core.sql,L228,session_token_hash is produced by hashing local token v_token; no persistent source field is demonstrated,NONE
discussion_sessions#11,F0083,COMPUTED_FROM_CLOCK_AND_FIELD,discussion_sessions#25,F0097,now()+make_interval(secs=>v_session.vote_time_limit_sec),same discussion session,database/002_runtime_runs_discussion.sql,L403-L405;L477-L479,phase_deadline is computed from current clock plus vote_time_limit_sec,NONE
