global_field_id,field_id,table,column,origin_script,origin_line,origin_kind,ddl_source_line_literal,origin_ddl_inline_markers,ddl_source_blob_sha,effective_current_constraints_verified,source_github_url
F0001,act6_13_event_ledger#01,act6_13_event_ledger,event_id,database/037_level3_independent_audit_closure.sql,7,CREATE,create table public.act6_13_event_ledger(,NO_INLINE_MARKER,103f526e063cb3e53fe8b7c85543e3f823e3a948,NOT_VERIFIED_ORIGINAL_DECLARATION_ONLY,https://github.com/meifeng202309-commits/GAL-Escape-Castle/blob/cfea5155712c0ff416e40ff59e0c49c615fcb4a8/database/037_level3_independent_audit_closure.sql#L7
F0002,act6_13_event_ledger#02,act6_13_event_ledger,run_id,database/037_level3_independent_audit_closure.sql,8,CREATE," event_id bigint generated always as identity primary key,",PRIMARY_KEY,103f526e063cb3e53fe8b7c85543e3f823e3a948,NOT_VERIFIED_ORIGINAL_DECLARATION_ONLY,https://github.com/meifeng202309-commits/GAL-Escape-Castle/blob/cfea5155712c0ff416e40ff59e0c49c615fcb4a8/database/037_level3_independent_audit_closure.sql#L8
F0003,act6_13_event_ledger#03,act6_13_event_ledger,event_type,database/037_level3_independent_audit_closure.sql,9,CREATE," run_id uuid not null references public.game_runs(run_id) on delete cascade,",NOT_NULL|REFERENCES,103f526e063cb3e53fe8b7c85543e3f823e3a948,NOT_VERIFIED_ORIGINAL_DECLARATION_ONLY,https://github.com/meifeng202309-commits/GAL-Escape-Castle/blob/cfea5155712c0ff416e40ff59e0c49c615fcb4a8/database/037_level3_independent_audit_closure.sql#L9
F0004,act6_13_event_ledger#04,act6_13_event_ledger,act_no,database/037_level3_independent_audit_closure.sql,10,CREATE," event_type text not null,",NOT_NULL,103f526e063cb3e53fe8b7c85543e3f823e3a948,NOT_VERIFIED_ORIGINAL_DECLARATION_ONLY,https://github.com/meifeng202309-commits/GAL-Escape-Castle/blob/cfea5155712c0ff416e40ff59e0c49c615fcb4a8/database/037_level3_independent_audit_closure.sql#L10
F0005,act6_13_event_ledger#05,act6_13_event_ledger,phase_key,database/037_level3_independent_audit_closure.sql,11,CREATE," act_no int,",NO_INLINE_MARKER,103f526e063cb3e53fe8b7c85543e3f823e3a948,NOT_VERIFIED_ORIGINAL_DECLARATION_ONLY,https://github.com/meifeng202309-commits/GAL-Escape-Castle/blob/cfea5155712c0ff416e40ff59e0c49c615fcb4a8/database/037_level3_independent_audit_closure.sql#L11
F0006,act6_13_event_ledger#06,act6_13_event_ledger,occurrence_id,database/037_level3_independent_audit_closure.sql,12,CREATE," phase_key text,",NO_INLINE_MARKER,103f526e063cb3e53fe8b7c85543e3f823e3a948,NOT_VERIFIED_ORIGINAL_DECLARATION_ONLY,https://github.com/meifeng202309-commits/GAL-Escape-Castle/blob/cfea5155712c0ff416e40ff59e0c49c615fcb4a8/database/037_level3_independent_audit_closure.sql#L12
F0007,act6_13_event_ledger#07,act6_13_event_ledger,player_id,database/037_level3_independent_audit_closure.sql,13,CREATE," occurrence_id uuid,",NO_INLINE_MARKER,103f526e063cb3e53fe8b7c85543e3f823e3a948,NOT_VERIFIED_ORIGINAL_DECLARATION_ONLY,https://github.com/meifeng202309-commits/GAL-Escape-Castle/blob/cfea5155712c0ff416e40ff59e0c49c615fcb4a8/database/037_level3_independent_audit_closure.sql#L13
F0008,act6_13_event_ledger#08,act6_13_event_ledger,details,database/037_level3_independent_audit_closure.sql,14,CREATE," player_id uuid references public.s1_room_players(player_id),",REFERENCES,103f526e063cb3e53fe8b7c85543e3f823e3a948,NOT_VERIFIED_ORIGINAL_DECLARATION_ONLY,https://github.com/meifeng202309-commits/GAL-Escape-Castle/blob/cfea5155712c0ff416e40ff59e0c49c615fcb4a8/database/037_level3_independent_audit_closure.sql#L14
F0009,act6_13_event_ledger#09,act6_13_event_ledger,occurred_at,database/037_level3_independent_audit_closure.sql,15,CREATE," details jsonb not null default '{}'::jsonb,",NOT_NULL|DEFAULT,103f526e063cb3e53fe8b7c85543e3f823e3a948,NOT_VERIFIED_ORIGINAL_DECLARATION_ONLY,https://github.com/meifeng202309-commits/GAL-Escape-Castle/blob/cfea5155712c0ff416e40ff59e0c49c615fcb4a8/database/037_level3_independent_audit_closure.sql#L15
F0115,game_runs#14,game_runs,session_integrity_verified,database/046_sprint8_act14_finalization_export.sql,4,ADD,alter table public.game_runs,NO_INLINE_MARKER,a9bf5e87c3b450ef3a69f65e461e64349384f365,NOT_VERIFIED_ORIGINAL_DECLARATION_ONLY,https://github.com/meifeng202309-commits/GAL-Escape-Castle/blob/cfea5155712c0ff416e40ff59e0c49c615fcb4a8/database/046_sprint8_act14_finalization_export.sql#L4
F0116,game_runs#15,game_runs,game_completed,database/046_sprint8_act14_finalization_export.sql,5,ADD,"  add column if not exists session_integrity_verified boolean not null default false,",NOT_NULL|DEFAULT,a9bf5e87c3b450ef3a69f65e461e64349384f365,NOT_VERIFIED_ORIGINAL_DECLARATION_ONLY,https://github.com/meifeng202309-commits/GAL-Escape-Castle/blob/cfea5155712c0ff416e40ff59e0c49c615fcb4a8/database/046_sprint8_act14_finalization_export.sql#L5
F0117,game_runs#16,game_runs,export_ready,database/046_sprint8_act14_finalization_export.sql,6,ADD,"  add column if not exists game_completed boolean not null default false,",NOT_NULL|DEFAULT,a9bf5e87c3b450ef3a69f65e461e64349384f365,NOT_VERIFIED_ORIGINAL_DECLARATION_ONLY,https://github.com/meifeng202309-commits/GAL-Escape-Castle/blob/cfea5155712c0ff416e40ff59e0c49c615fcb4a8/database/046_sprint8_act14_finalization_export.sql#L6
F0118,game_runs#17,game_runs,completed_at,database/046_sprint8_act14_finalization_export.sql,7,ADD,"  add column if not exists export_ready boolean not null default false,",NOT_NULL|DEFAULT,a9bf5e87c3b450ef3a69f65e461e64349384f365,NOT_VERIFIED_ORIGINAL_DECLARATION_ONLY,https://github.com/meifeng202309-commits/GAL-Escape-Castle/blob/cfea5155712c0ff416e40ff59e0c49c615fcb4a8/database/046_sprint8_act14_finalization_export.sql#L7
F0266,s3b_player_progress#21,s3b_player_progress,act6_handoff_observed_at,database/060_package_a_ca_a_bounded_corrections.sql,8,ADD,alter table public.s3b_player_progress,NO_INLINE_MARKER,7d9edec7f1c7f3cb5835bdc01cc76d52236f2861,NOT_VERIFIED_ORIGINAL_DECLARATION_ONLY,https://github.com/meifeng202309-commits/GAL-Escape-Castle/blob/cfea5155712c0ff416e40ff59e0c49c615fcb4a8/database/060_package_a_ca_a_bounded_corrections.sql#L8
F0267,s3b_player_progress#22,s3b_player_progress,act6_entered_at,database/060_package_a_ca_a_bounded_corrections.sql,9,ADD,"  add column if not exists act6_handoff_observed_at timestamptz,",NO_INLINE_MARKER,7d9edec7f1c7f3cb5835bdc01cc76d52236f2861,NOT_VERIFIED_ORIGINAL_DECLARATION_ONLY,https://github.com/meifeng202309-commits/GAL-Escape-Castle/blob/cfea5155712c0ff416e40ff59e0c49c615fcb4a8/database/060_package_a_ca_a_bounded_corrections.sql#L9
F0315,s5_run_state#10,s5_run_state,act6_entered_at,database/059_structural_lifecycle_transition_spine.sql,33,ADD,alter table public.s5_run_state,NO_INLINE_MARKER,4591fd648f19ca32ed466983fdb76f7e1bdb953e,NOT_VERIFIED_ORIGINAL_DECLARATION_ONLY,https://github.com/meifeng202309-commits/GAL-Escape-Castle/blob/cfea5155712c0ff416e40ff59e0c49c615fcb4a8/database/059_structural_lifecycle_transition_spine.sql#L33
F0323,s6_action_receipts#01,s6_action_receipts,run_id,database/035_sprint6_focused_audit_corrections.sql,9,CREATE,create table public.s6_action_receipts(,NO_INLINE_MARKER,e9721ec34f390f6f889062a9c71859c6147bd2c4,NOT_VERIFIED_ORIGINAL_DECLARATION_ONLY,https://github.com/meifeng202309-commits/GAL-Escape-Castle/blob/cfea5155712c0ff416e40ff59e0c49c615fcb4a8/database/035_sprint6_focused_audit_corrections.sql#L9
F0324,s6_action_receipts#02,s6_action_receipts,player_id,database/035_sprint6_focused_audit_corrections.sql,10,CREATE," run_id uuid references public.game_runs(run_id),player_id uuid references public.s1_room_players(player_id),",REFERENCES,e9721ec34f390f6f889062a9c71859c6147bd2c4,NOT_VERIFIED_ORIGINAL_DECLARATION_ONLY,https://github.com/meifeng202309-commits/GAL-Escape-Castle/blob/cfea5155712c0ff416e40ff59e0c49c615fcb4a8/database/035_sprint6_focused_audit_corrections.sql#L10
F0325,s6_action_receipts#03,s6_action_receipts,request_id,database/035_sprint6_focused_audit_corrections.sql,10,CREATE," run_id uuid references public.game_runs(run_id),player_id uuid references public.s1_room_players(player_id),",REFERENCES,e9721ec34f390f6f889062a9c71859c6147bd2c4,NOT_VERIFIED_ORIGINAL_DECLARATION_ONLY,https://github.com/meifeng202309-commits/GAL-Escape-Castle/blob/cfea5155712c0ff416e40ff59e0c49c615fcb4a8/database/035_sprint6_focused_audit_corrections.sql#L10
F0326,s6_action_receipts#04,s6_action_receipts,action_key,database/035_sprint6_focused_audit_corrections.sql,11,CREATE," request_id uuid,action_key text,payload jsonb not null,result jsonb,created_at timestamptz not null default now(),",NOT_NULL|DEFAULT,e9721ec34f390f6f889062a9c71859c6147bd2c4,NOT_VERIFIED_ORIGINAL_DECLARATION_ONLY,https://github.com/meifeng202309-commits/GAL-Escape-Castle/blob/cfea5155712c0ff416e40ff59e0c49c615fcb4a8/database/035_sprint6_focused_audit_corrections.sql#L11
F0327,s6_action_receipts#05,s6_action_receipts,payload,database/035_sprint6_focused_audit_corrections.sql,11,CREATE," request_id uuid,action_key text,payload jsonb not null,result jsonb,created_at timestamptz not null default now(),",NOT_NULL|DEFAULT,e9721ec34f390f6f889062a9c71859c6147bd2c4,NOT_VERIFIED_ORIGINAL_DECLARATION_ONLY,https://github.com/meifeng202309-commits/GAL-Escape-Castle/blob/cfea5155712c0ff416e40ff59e0c49c615fcb4a8/database/035_sprint6_focused_audit_corrections.sql#L11
F0328,s6_action_receipts#06,s6_action_receipts,result,database/035_sprint6_focused_audit_corrections.sql,11,CREATE," request_id uuid,action_key text,payload jsonb not null,result jsonb,created_at timestamptz not null default now(),",NOT_NULL|DEFAULT,e9721ec34f390f6f889062a9c71859c6147bd2c4,NOT_VERIFIED_ORIGINAL_DECLARATION_ONLY,https://github.com/meifeng202309-commits/GAL-Escape-Castle/blob/cfea5155712c0ff416e40ff59e0c49c615fcb4a8/database/035_sprint6_focused_audit_corrections.sql#L11
F0329,s6_action_receipts#07,s6_action_receipts,created_at,database/035_sprint6_focused_audit_corrections.sql,11,CREATE," request_id uuid,action_key text,payload jsonb not null,result jsonb,created_at timestamptz not null default now(),",NOT_NULL|DEFAULT,e9721ec34f390f6f889062a9c71859c6147bd2c4,NOT_VERIFIED_ORIGINAL_DECLARATION_ONLY,https://github.com/meifeng202309-commits/GAL-Escape-Castle/blob/cfea5155712c0ff416e40ff59e0c49c615fcb4a8/database/035_sprint6_focused_audit_corrections.sql#L11
F0330,s6_allocation_attempts#01,s6_allocation_attempts,attempt_id,database/035_sprint6_focused_audit_corrections.sql,14,CREATE,create table public.s6_allocation_attempts(,NO_INLINE_MARKER,e9721ec34f390f6f889062a9c71859c6147bd2c4,NOT_VERIFIED_ORIGINAL_DECLARATION_ONLY,https://github.com/meifeng202309-commits/GAL-Escape-Castle/blob/cfea5155712c0ff416e40ff59e0c49c615fcb4a8/database/035_sprint6_focused_audit_corrections.sql#L14
F0331,s6_allocation_attempts#02,s6_allocation_attempts,run_id,database/035_sprint6_focused_audit_corrections.sql,15,CREATE," attempt_id bigint generated always as identity primary key,run_id uuid references public.game_runs(run_id),round_no int,",PRIMARY_KEY|REFERENCES,e9721ec34f390f6f889062a9c71859c6147bd2c4,NOT_VERIFIED_ORIGINAL_DECLARATION_ONLY,https://github.com/meifeng202309-commits/GAL-Escape-Castle/blob/cfea5155712c0ff416e40ff59e0c49c615fcb4a8/database/035_sprint6_focused_audit_corrections.sql#L15
F0332,s6_allocation_attempts#03,s6_allocation_attempts,round_no,database/035_sprint6_focused_audit_corrections.sql,15,CREATE," attempt_id bigint generated always as identity primary key,run_id uuid references public.game_runs(run_id),round_no int,",PRIMARY_KEY|REFERENCES,e9721ec34f390f6f889062a9c71859c6147bd2c4,NOT_VERIFIED_ORIGINAL_DECLARATION_ONLY,https://github.com/meifeng202309-commits/GAL-Escape-Castle/blob/cfea5155712c0ff416e40ff59e0c49c615fcb4a8/database/035_sprint6_focused_audit_corrections.sql#L15
F0333,s6_allocation_attempts#04,s6_allocation_attempts,player_id,database/035_sprint6_focused_audit_corrections.sql,15,CREATE," attempt_id bigint generated always as identity primary key,run_id uuid references public.game_runs(run_id),round_no int,",PRIMARY_KEY|REFERENCES,e9721ec34f390f6f889062a9c71859c6147bd2c4,NOT_VERIFIED_ORIGINAL_DECLARATION_ONLY,https://github.com/meifeng202309-commits/GAL-Escape-Castle/blob/cfea5155712c0ff416e40ff59e0c49c615fcb4a8/database/035_sprint6_focused_audit_corrections.sql#L15
F0334,s6_allocation_attempts#05,s6_allocation_attempts,role_key,database/035_sprint6_focused_audit_corrections.sql,16,CREATE," player_id uuid references public.s1_room_players(player_id),role_key text,request_id uuid,submitted_at timestamptz not null default now(),",NOT_NULL|DEFAULT|REFERENCES,e9721ec34f390f6f889062a9c71859c6147bd2c4,NOT_VERIFIED_ORIGINAL_DECLARATION_ONLY,https://github.com/meifeng202309-commits/GAL-Escape-Castle/blob/cfea5155712c0ff416e40ff59e0c49c615fcb4a8/database/035_sprint6_focused_audit_corrections.sql#L16
F0335,s6_allocation_attempts#06,s6_allocation_attempts,request_id,database/035_sprint6_focused_audit_corrections.sql,16,CREATE," player_id uuid references public.s1_room_players(player_id),role_key text,request_id uuid,submitted_at timestamptz not null default now(),",NOT_NULL|DEFAULT|REFERENCES,e9721ec34f390f6f889062a9c71859c6147bd2c4,NOT_VERIFIED_ORIGINAL_DECLARATION_ONLY,https://github.com/meifeng202309-commits/GAL-Escape-Castle/blob/cfea5155712c0ff416e40ff59e0c49c615fcb4a8/database/035_sprint6_focused_audit_corrections.sql#L16
F0336,s6_allocation_attempts#07,s6_allocation_attempts,submitted_at,database/035_sprint6_focused_audit_corrections.sql,16,CREATE," player_id uuid references public.s1_room_players(player_id),role_key text,request_id uuid,submitted_at timestamptz not null default now(),",NOT_NULL|DEFAULT|REFERENCES,e9721ec34f390f6f889062a9c71859c6147bd2c4,NOT_VERIFIED_ORIGINAL_DECLARATION_ONLY,https://github.com/meifeng202309-commits/GAL-Escape-Castle/blob/cfea5155712c0ff416e40ff59e0c49c615fcb4a8/database/035_sprint6_focused_audit_corrections.sql#L16
F0342,s6_audio_consumptions#01,s6_audio_consumptions,occurrence_id,database/037_level3_independent_audit_closure.sql,34,CREATE,create table public.s6_audio_consumptions(,NO_INLINE_MARKER,103f526e063cb3e53fe8b7c85543e3f823e3a948,NOT_VERIFIED_ORIGINAL_DECLARATION_ONLY,https://github.com/meifeng202309-commits/GAL-Escape-Castle/blob/cfea5155712c0ff416e40ff59e0c49c615fcb4a8/database/037_level3_independent_audit_closure.sql#L34
F0343,s6_audio_consumptions#02,s6_audio_consumptions,player_id,database/037_level3_independent_audit_closure.sql,35,CREATE," occurrence_id uuid not null references public.s6_audio_occurrences(occurrence_id) on delete cascade,",NOT_NULL|REFERENCES,103f526e063cb3e53fe8b7c85543e3f823e3a948,NOT_VERIFIED_ORIGINAL_DECLARATION_ONLY,https://github.com/meifeng202309-commits/GAL-Escape-Castle/blob/cfea5155712c0ff416e40ff59e0c49c615fcb4a8/database/037_level3_independent_audit_closure.sql#L35
F0344,s6_audio_consumptions#03,s6_audio_consumptions,outcome,database/037_level3_independent_audit_closure.sql,36,CREATE," player_id uuid not null references public.s1_room_players(player_id) on delete cascade,",NOT_NULL|REFERENCES,103f526e063cb3e53fe8b7c85543e3f823e3a948,NOT_VERIFIED_ORIGINAL_DECLARATION_ONLY,https://github.com/meifeng202309-commits/GAL-Escape-Castle/blob/cfea5155712c0ff416e40ff59e0c49c615fcb4a8/database/037_level3_independent_audit_closure.sql#L36
F0345,s6_audio_consumptions#04,s6_audio_consumptions,consumed_at,database/037_level3_independent_audit_closure.sql,37,CREATE," outcome text not null check(outcome in('ended','stopped')),",NOT_NULL|CHECK,103f526e063cb3e53fe8b7c85543e3f823e3a948,NOT_VERIFIED_ORIGINAL_DECLARATION_ONLY,https://github.com/meifeng202309-commits/GAL-Escape-Castle/blob/cfea5155712c0ff416e40ff59e0c49c615fcb4a8/database/037_level3_independent_audit_closure.sql#L37
F0346,s6_audio_occurrences#01,s6_audio_occurrences,occurrence_id,database/037_level3_independent_audit_closure.sql,22,CREATE,create table public.s6_audio_occurrences(,NO_INLINE_MARKER,103f526e063cb3e53fe8b7c85543e3f823e3a948,NOT_VERIFIED_ORIGINAL_DECLARATION_ONLY,https://github.com/meifeng202309-commits/GAL-Escape-Castle/blob/cfea5155712c0ff416e40ff59e0c49c615fcb4a8/database/037_level3_independent_audit_closure.sql#L22
F0347,s6_audio_occurrences#02,s6_audio_occurrences,run_id,database/037_level3_independent_audit_closure.sql,23,CREATE," occurrence_id uuid primary key default gen_random_uuid(),",PRIMARY_KEY|DEFAULT,103f526e063cb3e53fe8b7c85543e3f823e3a948,NOT_VERIFIED_ORIGINAL_DECLARATION_ONLY,https://github.com/meifeng202309-commits/GAL-Escape-Castle/blob/cfea5155712c0ff416e40ff59e0c49c615fcb4a8/database/037_level3_independent_audit_closure.sql#L23
F0348,s6_audio_occurrences#03,s6_audio_occurrences,cue_key,database/037_level3_independent_audit_closure.sql,24,CREATE," run_id uuid not null references public.game_runs(run_id) on delete cascade,",NOT_NULL|REFERENCES,103f526e063cb3e53fe8b7c85543e3f823e3a948,NOT_VERIFIED_ORIGINAL_DECLARATION_ONLY,https://github.com/meifeng202309-commits/GAL-Escape-Castle/blob/cfea5155712c0ff416e40ff59e0c49c615fcb4a8/database/037_level3_independent_audit_closure.sql#L24
F0349,s6_audio_occurrences#04,s6_audio_occurrences,phase_key,database/037_level3_independent_audit_closure.sql,25,CREATE," cue_key text not null,",NOT_NULL,103f526e063cb3e53fe8b7c85543e3f823e3a948,NOT_VERIFIED_ORIGINAL_DECLARATION_ONLY,https://github.com/meifeng202309-commits/GAL-Escape-Castle/blob/cfea5155712c0ff416e40ff59e0c49c615fcb4a8/database/037_level3_independent_audit_closure.sql#L25
F0350,s6_audio_occurrences#05,s6_audio_occurrences,cinematic_stage,database/037_level3_independent_audit_closure.sql,26,CREATE," phase_key text not null,",NOT_NULL,103f526e063cb3e53fe8b7c85543e3f823e3a948,NOT_VERIFIED_ORIGINAL_DECLARATION_ONLY,https://github.com/meifeng202309-commits/GAL-Escape-Castle/blob/cfea5155712c0ff416e40ff59e0c49c615fcb4a8/database/037_level3_independent_audit_closure.sql#L26
F0351,s6_audio_occurrences#06,s6_audio_occurrences,triggered_at,database/037_level3_independent_audit_closure.sql,27,CREATE," cinematic_stage int,",NO_INLINE_MARKER,103f526e063cb3e53fe8b7c85543e3f823e3a948,NOT_VERIFIED_ORIGINAL_DECLARATION_ONLY,https://github.com/meifeng202309-commits/GAL-Escape-Castle/blob/cfea5155712c0ff416e40ff59e0c49c615fcb4a8/database/037_level3_independent_audit_closure.sql#L27
F0361,s6_choices#10,s6_choices,action_step,database/049_sprint8_final_closure.sql,5,ADD,alter table public.s6_choices add column if not exists action_step integer;,NO_INLINE_MARKER,a1eee55d60d6dd2e764e77e16b572f1f712e50c2,NOT_VERIFIED_ORIGINAL_DECLARATION_ONLY,https://github.com/meifeng202309-commits/GAL-Escape-Castle/blob/cfea5155712c0ff416e40ff59e0c49c615fcb4a8/database/049_sprint8_final_closure.sql#L5
F0390,s6_run_state#19,s6_run_state,feedback_text_keys,database/035_sprint6_focused_audit_corrections.sql,4,ADD,alter table public.s6_run_state add column if not exists feedback_text_keys text[] not null default '{}';,NOT_NULL|DEFAULT,e9721ec34f390f6f889062a9c71859c6147bd2c4,NOT_VERIFIED_ORIGINAL_DECLARATION_ONLY,https://github.com/meifeng202309-commits/GAL-Escape-Castle/blob/cfea5155712c0ff416e40ff59e0c49c615fcb4a8/database/035_sprint6_focused_audit_corrections.sql#L4
F0391,s6_run_state#20,s6_run_state,feedback_audio_key,database/035_sprint6_focused_audit_corrections.sql,5,ADD,alter table public.s6_run_state add column if not exists feedback_audio_key text;,NO_INLINE_MARKER,e9721ec34f390f6f889062a9c71859c6147bd2c4,NOT_VERIFIED_ORIGINAL_DECLARATION_ONLY,https://github.com/meifeng202309-commits/GAL-Escape-Castle/blob/cfea5155712c0ff416e40ff59e0c49c615fcb4a8/database/035_sprint6_focused_audit_corrections.sql#L5
F0392,s6_run_state#21,s6_run_state,cinematic_stage,database/035_sprint6_focused_audit_corrections.sql,6,ADD,alter table public.s6_run_state add column if not exists cinematic_stage int not null default 0;,NOT_NULL|DEFAULT,e9721ec34f390f6f889062a9c71859c6147bd2c4,NOT_VERIFIED_ORIGINAL_DECLARATION_ONLY,https://github.com/meifeng202309-commits/GAL-Escape-Castle/blob/cfea5155712c0ff416e40ff59e0c49c615fcb4a8/database/035_sprint6_focused_audit_corrections.sql#L6
F0393,s6_run_state#22,s6_run_state,stage_started_at,database/035_sprint6_focused_audit_corrections.sql,7,ADD,alter table public.s6_run_state add column if not exists stage_started_at timestamptz;,NO_INLINE_MARKER,e9721ec34f390f6f889062a9c71859c6147bd2c4,NOT_VERIFIED_ORIGINAL_DECLARATION_ONLY,https://github.com/meifeng202309-commits/GAL-Escape-Castle/blob/cfea5155712c0ff416e40ff59e0c49c615fcb4a8/database/035_sprint6_focused_audit_corrections.sql#L7
F0394,s6_run_state#23,s6_run_state,feedback_audio_occurrence_id,database/037_level3_independent_audit_closure.sql,44,ADD,alter table public.s6_run_state add column feedback_audio_occurrence_id uuid references public.s6_audio_occurrences(occurrence_id);,REFERENCES,103f526e063cb3e53fe8b7c85543e3f823e3a948,NOT_VERIFIED_ORIGINAL_DECLARATION_ONLY,https://github.com/meifeng202309-commits/GAL-Escape-Castle/blob/cfea5155712c0ff416e40ff59e0c49c615fcb4a8/database/037_level3_independent_audit_closure.sql#L44
F0395,s6_station_b_progress#01,s6_station_b_progress,run_id,database/036_sprint6_four_open_findings.sql,3,CREATE,create table public.s6_station_b_progress(,NO_INLINE_MARKER,7db754f0d3176371bd5f222d79995582d4d4a1e0,NOT_VERIFIED_ORIGINAL_DECLARATION_ONLY,https://github.com/meifeng202309-commits/GAL-Escape-Castle/blob/cfea5155712c0ff416e40ff59e0c49c615fcb4a8/database/036_sprint6_four_open_findings.sql#L3
F0396,s6_station_b_progress#02,s6_station_b_progress,player_id,database/036_sprint6_four_open_findings.sql,4,CREATE," run_id uuid primary key references public.game_runs(run_id) on delete cascade,",PRIMARY_KEY|REFERENCES,7db754f0d3176371bd5f222d79995582d4d4a1e0,NOT_VERIFIED_ORIGINAL_DECLARATION_ONLY,https://github.com/meifeng202309-commits/GAL-Escape-Castle/blob/cfea5155712c0ff416e40ff59e0c49c615fcb4a8/database/036_sprint6_four_open_findings.sql#L4
F0397,s6_station_b_progress#03,s6_station_b_progress,stage,database/036_sprint6_four_open_findings.sql,5,CREATE," player_id uuid not null references public.s1_room_players(player_id),",NOT_NULL|REFERENCES,7db754f0d3176371bd5f222d79995582d4d4a1e0,NOT_VERIFIED_ORIGINAL_DECLARATION_ONLY,https://github.com/meifeng202309-commits/GAL-Escape-Castle/blob/cfea5155712c0ff416e40ff59e0c49c615fcb4a8/database/036_sprint6_four_open_findings.sql#L5
F0398,s6_station_b_progress#04,s6_station_b_progress,held_at,database/036_sprint6_four_open_findings.sql,6,CREATE," stage text not null check(stage in('lever_held','indicator_center')),",NOT_NULL|CHECK,7db754f0d3176371bd5f222d79995582d4d4a1e0,NOT_VERIFIED_ORIGINAL_DECLARATION_ONLY,https://github.com/meifeng202309-commits/GAL-Escape-Castle/blob/cfea5155712c0ff416e40ff59e0c49c615fcb4a8/database/036_sprint6_four_open_findings.sql#L6
F0399,s6_station_b_progress#05,s6_station_b_progress,centered_at,database/036_sprint6_four_open_findings.sql,7,CREATE," held_at timestamptz not null default now(),",NOT_NULL|DEFAULT,7db754f0d3176371bd5f222d79995582d4d4a1e0,NOT_VERIFIED_ORIGINAL_DECLARATION_ONLY,https://github.com/meifeng202309-commits/GAL-Escape-Castle/blob/cfea5155712c0ff416e40ff59e0c49c615fcb4a8/database/036_sprint6_four_open_findings.sql#L7
F0400,s6_station_tasks#01,s6_station_tasks,run_id,database/035_sprint6_focused_audit_corrections.sql,19,CREATE,create table public.s6_station_tasks(,NO_INLINE_MARKER,e9721ec34f390f6f889062a9c71859c6147bd2c4,NOT_VERIFIED_ORIGINAL_DECLARATION_ONLY,https://github.com/meifeng202309-commits/GAL-Escape-Castle/blob/cfea5155712c0ff416e40ff59e0c49c615fcb4a8/database/035_sprint6_focused_audit_corrections.sql#L19
F0401,s6_station_tasks#02,s6_station_tasks,role_key,database/035_sprint6_focused_audit_corrections.sql,20,CREATE," run_id uuid references public.game_runs(run_id),role_key text,player_id uuid references public.s1_room_players(player_id),",REFERENCES,e9721ec34f390f6f889062a9c71859c6147bd2c4,NOT_VERIFIED_ORIGINAL_DECLARATION_ONLY,https://github.com/meifeng202309-commits/GAL-Escape-Castle/blob/cfea5155712c0ff416e40ff59e0c49c615fcb4a8/database/035_sprint6_focused_audit_corrections.sql#L20
F0402,s6_station_tasks#03,s6_station_tasks,player_id,database/035_sprint6_focused_audit_corrections.sql,20,CREATE," run_id uuid references public.game_runs(run_id),role_key text,player_id uuid references public.s1_room_players(player_id),",REFERENCES,e9721ec34f390f6f889062a9c71859c6147bd2c4,NOT_VERIFIED_ORIGINAL_DECLARATION_ONLY,https://github.com/meifeng202309-commits/GAL-Escape-Castle/blob/cfea5155712c0ff416e40ff59e0c49c615fcb4a8/database/035_sprint6_focused_audit_corrections.sql#L20
F0403,s6_station_tasks#04,s6_station_tasks,task_key,database/035_sprint6_focused_audit_corrections.sql,20,CREATE," run_id uuid references public.game_runs(run_id),role_key text,player_id uuid references public.s1_room_players(player_id),",REFERENCES,e9721ec34f390f6f889062a9c71859c6147bd2c4,NOT_VERIFIED_ORIGINAL_DECLARATION_ONLY,https://github.com/meifeng202309-commits/GAL-Escape-Castle/blob/cfea5155712c0ff416e40ff59e0c49c615fcb4a8/database/035_sprint6_focused_audit_corrections.sql#L20
F0404,s6_station_tasks#05,s6_station_tasks,completed_at,database/035_sprint6_focused_audit_corrections.sql,21,CREATE," task_key text,completed_at timestamptz not null default now(),primary key(run_id,role_key)",PRIMARY_KEY|NOT_NULL|DEFAULT,e9721ec34f390f6f889062a9c71859c6147bd2c4,NOT_VERIFIED_ORIGINAL_DECLARATION_ONLY,https://github.com/meifeng202309-commits/GAL-Escape-Castle/blob/cfea5155712c0ff416e40ff59e0c49c615fcb4a8/database/035_sprint6_focused_audit_corrections.sql#L21
F0405,s8_finalizations#01,s8_finalizations,run_id,database/046_sprint8_act14_finalization_export.sql,10,CREATE,create table public.s8_finalizations(,NO_INLINE_MARKER,a9bf5e87c3b450ef3a69f65e461e64349384f365,NOT_VERIFIED_ORIGINAL_DECLARATION_ONLY,https://github.com/meifeng202309-commits/GAL-Escape-Castle/blob/cfea5155712c0ff416e40ff59e0c49c615fcb4a8/database/046_sprint8_act14_finalization_export.sql#L10
F0406,s8_finalizations#02,s8_finalizations,finalized_at,database/046_sprint8_act14_finalization_export.sql,11,CREATE,"  run_id uuid primary key references public.game_runs(run_id),",PRIMARY_KEY|REFERENCES,a9bf5e87c3b450ef3a69f65e461e64349384f365,NOT_VERIFIED_ORIGINAL_DECLARATION_ONLY,https://github.com/meifeng202309-commits/GAL-Escape-Castle/blob/cfea5155712c0ff416e40ff59e0c49c615fcb4a8/database/046_sprint8_act14_finalization_export.sql#L11
F0407,s8_finalizations#03,s8_finalizations,finalized_by,database/046_sprint8_act14_finalization_export.sql,12,CREATE,"  finalized_at timestamptz not null default now(),",NOT_NULL|DEFAULT,a9bf5e87c3b450ef3a69f65e461e64349384f365,NOT_VERIFIED_ORIGINAL_DECLARATION_ONLY,https://github.com/meifeng202309-commits/GAL-Escape-Castle/blob/cfea5155712c0ff416e40ff59e0c49c615fcb4a8/database/046_sprint8_act14_finalization_export.sql#L12
F0408,s8_finalizations#04,s8_finalizations,client_request_id,database/046_sprint8_act14_finalization_export.sql,13,CREATE,"  finalized_by uuid not null references public.s1_room_players(player_id),",NOT_NULL|REFERENCES,a9bf5e87c3b450ef3a69f65e461e64349384f365,NOT_VERIFIED_ORIGINAL_DECLARATION_ONLY,https://github.com/meifeng202309-commits/GAL-Escape-Castle/blob/cfea5155712c0ff416e40ff59e0c49c615fcb4a8/database/046_sprint8_act14_finalization_export.sql#L13
F0409,s8_finalizations#05,s8_finalizations,integrity_report,database/046_sprint8_act14_finalization_export.sql,14,CREATE,"  client_request_id uuid not null,",NOT_NULL,a9bf5e87c3b450ef3a69f65e461e64349384f365,NOT_VERIFIED_ORIGINAL_DECLARATION_ONLY,https://github.com/meifeng202309-commits/GAL-Escape-Castle/blob/cfea5155712c0ff416e40ff59e0c49c615fcb4a8/database/046_sprint8_act14_finalization_export.sql#L14
F0410,s8_finalizations#06,s8_finalizations,export_schema_version,database/046_sprint8_act14_finalization_export.sql,15,CREATE,"  integrity_report jsonb not null,",NOT_NULL,a9bf5e87c3b450ef3a69f65e461e64349384f365,NOT_VERIFIED_ORIGINAL_DECLARATION_ONLY,https://github.com/meifeng202309-commits/GAL-Escape-Castle/blob/cfea5155712c0ff416e40ff59e0c49c615fcb4a8/database/046_sprint8_act14_finalization_export.sql#L15
F0411,s9_pocket_item_inspections#01,s9_pocket_item_inspections,run_id,database/068_package_c_authoritative_pocket_inspection.sql,4,CREATE,create table if not exists public.s9_pocket_item_inspections(,NO_INLINE_MARKER,df77101db5a2b1435f8186f35eaaea23c28c7ddc,NOT_VERIFIED_ORIGINAL_DECLARATION_ONLY,https://github.com/meifeng202309-commits/GAL-Escape-Castle/blob/cfea5155712c0ff416e40ff59e0c49c615fcb4a8/database/068_package_c_authoritative_pocket_inspection.sql#L4
F0412,s9_pocket_item_inspections#02,s9_pocket_item_inspections,player_id,database/068_package_c_authoritative_pocket_inspection.sql,5,CREATE," run_id uuid not null references public.game_runs(run_id),",NOT_NULL|REFERENCES,df77101db5a2b1435f8186f35eaaea23c28c7ddc,NOT_VERIFIED_ORIGINAL_DECLARATION_ONLY,https://github.com/meifeng202309-commits/GAL-Escape-Castle/blob/cfea5155712c0ff416e40ff59e0c49c615fcb4a8/database/068_package_c_authoritative_pocket_inspection.sql#L5
F0413,s9_pocket_item_inspections#03,s9_pocket_item_inspections,item_key,database/068_package_c_authoritative_pocket_inspection.sql,6,CREATE," player_id uuid not null references public.s1_room_players(player_id),",NOT_NULL|REFERENCES,df77101db5a2b1435f8186f35eaaea23c28c7ddc,NOT_VERIFIED_ORIGINAL_DECLARATION_ONLY,https://github.com/meifeng202309-commits/GAL-Escape-Castle/blob/cfea5155712c0ff416e40ff59e0c49c615fcb4a8/database/068_package_c_authoritative_pocket_inspection.sql#L6
F0414,s9_pocket_item_inspections#04,s9_pocket_item_inspections,inspected_at,database/068_package_c_authoritative_pocket_inspection.sql,7,CREATE," item_key text not null references public.s3_item_catalog(item_key),",NOT_NULL|REFERENCES,df77101db5a2b1435f8186f35eaaea23c28c7ddc,NOT_VERIFIED_ORIGINAL_DECLARATION_ONLY,https://github.com/meifeng202309-commits/GAL-Escape-Castle/blob/cfea5155712c0ff416e40ff59e0c49c615fcb4a8/database/068_package_c_authoritative_pocket_inspection.sql#L7
