global_field_id,field_id,test_script_access_reference_count,first_test_reference,last_test_reference,actual_runtime_values_accessed,paired_value_comparison_performed,value_equality_or_difference_observed,test_assertion_execution_verified,data_gap_reason,source_catalog_file
F0001,act6_13_event_ledger#01,0,,,NO,NO,NOT_OBSERVED,NO,NO_AUTHORIZED_ISOLATED_RUNTIME_VALUE_SAMPLES,docs/plans/ROUND1_FIELD_READ_WRITE_OVERVIEW_V1.0_part1.csv
F0002,act6_13_event_ledger#02,0,,,NO,NO,NOT_OBSERVED,NO,NO_AUTHORIZED_ISOLATED_RUNTIME_VALUE_SAMPLES,docs/plans/ROUND1_FIELD_READ_WRITE_OVERVIEW_V1.0_part1.csv
F0003,act6_13_event_ledger#03,0,,,NO,NO,NOT_OBSERVED,NO,NO_AUTHORIZED_ISOLATED_RUNTIME_VALUE_SAMPLES,docs/plans/ROUND1_FIELD_READ_WRITE_OVERVIEW_V1.0_part1.csv
F0004,act6_13_event_ledger#04,0,,,NO,NO,NOT_OBSERVED,NO,NO_AUTHORIZED_ISOLATED_RUNTIME_VALUE_SAMPLES,docs/plans/ROUND1_FIELD_READ_WRITE_OVERVIEW_V1.0_part1.csv
F0005,act6_13_event_ledger#05,0,,,NO,NO,NOT_OBSERVED,NO,NO_AUTHORIZED_ISOLATED_RUNTIME_VALUE_SAMPLES,docs/plans/ROUND1_FIELD_READ_WRITE_OVERVIEW_V1.0_part1.csv
F0006,act6_13_event_ledger#06,0,,,NO,NO,NOT_OBSERVED,NO,NO_AUTHORIZED_ISOLATED_RUNTIME_VALUE_SAMPLES,docs/plans/ROUND1_FIELD_READ_WRITE_OVERVIEW_V1.0_part1.csv
F0007,act6_13_event_ledger#07,0,,,NO,NO,NOT_OBSERVED,NO,NO_AUTHORIZED_ISOLATED_RUNTIME_VALUE_SAMPLES,docs/plans/ROUND1_FIELD_READ_WRITE_OVERVIEW_V1.0_part1.csv
F0008,act6_13_event_ledger#08,0,,,NO,NO,NOT_OBSERVED,NO,NO_AUTHORIZED_ISOLATED_RUNTIME_VALUE_SAMPLES,docs/plans/ROUND1_FIELD_READ_WRITE_OVERVIEW_V1.0_part1.csv
F0009,act6_13_event_ledger#09,0,,,NO,NO,NOT_OBSERVED,NO,NO_AUTHORIZED_ISOLATED_RUNTIME_VALUE_SAMPLES,docs/plans/ROUND1_FIELD_READ_WRITE_OVERVIEW_V1.0_part1.csv
F0010,asset_candidates#01,1,READ:tests/sprint4-026-db-regression.sql:L9@TEST_SQL[bare field in single test statement],READ:tests/sprint4-026-db-regression.sql:L9@TEST_SQL[bare field in single test statement],NO,NO,NOT_OBSERVED,NO,NO_AUTHORIZED_ISOLATED_RUNTIME_VALUE_SAMPLES,docs/plans/ROUND1_FIELD_READ_WRITE_OVERVIEW_V1.0_part1.csv
F0011,asset_candidates#02,0,,,NO,NO,NOT_OBSERVED,NO,NO_AUTHORIZED_ISOLATED_RUNTIME_VALUE_SAMPLES,docs/plans/ROUND1_FIELD_READ_WRITE_OVERVIEW_V1.0_part1.csv
F0012,asset_candidates#03,0,,,NO,NO,NOT_OBSERVED,NO,NO_AUTHORIZED_ISOLATED_RUNTIME_VALUE_SAMPLES,docs/plans/ROUND1_FIELD_READ_WRITE_OVERVIEW_V1.0_part1.csv
F0013,asset_candidates#04,0,,,NO,NO,NOT_OBSERVED,NO,NO_AUTHORIZED_ISOLATED_RUNTIME_VALUE_SAMPLES,docs/plans/ROUND1_FIELD_READ_WRITE_OVERVIEW_V1.0_part1.csv
F0014,asset_candidates#05,0,,,NO,NO,NOT_OBSERVED,NO,NO_AUTHORIZED_ISOLATED_RUNTIME_VALUE_SAMPLES,docs/plans/ROUND1_FIELD_READ_WRITE_OVERVIEW_V1.0_part1.csv
F0015,asset_candidates#06,0,,,NO,NO,NOT_OBSERVED,NO,NO_AUTHORIZED_ISOLATED_RUNTIME_VALUE_SAMPLES,docs/plans/ROUND1_FIELD_READ_WRITE_OVERVIEW_V1.0_part1.csv
F0016,asset_candidates#07,0,,,NO,NO,NOT_OBSERVED,NO,NO_AUTHORIZED_ISOLATED_RUNTIME_VALUE_SAMPLES,docs/plans/ROUND1_FIELD_READ_WRITE_OVERVIEW_V1.0_part1.csv
F0017,asset_candidates#08,0,,,NO,NO,NOT_OBSERVED,NO,NO_AUTHORIZED_ISOLATED_RUNTIME_VALUE_SAMPLES,docs/plans/ROUND1_FIELD_READ_WRITE_OVERVIEW_V1.0_part1.csv
F0018,asset_candidates#09,0,,,NO,NO,NOT_OBSERVED,NO,NO_AUTHORIZED_ISOLATED_RUNTIME_VALUE_SAMPLES,docs/plans/ROUND1_FIELD_READ_WRITE_OVERVIEW_V1.0_part1.csv
F0019,asset_candidates#10,0,,,NO,NO,NOT_OBSERVED,NO,NO_AUTHORIZED_ISOLATED_RUNTIME_VALUE_SAMPLES,docs/plans/ROUND1_FIELD_READ_WRITE_OVERVIEW_V1.0_part1.csv
F0020,asset_candidates#11,0,,,NO,NO,NOT_OBSERVED,NO,NO_AUTHORIZED_ISOLATED_RUNTIME_VALUE_SAMPLES,docs/plans/ROUND1_FIELD_READ_WRITE_OVERVIEW_V1.0_part1.csv
F0021,asset_candidates#12,0,,,NO,NO,NOT_OBSERVED,NO,NO_AUTHORIZED_ISOLATED_RUNTIME_VALUE_SAMPLES,docs/plans/ROUND1_FIELD_READ_WRITE_OVERVIEW_V1.0_part1.csv
F0022,asset_candidates#13,0,,,NO,NO,NOT_OBSERVED,NO,NO_AUTHORIZED_ISOLATED_RUNTIME_VALUE_SAMPLES,docs/plans/ROUND1_FIELD_READ_WRITE_OVERVIEW_V1.0_part1.csv
F0023,asset_candidates#14,0,,,NO,NO,NOT_OBSERVED,NO,NO_AUTHORIZED_ISOLATED_RUNTIME_VALUE_SAMPLES,docs/plans/ROUND1_FIELD_READ_WRITE_OVERVIEW_V1.0_part1.csv
F0024,asset_candidates#15,0,,,NO,NO,NOT_OBSERVED,NO,NO_AUTHORIZED_ISOLATED_RUNTIME_VALUE_SAMPLES,docs/plans/ROUND1_FIELD_READ_WRITE_OVERVIEW_V1.0_part1.csv
F0025,asset_candidates#16,0,,,NO,NO,NOT_OBSERVED,NO,NO_AUTHORIZED_ISOLATED_RUNTIME_VALUE_SAMPLES,docs/plans/ROUND1_FIELD_READ_WRITE_OVERVIEW_V1.0_part1.csv
F0026,asset_candidates#17,0,,,NO,NO,NOT_OBSERVED,NO,NO_AUTHORIZED_ISOLATED_RUNTIME_VALUE_SAMPLES,docs/plans/ROUND1_FIELD_READ_WRITE_OVERVIEW_V1.0_part1.csv
F0027,asset_candidates#18,0,,,NO,NO,NOT_OBSERVED,NO,NO_AUTHORIZED_ISOLATED_RUNTIME_VALUE_SAMPLES,docs/plans/ROUND1_FIELD_READ_WRITE_OVERVIEW_V1.0_part1.csv
F0028,asset_candidates#19,0,,,NO,NO,NOT_OBSERVED,NO,NO_AUTHORIZED_ISOLATED_RUNTIME_VALUE_SAMPLES,docs/plans/ROUND1_FIELD_READ_WRITE_OVERVIEW_V1.0_part1.csv
F0029,asset_candidates#20,0,,,NO,NO,NOT_OBSERVED,NO,NO_AUTHORIZED_ISOLATED_RUNTIME_VALUE_SAMPLES,docs/plans/ROUND1_FIELD_READ_WRITE_OVERVIEW_V1.0_part1.csv
F0030,asset_candidates#21,0,,,NO,NO,NOT_OBSERVED,NO,NO_AUTHORIZED_ISOLATED_RUNTIME_VALUE_SAMPLES,docs/plans/ROUND1_FIELD_READ_WRITE_OVERVIEW_V1.0_part1.csv
F0031,asset_candidates#22,0,,,NO,NO,NOT_OBSERVED,NO,NO_AUTHORIZED_ISOLATED_RUNTIME_VALUE_SAMPLES,docs/plans/ROUND1_FIELD_READ_WRITE_OVERVIEW_V1.0_part1.csv
F0032,asset_candidates#23,0,,,NO,NO,NOT_OBSERVED,NO,NO_AUTHORIZED_ISOLATED_RUNTIME_VALUE_SAMPLES,docs/plans/ROUND1_FIELD_READ_WRITE_OVERVIEW_V1.0_part1.csv
F0033,asset_candidates#24,0,,,NO,NO,NOT_OBSERVED,NO,NO_AUTHORIZED_ISOLATED_RUNTIME_VALUE_SAMPLES,docs/plans/ROUND1_FIELD_READ_WRITE_OVERVIEW_V1.0_part1.csv
F0034,asset_candidates#25,0,,,NO,NO,NOT_OBSERVED,NO,NO_AUTHORIZED_ISOLATED_RUNTIME_VALUE_SAMPLES,docs/plans/ROUND1_FIELD_READ_WRITE_OVERVIEW_V1.0_part1.csv
F0035,asset_candidates#26,0,,,NO,NO,NOT_OBSERVED,NO,NO_AUTHORIZED_ISOLATED_RUNTIME_VALUE_SAMPLES,docs/plans/ROUND1_FIELD_READ_WRITE_OVERVIEW_V1.0_part1.csv
F0036,asset_candidates#27,0,,,NO,NO,NOT_OBSERVED,NO,NO_AUTHORIZED_ISOLATED_RUNTIME_VALUE_SAMPLES,docs/plans/ROUND1_FIELD_READ_WRITE_OVERVIEW_V1.0_part1.csv
F0037,asset_candidates#28,0,,,NO,NO,NOT_OBSERVED,NO,NO_AUTHORIZED_ISOLATED_RUNTIME_VALUE_SAMPLES,docs/plans/ROUND1_FIELD_READ_WRITE_OVERVIEW_V1.0_part1.csv
F0038,asset_candidates#29,0,,,NO,NO,NOT_OBSERVED,NO,NO_AUTHORIZED_ISOLATED_RUNTIME_VALUE_SAMPLES,docs/plans/ROUND1_FIELD_READ_WRITE_OVERVIEW_V1.0_part1.csv
F0039,asset_events#01,0,,,NO,NO,NOT_OBSERVED,NO,NO_AUTHORIZED_ISOLATED_RUNTIME_VALUE_SAMPLES,docs/plans/ROUND1_FIELD_READ_WRITE_OVERVIEW_V1.0_part1.csv
F0040,asset_events#02,0,,,NO,NO,NOT_OBSERVED,NO,NO_AUTHORIZED_ISOLATED_RUNTIME_VALUE_SAMPLES,docs/plans/ROUND1_FIELD_READ_WRITE_OVERVIEW_V1.0_part1.csv
F0041,asset_events#03,0,,,NO,NO,NOT_OBSERVED,NO,NO_AUTHORIZED_ISOLATED_RUNTIME_VALUE_SAMPLES,docs/plans/ROUND1_FIELD_READ_WRITE_OVERVIEW_V1.0_part1.csv
F0042,asset_events#04,0,,,NO,NO,NOT_OBSERVED,NO,NO_AUTHORIZED_ISOLATED_RUNTIME_VALUE_SAMPLES,docs/plans/ROUND1_FIELD_READ_WRITE_OVERVIEW_V1.0_part1.csv
F0043,asset_events#05,0,,,NO,NO,NOT_OBSERVED,NO,NO_AUTHORIZED_ISOLATED_RUNTIME_VALUE_SAMPLES,docs/plans/ROUND1_FIELD_READ_WRITE_OVERVIEW_V1.0_part1.csv
F0044,asset_events#06,0,,,NO,NO,NOT_OBSERVED,NO,NO_AUTHORIZED_ISOLATED_RUNTIME_VALUE_SAMPLES,docs/plans/ROUND1_FIELD_READ_WRITE_OVERVIEW_V1.0_part1.csv
F0045,asset_manager_reviewers#01,1,WRITE:tests/sprint4-026-db-regression.sql:L3@TEST_SQL[INSERT explicit column in test]{TEST_WRITE},WRITE:tests/sprint4-026-db-regression.sql:L3@TEST_SQL[INSERT explicit column in test]{TEST_WRITE},NO,NO,NOT_OBSERVED,NO,NO_AUTHORIZED_ISOLATED_RUNTIME_VALUE_SAMPLES,docs/plans/ROUND1_FIELD_READ_WRITE_OVERVIEW_V1.0_part1.csv
F0046,asset_manager_reviewers#02,1,WRITE:tests/sprint4-026-db-regression.sql:L3@TEST_SQL[INSERT explicit column in test]{TEST_WRITE},WRITE:tests/sprint4-026-db-regression.sql:L3@TEST_SQL[INSERT explicit column in test]{TEST_WRITE},NO,NO,NOT_OBSERVED,NO,NO_AUTHORIZED_ISOLATED_RUNTIME_VALUE_SAMPLES,docs/plans/ROUND1_FIELD_READ_WRITE_OVERVIEW_V1.0_part1.csv
F0047,asset_manager_reviewers#03,0,,,NO,NO,NOT_OBSERVED,NO,NO_AUTHORIZED_ISOLATED_RUNTIME_VALUE_SAMPLES,docs/plans/ROUND1_FIELD_READ_WRITE_OVERVIEW_V1.0_part1.csv
F0048,asset_manager_reviewers#04,0,,,NO,NO,NOT_OBSERVED,NO,NO_AUTHORIZED_ISOLATED_RUNTIME_VALUE_SAMPLES,docs/plans/ROUND1_FIELD_READ_WRITE_OVERVIEW_V1.0_part1.csv
F0049,asset_registry_projection#01,0,,,NO,NO,NOT_OBSERVED,NO,NO_AUTHORIZED_ISOLATED_RUNTIME_VALUE_SAMPLES,docs/plans/ROUND1_FIELD_READ_WRITE_OVERVIEW_V1.0_part1.csv
F0050,asset_registry_projection#02,0,,,NO,NO,NOT_OBSERVED,NO,NO_AUTHORIZED_ISOLATED_RUNTIME_VALUE_SAMPLES,docs/plans/ROUND1_FIELD_READ_WRITE_OVERVIEW_V1.0_part1.csv
F0051,asset_registry_projection#03,0,,,NO,NO,NOT_OBSERVED,NO,NO_AUTHORIZED_ISOLATED_RUNTIME_VALUE_SAMPLES,docs/plans/ROUND1_FIELD_READ_WRITE_OVERVIEW_V1.0_part1.csv
F0052,asset_registry_projection#04,0,,,NO,NO,NOT_OBSERVED,NO,NO_AUTHORIZED_ISOLATED_RUNTIME_VALUE_SAMPLES,docs/plans/ROUND1_FIELD_READ_WRITE_OVERVIEW_V1.0_part1.csv
F0053,asset_registry_projection#05,0,,,NO,NO,NOT_OBSERVED,NO,NO_AUTHORIZED_ISOLATED_RUNTIME_VALUE_SAMPLES,docs/plans/ROUND1_FIELD_READ_WRITE_OVERVIEW_V1.0_part1.csv
F0054,asset_registry_projection#06,0,,,NO,NO,NOT_OBSERVED,NO,NO_AUTHORIZED_ISOLATED_RUNTIME_VALUE_SAMPLES,docs/plans/ROUND1_FIELD_READ_WRITE_OVERVIEW_V1.0_part1.csv
F0055,asset_registry_projection#07,0,,,NO,NO,NOT_OBSERVED,NO,NO_AUTHORIZED_ISOLATED_RUNTIME_VALUE_SAMPLES,docs/plans/ROUND1_FIELD_READ_WRITE_OVERVIEW_V1.0_part1.csv
F0056,asset_registry_projection#08,0,,,NO,NO,NOT_OBSERVED,NO,NO_AUTHORIZED_ISOLATED_RUNTIME_VALUE_SAMPLES,docs/plans/ROUND1_FIELD_READ_WRITE_OVERVIEW_V1.0_part1.csv
F0057,asset_registry_projection#09,0,,,NO,NO,NOT_OBSERVED,NO,NO_AUTHORIZED_ISOLATED_RUNTIME_VALUE_SAMPLES,docs/plans/ROUND1_FIELD_READ_WRITE_OVERVIEW_V1.0_part1.csv
F0058,asset_registry_projection#10,0,,,NO,NO,NOT_OBSERVED,NO,NO_AUTHORIZED_ISOLATED_RUNTIME_VALUE_SAMPLES,docs/plans/ROUND1_FIELD_READ_WRITE_OVERVIEW_V1.0_part1.csv
F0059,asset_registry_projection#11,0,,,NO,NO,NOT_OBSERVED,NO,NO_AUTHORIZED_ISOLATED_RUNTIME_VALUE_SAMPLES,docs/plans/ROUND1_FIELD_READ_WRITE_OVERVIEW_V1.0_part1.csv
F0060,asset_registry_projection#12,0,,,NO,NO,NOT_OBSERVED,NO,NO_AUTHORIZED_ISOLATED_RUNTIME_VALUE_SAMPLES,docs/plans/ROUND1_FIELD_READ_WRITE_OVERVIEW_V1.0_part1.csv
F0061,asset_registry_projection#13,0,,,NO,NO,NOT_OBSERVED,NO,NO_AUTHORIZED_ISOLATED_RUNTIME_VALUE_SAMPLES,docs/plans/ROUND1_FIELD_READ_WRITE_OVERVIEW_V1.0_part1.csv
F0062,asset_registry_projection#14,1,WRITE:tests/sprint4-026-db-regression.sql:L27@TEST_SQL[UPDATE SET in test]{TEST_WRITE},WRITE:tests/sprint4-026-db-regression.sql:L27@TEST_SQL[UPDATE SET in test]{TEST_WRITE},NO,NO,NOT_OBSERVED,NO,NO_AUTHORIZED_ISOLATED_RUNTIME_VALUE_SAMPLES,docs/plans/ROUND1_FIELD_READ_WRITE_OVERVIEW_V1.0_part1.csv
F0063,dialogue_messages#01,0,,,NO,NO,NOT_OBSERVED,NO,NO_AUTHORIZED_ISOLATED_RUNTIME_VALUE_SAMPLES,docs/plans/ROUND1_FIELD_READ_WRITE_OVERVIEW_V1.0_part1.csv
F0064,dialogue_messages#02,0,,,NO,NO,NOT_OBSERVED,NO,NO_AUTHORIZED_ISOLATED_RUNTIME_VALUE_SAMPLES,docs/plans/ROUND1_FIELD_READ_WRITE_OVERVIEW_V1.0_part1.csv
F0065,dialogue_messages#03,0,,,NO,NO,NOT_OBSERVED,NO,NO_AUTHORIZED_ISOLATED_RUNTIME_VALUE_SAMPLES,docs/plans/ROUND1_FIELD_READ_WRITE_OVERVIEW_V1.0_part1.csv
F0066,dialogue_messages#04,0,,,NO,NO,NOT_OBSERVED,NO,NO_AUTHORIZED_ISOLATED_RUNTIME_VALUE_SAMPLES,docs/plans/ROUND1_FIELD_READ_WRITE_OVERVIEW_V1.0_part1.csv
F0067,dialogue_messages#05,0,,,NO,NO,NOT_OBSERVED,NO,NO_AUTHORIZED_ISOLATED_RUNTIME_VALUE_SAMPLES,docs/plans/ROUND1_FIELD_READ_WRITE_OVERVIEW_V1.0_part1.csv
F0068,dialogue_messages#06,0,,,NO,NO,NOT_OBSERVED,NO,NO_AUTHORIZED_ISOLATED_RUNTIME_VALUE_SAMPLES,docs/plans/ROUND1_FIELD_READ_WRITE_OVERVIEW_V1.0_part1.csv
F0069,dialogue_messages#07,0,,,NO,NO,NOT_OBSERVED,NO,NO_AUTHORIZED_ISOLATED_RUNTIME_VALUE_SAMPLES,docs/plans/ROUND1_FIELD_READ_WRITE_OVERVIEW_V1.0_part1.csv
F0070,dialogue_messages#08,0,,,NO,NO,NOT_OBSERVED,NO,NO_AUTHORIZED_ISOLATED_RUNTIME_VALUE_SAMPLES,docs/plans/ROUND1_FIELD_READ_WRITE_OVERVIEW_V1.0_part1.csv
F0071,dialogue_messages#09,0,,,NO,NO,NOT_OBSERVED,NO,NO_AUTHORIZED_ISOLATED_RUNTIME_VALUE_SAMPLES,docs/plans/ROUND1_FIELD_READ_WRITE_OVERVIEW_V1.0_part1.csv
F0072,dialogue_messages#10,0,,,NO,NO,NOT_OBSERVED,NO,NO_AUTHORIZED_ISOLATED_RUNTIME_VALUE_SAMPLES,docs/plans/ROUND1_FIELD_READ_WRITE_OVERVIEW_V1.0_part1.csv
F0073,discussion_sessions#01,3,READ:tests/level2-residual-integrity-transaction.sql:L13@TEST_SQL[bare field in single test statement],READ:tests/level2-residual-integrity-transaction.sql:L35@TEST_SQL[bare field in single test statement],NO,NO,NOT_OBSERVED,NO,NO_AUTHORIZED_ISOLATED_RUNTIME_VALUE_SAMPLES,docs/plans/ROUND1_FIELD_READ_WRITE_OVERVIEW_V1.0_part1.csv
F0074,discussion_sessions#02,3,READ:tests/level2-residual-integrity-transaction.sql:L13@TEST_SQL[bare field in single test statement],READ:tests/level2-residual-integrity-transaction.sql:L35@TEST_SQL[bare field in single test statement],NO,NO,NOT_OBSERVED,NO,NO_AUTHORIZED_ISOLATED_RUNTIME_VALUE_SAMPLES,docs/plans/ROUND1_FIELD_READ_WRITE_OVERVIEW_V1.0_part1.csv
F0075,discussion_sessions#03,3,READ:tests/level2-residual-integrity-transaction.sql:L13@TEST_SQL[bare field in single test statement],READ:tests/level2-residual-integrity-transaction.sql:L35@TEST_SQL[bare field in single test statement],NO,NO,NOT_OBSERVED,NO,NO_AUTHORIZED_ISOLATED_RUNTIME_VALUE_SAMPLES,docs/plans/ROUND1_FIELD_READ_WRITE_OVERVIEW_V1.0_part1.csv
F0076,discussion_sessions#04,3,READ:tests/level2-residual-integrity-transaction.sql:L13@TEST_SQL[bare field in single test statement],READ:tests/level2-residual-integrity-transaction.sql:L35@TEST_SQL[bare field in single test statement],NO,NO,NOT_OBSERVED,NO,NO_AUTHORIZED_ISOLATED_RUNTIME_VALUE_SAMPLES,docs/plans/ROUND1_FIELD_READ_WRITE_OVERVIEW_V1.0_part1.csv
F0077,discussion_sessions#05,0,,,NO,NO,NOT_OBSERVED,NO,NO_AUTHORIZED_ISOLATED_RUNTIME_VALUE_SAMPLES,docs/plans/ROUND1_FIELD_READ_WRITE_OVERVIEW_V1.0_part1.csv
F0078,discussion_sessions#06,0,,,NO,NO,NOT_OBSERVED,NO,NO_AUTHORIZED_ISOLATED_RUNTIME_VALUE_SAMPLES,docs/plans/ROUND1_FIELD_READ_WRITE_OVERVIEW_V1.0_part1.csv
F0079,discussion_sessions#07,0,,,NO,NO,NOT_OBSERVED,NO,NO_AUTHORIZED_ISOLATED_RUNTIME_VALUE_SAMPLES,docs/plans/ROUND1_FIELD_READ_WRITE_OVERVIEW_V1.0_part1.csv
F0080,discussion_sessions#08,0,,,NO,NO,NOT_OBSERVED,NO,NO_AUTHORIZED_ISOLATED_RUNTIME_VALUE_SAMPLES,docs/plans/ROUND1_FIELD_READ_WRITE_OVERVIEW_V1.0_part1.csv
F0081,discussion_sessions#09,0,,,NO,NO,NOT_OBSERVED,NO,NO_AUTHORIZED_ISOLATED_RUNTIME_VALUE_SAMPLES,docs/plans/ROUND1_FIELD_READ_WRITE_OVERVIEW_V1.0_part1.csv
F0082,discussion_sessions#10,3,READ:tests/level2-residual-integrity-transaction.sql:L13@TEST_SQL[bare field in single test statement],READ:tests/level2-residual-integrity-transaction.sql:L35@TEST_SQL[bare field in single test statement],NO,NO,NOT_OBSERVED,NO,NO_AUTHORIZED_ISOLATED_RUNTIME_VALUE_SAMPLES,docs/plans/ROUND1_FIELD_READ_WRITE_OVERVIEW_V1.0_part1.csv
F0083,discussion_sessions#11,0,,,NO,NO,NOT_OBSERVED,NO,NO_AUTHORIZED_ISOLATED_RUNTIME_VALUE_SAMPLES,docs/plans/ROUND1_FIELD_READ_WRITE_OVERVIEW_V1.0_part1.csv
F0084,discussion_sessions#12,0,,,NO,NO,NOT_OBSERVED,NO,NO_AUTHORIZED_ISOLATED_RUNTIME_VALUE_SAMPLES,docs/plans/ROUND1_FIELD_READ_WRITE_OVERVIEW_V1.0_part1.csv
F0085,discussion_sessions#13,1,WRITE:tests/sprint8-final-closure-integrity-transaction.sql:L98@TEST_SQL[UPDATE SET in test]{TEST_WRITE},WRITE:tests/sprint8-final-closure-integrity-transaction.sql:L98@TEST_SQL[UPDATE SET in test]{TEST_WRITE},NO,NO,NOT_OBSERVED,NO,NO_AUTHORIZED_ISOLATED_RUNTIME_VALUE_SAMPLES,docs/plans/ROUND1_FIELD_READ_WRITE_OVERVIEW_V1.0_part1.csv
F0086,discussion_sessions#14,0,,,NO,NO,NOT_OBSERVED,NO,NO_AUTHORIZED_ISOLATED_RUNTIME_VALUE_SAMPLES,docs/plans/ROUND1_FIELD_READ_WRITE_OVERVIEW_V1.0_part1.csv
F0087,discussion_sessions#15,0,,,NO,NO,NOT_OBSERVED,NO,NO_AUTHORIZED_ISOLATED_RUNTIME_VALUE_SAMPLES,docs/plans/ROUND1_FIELD_READ_WRITE_OVERVIEW_V1.0_part1.csv
F0088,discussion_sessions#16,0,,,NO,NO,NOT_OBSERVED,NO,NO_AUTHORIZED_ISOLATED_RUNTIME_VALUE_SAMPLES,docs/plans/ROUND1_FIELD_READ_WRITE_OVERVIEW_V1.0_part1.csv
F0089,discussion_sessions#17,0,,,NO,NO,NOT_OBSERVED,NO,NO_AUTHORIZED_ISOLATED_RUNTIME_VALUE_SAMPLES,docs/plans/ROUND1_FIELD_READ_WRITE_OVERVIEW_V1.0_part1.csv
F0090,discussion_sessions#18,0,,,NO,NO,NOT_OBSERVED,NO,NO_AUTHORIZED_ISOLATED_RUNTIME_VALUE_SAMPLES,docs/plans/ROUND1_FIELD_READ_WRITE_OVERVIEW_V1.0_part1.csv
F0091,discussion_sessions#19,0,,,NO,NO,NOT_OBSERVED,NO,NO_AUTHORIZED_ISOLATED_RUNTIME_VALUE_SAMPLES,docs/plans/ROUND1_FIELD_READ_WRITE_OVERVIEW_V1.0_part1.csv
F0092,discussion_sessions#20,0,,,NO,NO,NOT_OBSERVED,NO,NO_AUTHORIZED_ISOLATED_RUNTIME_VALUE_SAMPLES,docs/plans/ROUND1_FIELD_READ_WRITE_OVERVIEW_V1.0_part1.csv
F0093,discussion_sessions#21,0,,,NO,NO,NOT_OBSERVED,NO,NO_AUTHORIZED_ISOLATED_RUNTIME_VALUE_SAMPLES,docs/plans/ROUND1_FIELD_READ_WRITE_OVERVIEW_V1.0_part1.csv
F0094,discussion_sessions#22,0,,,NO,NO,NOT_OBSERVED,NO,NO_AUTHORIZED_ISOLATED_RUNTIME_VALUE_SAMPLES,docs/plans/ROUND1_FIELD_READ_WRITE_OVERVIEW_V1.0_part1.csv
F0095,discussion_sessions#23,0,,,NO,NO,NOT_OBSERVED,NO,NO_AUTHORIZED_ISOLATED_RUNTIME_VALUE_SAMPLES,docs/plans/ROUND1_FIELD_READ_WRITE_OVERVIEW_V1.0_part1.csv
F0096,discussion_sessions#24,0,,,NO,NO,NOT_OBSERVED,NO,NO_AUTHORIZED_ISOLATED_RUNTIME_VALUE_SAMPLES,docs/plans/ROUND1_FIELD_READ_WRITE_OVERVIEW_V1.0_part1.csv
F0097,discussion_sessions#25,0,,,NO,NO,NOT_OBSERVED,NO,NO_AUTHORIZED_ISOLATED_RUNTIME_VALUE_SAMPLES,docs/plans/ROUND1_FIELD_READ_WRITE_OVERVIEW_V1.0_part1.csv
F0098,discussion_sessions#26,0,,,NO,NO,NOT_OBSERVED,NO,NO_AUTHORIZED_ISOLATED_RUNTIME_VALUE_SAMPLES,docs/plans/ROUND1_FIELD_READ_WRITE_OVERVIEW_V1.0_part1.csv
F0099,discussion_sessions#27,0,,,NO,NO,NOT_OBSERVED,NO,NO_AUTHORIZED_ISOLATED_RUNTIME_VALUE_SAMPLES,docs/plans/ROUND1_FIELD_READ_WRITE_OVERVIEW_V1.0_part1.csv
F0100,discussion_sessions#28,0,,,NO,NO,NOT_OBSERVED,NO,NO_AUTHORIZED_ISOLATED_RUNTIME_VALUE_SAMPLES,docs/plans/ROUND1_FIELD_READ_WRITE_OVERVIEW_V1.0_part1.csv
F0101,discussion_sessions#29,0,,,NO,NO,NOT_OBSERVED,NO,NO_AUTHORIZED_ISOLATED_RUNTIME_VALUE_SAMPLES,docs/plans/ROUND1_FIELD_READ_WRITE_OVERVIEW_V1.0_part1.csv
F0102,game_runs#01,0,,,NO,NO,NOT_OBSERVED,NO,NO_AUTHORIZED_ISOLATED_RUNTIME_VALUE_SAMPLES,docs/plans/ROUND1_FIELD_READ_WRITE_OVERVIEW_V1.0_part1.csv
F0103,game_runs#02,0,,,NO,NO,NOT_OBSERVED,NO,NO_AUTHORIZED_ISOLATED_RUNTIME_VALUE_SAMPLES,docs/plans/ROUND1_FIELD_READ_WRITE_OVERVIEW_V1.0_part1.csv
F0104,game_runs#03,0,,,NO,NO,NOT_OBSERVED,NO,NO_AUTHORIZED_ISOLATED_RUNTIME_VALUE_SAMPLES,docs/plans/ROUND1_FIELD_READ_WRITE_OVERVIEW_V1.0_part1.csv
F0105,game_runs#04,0,,,NO,NO,NOT_OBSERVED,NO,NO_AUTHORIZED_ISOLATED_RUNTIME_VALUE_SAMPLES,docs/plans/ROUND1_FIELD_READ_WRITE_OVERVIEW_V1.0_part1.csv
F0106,game_runs#05,0,,,NO,NO,NOT_OBSERVED,NO,NO_AUTHORIZED_ISOLATED_RUNTIME_VALUE_SAMPLES,docs/plans/ROUND1_FIELD_READ_WRITE_OVERVIEW_V1.0_part1.csv
F0107,game_runs#06,0,,,NO,NO,NOT_OBSERVED,NO,NO_AUTHORIZED_ISOLATED_RUNTIME_VALUE_SAMPLES,docs/plans/ROUND1_FIELD_READ_WRITE_OVERVIEW_V1.0_part1.csv
F0108,game_runs#07,0,,,NO,NO,NOT_OBSERVED,NO,NO_AUTHORIZED_ISOLATED_RUNTIME_VALUE_SAMPLES,docs/plans/ROUND1_FIELD_READ_WRITE_OVERVIEW_V1.0_part1.csv
F0109,game_runs#08,0,,,NO,NO,NOT_OBSERVED,NO,NO_AUTHORIZED_ISOLATED_RUNTIME_VALUE_SAMPLES,docs/plans/ROUND1_FIELD_READ_WRITE_OVERVIEW_V1.0_part1.csv
F0110,game_runs#09,0,,,NO,NO,NOT_OBSERVED,NO,NO_AUTHORIZED_ISOLATED_RUNTIME_VALUE_SAMPLES,docs/plans/ROUND1_FIELD_READ_WRITE_OVERVIEW_V1.0_part1.csv
F0111,game_runs#10,0,,,NO,NO,NOT_OBSERVED,NO,NO_AUTHORIZED_ISOLATED_RUNTIME_VALUE_SAMPLES,docs/plans/ROUND1_FIELD_READ_WRITE_OVERVIEW_V1.0_part1.csv
F0112,game_runs#11,0,,,NO,NO,NOT_OBSERVED,NO,NO_AUTHORIZED_ISOLATED_RUNTIME_VALUE_SAMPLES,docs/plans/ROUND1_FIELD_READ_WRITE_OVERVIEW_V1.0_part1.csv
F0113,game_runs#12,0,,,NO,NO,NOT_OBSERVED,NO,NO_AUTHORIZED_ISOLATED_RUNTIME_VALUE_SAMPLES,docs/plans/ROUND1_FIELD_READ_WRITE_OVERVIEW_V1.0_part1.csv
F0114,game_runs#13,0,,,NO,NO,NOT_OBSERVED,NO,NO_AUTHORIZED_ISOLATED_RUNTIME_VALUE_SAMPLES,docs/plans/ROUND1_FIELD_READ_WRITE_OVERVIEW_V1.0_part1.csv
F0115,game_runs#14,0,,,NO,NO,NOT_OBSERVED,NO,NO_AUTHORIZED_ISOLATED_RUNTIME_VALUE_SAMPLES,docs/plans/ROUND1_FIELD_READ_WRITE_OVERVIEW_V1.0_part1.csv
F0116,game_runs#15,0,,,NO,NO,NOT_OBSERVED,NO,NO_AUTHORIZED_ISOLATED_RUNTIME_VALUE_SAMPLES,docs/plans/ROUND1_FIELD_READ_WRITE_OVERVIEW_V1.0_part1.csv
F0117,game_runs#16,0,,,NO,NO,NOT_OBSERVED,NO,NO_AUTHORIZED_ISOLATED_RUNTIME_VALUE_SAMPLES,docs/plans/ROUND1_FIELD_READ_WRITE_OVERVIEW_V1.0_part1.csv
F0118,game_runs#17,0,,,NO,NO,NOT_OBSERVED,NO,NO_AUTHORIZED_ISOLATED_RUNTIME_VALUE_SAMPLES,docs/plans/ROUND1_FIELD_READ_WRITE_OVERVIEW_V1.0_part1.csv
F0119,runtime_events#01,0,,,NO,NO,NOT_OBSERVED,NO,NO_AUTHORIZED_ISOLATED_RUNTIME_VALUE_SAMPLES,docs/plans/ROUND1_FIELD_READ_WRITE_OVERVIEW_V1.0_part1.csv
F0120,runtime_events#02,0,,,NO,NO,NOT_OBSERVED,NO,NO_AUTHORIZED_ISOLATED_RUNTIME_VALUE_SAMPLES,docs/plans/ROUND1_FIELD_READ_WRITE_OVERVIEW_V1.0_part1.csv
F0121,runtime_events#03,0,,,NO,NO,NOT_OBSERVED,NO,NO_AUTHORIZED_ISOLATED_RUNTIME_VALUE_SAMPLES,docs/plans/ROUND1_FIELD_READ_WRITE_OVERVIEW_V1.0_part1.csv
F0122,runtime_events#04,0,,,NO,NO,NOT_OBSERVED,NO,NO_AUTHORIZED_ISOLATED_RUNTIME_VALUE_SAMPLES,docs/plans/ROUND1_FIELD_READ_WRITE_OVERVIEW_V1.0_part1.csv
F0123,runtime_events#05,3,READ:tests/level2-residual-integrity-transaction.sql:L19@TEST_SQL[bare field in single test statement],READ:tests/level2-residual-integrity-transaction.sql:L40@TEST_SQL[bare field in single test statement],NO,NO,NOT_OBSERVED,NO,NO_AUTHORIZED_ISOLATED_RUNTIME_VALUE_SAMPLES,docs/plans/ROUND1_FIELD_READ_WRITE_OVERVIEW_V1.0_part1.csv
F0124,runtime_events#06,0,,,NO,NO,NOT_OBSERVED,NO,NO_AUTHORIZED_ISOLATED_RUNTIME_VALUE_SAMPLES,docs/plans/ROUND1_FIELD_READ_WRITE_OVERVIEW_V1.0_part1.csv
F0125,runtime_events#07,3,READ:tests/level2-residual-integrity-transaction.sql:L19@TEST_SQL[bare field in single test statement],READ:tests/level2-residual-integrity-transaction.sql:L40@TEST_SQL[bare field in single test statement],NO,NO,NOT_OBSERVED,NO,NO_AUTHORIZED_ISOLATED_RUNTIME_VALUE_SAMPLES,docs/plans/ROUND1_FIELD_READ_WRITE_OVERVIEW_V1.0_part1.csv
F0126,runtime_events#08,0,,,NO,NO,NOT_OBSERVED,NO,NO_AUTHORIZED_ISOLATED_RUNTIME_VALUE_SAMPLES,docs/plans/ROUND1_FIELD_READ_WRITE_OVERVIEW_V1.0_part1.csv
F0127,runtime_events#09,0,,,NO,NO,NOT_OBSERVED,NO,NO_AUTHORIZED_ISOLATED_RUNTIME_VALUE_SAMPLES,docs/plans/ROUND1_FIELD_READ_WRITE_OVERVIEW_V1.0_part1.csv
F0128,runtime_events#10,0,,,NO,NO,NOT_OBSERVED,NO,NO_AUTHORIZED_ISOLATED_RUNTIME_VALUE_SAMPLES,docs/plans/ROUND1_FIELD_READ_WRITE_OVERVIEW_V1.0_part1.csv
F0129,runtime_events#11,0,,,NO,NO,NOT_OBSERVED,NO,NO_AUTHORIZED_ISOLATED_RUNTIME_VALUE_SAMPLES,docs/plans/ROUND1_FIELD_READ_WRITE_OVERVIEW_V1.0_part1.csv
F0130,runtime_events#12,0,,,NO,NO,NOT_OBSERVED,NO,NO_AUTHORIZED_ISOLATED_RUNTIME_VALUE_SAMPLES,docs/plans/ROUND1_FIELD_READ_WRITE_OVERVIEW_V1.0_part1.csv
F0131,runtime_events#13,0,,,NO,NO,NOT_OBSERVED,NO,NO_AUTHORIZED_ISOLATED_RUNTIME_VALUE_SAMPLES,docs/plans/ROUND1_FIELD_READ_WRITE_OVERVIEW_V1.0_part1.csv
F0132,runtime_events#14,0,,,NO,NO,NOT_OBSERVED,NO,NO_AUTHORIZED_ISOLATED_RUNTIME_VALUE_SAMPLES,docs/plans/ROUND1_FIELD_READ_WRITE_OVERVIEW_V1.0_part1.csv
F0133,runtime_events#15,3,READ:tests/level2-residual-integrity-transaction.sql:L19@TEST_SQL[bare field in single test statement],READ:tests/level2-residual-integrity-transaction.sql:L40@TEST_SQL[bare field in single test statement],NO,NO,NOT_OBSERVED,NO,NO_AUTHORIZED_ISOLATED_RUNTIME_VALUE_SAMPLES,docs/plans/ROUND1_FIELD_READ_WRITE_OVERVIEW_V1.0_part1.csv
F0134,runtime_events#16,0,,,NO,NO,NOT_OBSERVED,NO,NO_AUTHORIZED_ISOLATED_RUNTIME_VALUE_SAMPLES,docs/plans/ROUND1_FIELD_READ_WRITE_OVERVIEW_V1.0_part1.csv
F0135,runtime_player_decisions#01,0,,,NO,NO,NOT_OBSERVED,NO,NO_AUTHORIZED_ISOLATED_RUNTIME_VALUE_SAMPLES,docs/plans/ROUND1_FIELD_READ_WRITE_OVERVIEW_V1.0_part1.csv
F0136,runtime_player_decisions#02,3,READ:tests/level2-residual-integrity-transaction.sql:L14@TEST_SQL[bare field in single test statement],READ:tests/level2-residual-integrity-transaction.sql:L36@TEST_SQL[bare field in single test statement],NO,NO,NOT_OBSERVED,NO,NO_AUTHORIZED_ISOLATED_RUNTIME_VALUE_SAMPLES,docs/plans/ROUND1_FIELD_READ_WRITE_OVERVIEW_V1.0_part1.csv
F0137,runtime_player_decisions#03,3,READ:tests/level2-residual-integrity-transaction.sql:L14@TEST_SQL[bare field in single test statement],READ:tests/level2-residual-integrity-transaction.sql:L36@TEST_SQL[bare field in single test statement],NO,NO,NOT_OBSERVED,NO,NO_AUTHORIZED_ISOLATED_RUNTIME_VALUE_SAMPLES,docs/plans/ROUND1_FIELD_READ_WRITE_OVERVIEW_V1.0_part1.csv
F0138,runtime_player_decisions#04,0,,,NO,NO,NOT_OBSERVED,NO,NO_AUTHORIZED_ISOLATED_RUNTIME_VALUE_SAMPLES,docs/plans/ROUND1_FIELD_READ_WRITE_OVERVIEW_V1.0_part1.csv
F0139,runtime_player_decisions#05,0,,,NO,NO,NOT_OBSERVED,NO,NO_AUTHORIZED_ISOLATED_RUNTIME_VALUE_SAMPLES,docs/plans/ROUND1_FIELD_READ_WRITE_OVERVIEW_V1.0_part1.csv
F0140,runtime_player_decisions#06,0,,,NO,NO,NOT_OBSERVED,NO,NO_AUTHORIZED_ISOLATED_RUNTIME_VALUE_SAMPLES,docs/plans/ROUND1_FIELD_READ_WRITE_OVERVIEW_V1.0_part1.csv
F0141,runtime_player_decisions#07,0,,,NO,NO,NOT_OBSERVED,NO,NO_AUTHORIZED_ISOLATED_RUNTIME_VALUE_SAMPLES,docs/plans/ROUND1_FIELD_READ_WRITE_OVERVIEW_V1.0_part1.csv
F0142,runtime_player_decisions#08,0,,,NO,NO,NOT_OBSERVED,NO,NO_AUTHORIZED_ISOLATED_RUNTIME_VALUE_SAMPLES,docs/plans/ROUND1_FIELD_READ_WRITE_OVERVIEW_V1.0_part1.csv
F0143,runtime_player_decisions#09,0,,,NO,NO,NOT_OBSERVED,NO,NO_AUTHORIZED_ISOLATED_RUNTIME_VALUE_SAMPLES,docs/plans/ROUND1_FIELD_READ_WRITE_OVERVIEW_V1.0_part1.csv
F0144,runtime_player_decisions#10,0,,,NO,NO,NOT_OBSERVED,NO,NO_AUTHORIZED_ISOLATED_RUNTIME_VALUE_SAMPLES,docs/plans/ROUND1_FIELD_READ_WRITE_OVERVIEW_V1.0_part1.csv
F0145,runtime_player_decisions#11,0,,,NO,NO,NOT_OBSERVED,NO,NO_AUTHORIZED_ISOLATED_RUNTIME_VALUE_SAMPLES,docs/plans/ROUND1_FIELD_READ_WRITE_OVERVIEW_V1.0_part1.csv
F0146,runtime_player_decisions#12,0,,,NO,NO,NOT_OBSERVED,NO,NO_AUTHORIZED_ISOLATED_RUNTIME_VALUE_SAMPLES,docs/plans/ROUND1_FIELD_READ_WRITE_OVERVIEW_V1.0_part1.csv
F0147,runtime_player_decisions#13,0,,,NO,NO,NOT_OBSERVED,NO,NO_AUTHORIZED_ISOLATED_RUNTIME_VALUE_SAMPLES,docs/plans/ROUND1_FIELD_READ_WRITE_OVERVIEW_V1.0_part1.csv
F0148,runtime_player_decisions#14,0,,,NO,NO,NOT_OBSERVED,NO,NO_AUTHORIZED_ISOLATED_RUNTIME_VALUE_SAMPLES,docs/plans/ROUND1_FIELD_READ_WRITE_OVERVIEW_V1.0_part1.csv
F0149,s1_game_events#01,0,,,NO,NO,NOT_OBSERVED,NO,NO_AUTHORIZED_ISOLATED_RUNTIME_VALUE_SAMPLES,docs/plans/ROUND1_FIELD_READ_WRITE_OVERVIEW_V1.0_part1.csv
F0150,s1_game_events#02,0,,,NO,NO,NOT_OBSERVED,NO,NO_AUTHORIZED_ISOLATED_RUNTIME_VALUE_SAMPLES,docs/plans/ROUND1_FIELD_READ_WRITE_OVERVIEW_V1.0_part1.csv
F0151,s1_game_events#03,0,,,NO,NO,NOT_OBSERVED,NO,NO_AUTHORIZED_ISOLATED_RUNTIME_VALUE_SAMPLES,docs/plans/ROUND1_FIELD_READ_WRITE_OVERVIEW_V1.0_part1.csv
F0152,s1_game_events#04,0,,,NO,NO,NOT_OBSERVED,NO,NO_AUTHORIZED_ISOLATED_RUNTIME_VALUE_SAMPLES,docs/plans/ROUND1_FIELD_READ_WRITE_OVERVIEW_V1.0_part1.csv
F0153,s1_game_events#05,0,,,NO,NO,NOT_OBSERVED,NO,NO_AUTHORIZED_ISOLATED_RUNTIME_VALUE_SAMPLES,docs/plans/ROUND1_FIELD_READ_WRITE_OVERVIEW_V1.0_part1.csv
F0154,s1_game_events#06,0,,,NO,NO,NOT_OBSERVED,NO,NO_AUTHORIZED_ISOLATED_RUNTIME_VALUE_SAMPLES,docs/plans/ROUND1_FIELD_READ_WRITE_OVERVIEW_V1.0_part1.csv
F0155,s1_player_decisions#01,0,,,NO,NO,NOT_OBSERVED,NO,NO_AUTHORIZED_ISOLATED_RUNTIME_VALUE_SAMPLES,docs/plans/ROUND1_FIELD_READ_WRITE_OVERVIEW_V1.0_part1.csv
F0156,s1_player_decisions#02,0,,,NO,NO,NOT_OBSERVED,NO,NO_AUTHORIZED_ISOLATED_RUNTIME_VALUE_SAMPLES,docs/plans/ROUND1_FIELD_READ_WRITE_OVERVIEW_V1.0_part1.csv
F0157,s1_player_decisions#03,0,,,NO,NO,NOT_OBSERVED,NO,NO_AUTHORIZED_ISOLATED_RUNTIME_VALUE_SAMPLES,docs/plans/ROUND1_FIELD_READ_WRITE_OVERVIEW_V1.0_part1.csv
F0158,s1_player_decisions#04,0,,,NO,NO,NOT_OBSERVED,NO,NO_AUTHORIZED_ISOLATED_RUNTIME_VALUE_SAMPLES,docs/plans/ROUND1_FIELD_READ_WRITE_OVERVIEW_V1.0_part1.csv
F0159,s1_player_decisions#05,0,,,NO,NO,NOT_OBSERVED,NO,NO_AUTHORIZED_ISOLATED_RUNTIME_VALUE_SAMPLES,docs/plans/ROUND1_FIELD_READ_WRITE_OVERVIEW_V1.0_part1.csv
F0160,s1_player_decisions#06,0,,,NO,NO,NOT_OBSERVED,NO,NO_AUTHORIZED_ISOLATED_RUNTIME_VALUE_SAMPLES,docs/plans/ROUND1_FIELD_READ_WRITE_OVERVIEW_V1.0_part1.csv
F0161,s1_player_decisions#07,0,,,NO,NO,NOT_OBSERVED,NO,NO_AUTHORIZED_ISOLATED_RUNTIME_VALUE_SAMPLES,docs/plans/ROUND1_FIELD_READ_WRITE_OVERVIEW_V1.0_part1.csv
F0162,s1_player_decisions#08,0,,,NO,NO,NOT_OBSERVED,NO,NO_AUTHORIZED_ISOLATED_RUNTIME_VALUE_SAMPLES,docs/plans/ROUND1_FIELD_READ_WRITE_OVERVIEW_V1.0_part1.csv
F0163,s1_room_players#01,0,,,NO,NO,NOT_OBSERVED,NO,NO_AUTHORIZED_ISOLATED_RUNTIME_VALUE_SAMPLES,docs/plans/ROUND1_FIELD_READ_WRITE_OVERVIEW_V1.0_part1.csv
F0164,s1_room_players#02,0,,,NO,NO,NOT_OBSERVED,NO,NO_AUTHORIZED_ISOLATED_RUNTIME_VALUE_SAMPLES,docs/plans/ROUND1_FIELD_READ_WRITE_OVERVIEW_V1.0_part1.csv
F0165,s1_room_players#03,0,,,NO,NO,NOT_OBSERVED,NO,NO_AUTHORIZED_ISOLATED_RUNTIME_VALUE_SAMPLES,docs/plans/ROUND1_FIELD_READ_WRITE_OVERVIEW_V1.0_part1.csv
F0166,s1_room_players#04,0,,,NO,NO,NOT_OBSERVED,NO,NO_AUTHORIZED_ISOLATED_RUNTIME_VALUE_SAMPLES,docs/plans/ROUND1_FIELD_READ_WRITE_OVERVIEW_V1.0_part1.csv
F0167,s1_room_players#05,0,,,NO,NO,NOT_OBSERVED,NO,NO_AUTHORIZED_ISOLATED_RUNTIME_VALUE_SAMPLES,docs/plans/ROUND1_FIELD_READ_WRITE_OVERVIEW_V1.0_part1.csv
F0168,s1_room_players#06,0,,,NO,NO,NOT_OBSERVED,NO,NO_AUTHORIZED_ISOLATED_RUNTIME_VALUE_SAMPLES,docs/plans/ROUND1_FIELD_READ_WRITE_OVERVIEW_V1.0_part1.csv
F0169,s1_room_players#07,0,,,NO,NO,NOT_OBSERVED,NO,NO_AUTHORIZED_ISOLATED_RUNTIME_VALUE_SAMPLES,docs/plans/ROUND1_FIELD_READ_WRITE_OVERVIEW_V1.0_part1.csv
F0170,s1_room_players#08,0,,,NO,NO,NOT_OBSERVED,NO,NO_AUTHORIZED_ISOLATED_RUNTIME_VALUE_SAMPLES,docs/plans/ROUND1_FIELD_READ_WRITE_OVERVIEW_V1.0_part1.csv
F0171,s1_room_state#01,0,,,NO,NO,NOT_OBSERVED,NO,NO_AUTHORIZED_ISOLATED_RUNTIME_VALUE_SAMPLES,docs/plans/ROUND1_FIELD_READ_WRITE_OVERVIEW_V1.0_part1.csv
F0172,s1_room_state#02,0,,,NO,NO,NOT_OBSERVED,NO,NO_AUTHORIZED_ISOLATED_RUNTIME_VALUE_SAMPLES,docs/plans/ROUND1_FIELD_READ_WRITE_OVERVIEW_V1.0_part1.csv
F0173,s1_room_state#03,0,,,NO,NO,NOT_OBSERVED,NO,NO_AUTHORIZED_ISOLATED_RUNTIME_VALUE_SAMPLES,docs/plans/ROUND1_FIELD_READ_WRITE_OVERVIEW_V1.0_part1.csv
F0174,s1_room_state#04,0,,,NO,NO,NOT_OBSERVED,NO,NO_AUTHORIZED_ISOLATED_RUNTIME_VALUE_SAMPLES,docs/plans/ROUND1_FIELD_READ_WRITE_OVERVIEW_V1.0_part1.csv
F0175,s1_rooms#01,0,,,NO,NO,NOT_OBSERVED,NO,NO_AUTHORIZED_ISOLATED_RUNTIME_VALUE_SAMPLES,docs/plans/ROUND1_FIELD_READ_WRITE_OVERVIEW_V1.0_part1.csv
F0176,s1_rooms#02,0,,,NO,NO,NOT_OBSERVED,NO,NO_AUTHORIZED_ISOLATED_RUNTIME_VALUE_SAMPLES,docs/plans/ROUND1_FIELD_READ_WRITE_OVERVIEW_V1.0_part1.csv
F0177,s1_rooms#03,0,,,NO,NO,NOT_OBSERVED,NO,NO_AUTHORIZED_ISOLATED_RUNTIME_VALUE_SAMPLES,docs/plans/ROUND1_FIELD_READ_WRITE_OVERVIEW_V1.0_part1.csv
F0178,s1_rooms#04,0,,,NO,NO,NOT_OBSERVED,NO,NO_AUTHORIZED_ISOLATED_RUNTIME_VALUE_SAMPLES,docs/plans/ROUND1_FIELD_READ_WRITE_OVERVIEW_V1.0_part1.csv
F0179,s1_scene_choices#01,0,,,NO,NO,NOT_OBSERVED,NO,NO_AUTHORIZED_ISOLATED_RUNTIME_VALUE_SAMPLES,docs/plans/ROUND1_FIELD_READ_WRITE_OVERVIEW_V1.0_part1.csv
F0180,s1_scene_choices#02,0,,,NO,NO,NOT_OBSERVED,NO,NO_AUTHORIZED_ISOLATED_RUNTIME_VALUE_SAMPLES,docs/plans/ROUND1_FIELD_READ_WRITE_OVERVIEW_V1.0_part1.csv
F0181,s1_scene_choices#03,0,,,NO,NO,NOT_OBSERVED,NO,NO_AUTHORIZED_ISOLATED_RUNTIME_VALUE_SAMPLES,docs/plans/ROUND1_FIELD_READ_WRITE_OVERVIEW_V1.0_part1.csv
F0182,s1_scene_choices#04,0,,,NO,NO,NOT_OBSERVED,NO,NO_AUTHORIZED_ISOLATED_RUNTIME_VALUE_SAMPLES,docs/plans/ROUND1_FIELD_READ_WRITE_OVERVIEW_V1.0_part1.csv
F0183,s3_group_items#01,0,,,NO,NO,NOT_OBSERVED,NO,NO_AUTHORIZED_ISOLATED_RUNTIME_VALUE_SAMPLES,docs/plans/ROUND1_FIELD_READ_WRITE_OVERVIEW_V1.0_part1.csv
F0184,s3_group_items#02,0,,,NO,NO,NOT_OBSERVED,NO,NO_AUTHORIZED_ISOLATED_RUNTIME_VALUE_SAMPLES,docs/plans/ROUND1_FIELD_READ_WRITE_OVERVIEW_V1.0_part1.csv
F0185,s3_group_items#03,0,,,NO,NO,NOT_OBSERVED,NO,NO_AUTHORIZED_ISOLATED_RUNTIME_VALUE_SAMPLES,docs/plans/ROUND1_FIELD_READ_WRITE_OVERVIEW_V1.0_part1.csv
F0186,s3_group_items#04,0,,,NO,NO,NOT_OBSERVED,NO,NO_AUTHORIZED_ISOLATED_RUNTIME_VALUE_SAMPLES,docs/plans/ROUND1_FIELD_READ_WRITE_OVERVIEW_V1.0_part1.csv
F0187,s3_item_catalog#01,0,,,NO,NO,NOT_OBSERVED,NO,NO_AUTHORIZED_ISOLATED_RUNTIME_VALUE_SAMPLES,docs/plans/ROUND1_FIELD_READ_WRITE_OVERVIEW_V1.0_part1.csv
F0188,s3_item_catalog#02,0,,,NO,NO,NOT_OBSERVED,NO,NO_AUTHORIZED_ISOLATED_RUNTIME_VALUE_SAMPLES,docs/plans/ROUND1_FIELD_READ_WRITE_OVERVIEW_V1.0_part1.csv
F0189,s3_item_catalog#03,0,,,NO,NO,NOT_OBSERVED,NO,NO_AUTHORIZED_ISOLATED_RUNTIME_VALUE_SAMPLES,docs/plans/ROUND1_FIELD_READ_WRITE_OVERVIEW_V1.0_part1.csv
F0190,s3_knowledge_catalog#01,0,,,NO,NO,NOT_OBSERVED,NO,NO_AUTHORIZED_ISOLATED_RUNTIME_VALUE_SAMPLES,docs/plans/ROUND1_FIELD_READ_WRITE_OVERVIEW_V1.0_part1.csv
F0191,s3_observation_catalog#01,0,,,NO,NO,NOT_OBSERVED,NO,NO_AUTHORIZED_ISOLATED_RUNTIME_VALUE_SAMPLES,docs/plans/ROUND1_FIELD_READ_WRITE_OVERVIEW_V1.0_part1.csv
F0192,s3_observation_catalog#02,0,,,NO,NO,NOT_OBSERVED,NO,NO_AUTHORIZED_ISOLATED_RUNTIME_VALUE_SAMPLES,docs/plans/ROUND1_FIELD_READ_WRITE_OVERVIEW_V1.0_part1.csv
F0193,s3_player_item_view_state#01,0,,,NO,NO,NOT_OBSERVED,NO,NO_AUTHORIZED_ISOLATED_RUNTIME_VALUE_SAMPLES,docs/plans/ROUND1_FIELD_READ_WRITE_OVERVIEW_V1.0_part1.csv
F0194,s3_player_item_view_state#02,0,,,NO,NO,NOT_OBSERVED,NO,NO_AUTHORIZED_ISOLATED_RUNTIME_VALUE_SAMPLES,docs/plans/ROUND1_FIELD_READ_WRITE_OVERVIEW_V1.0_part1.csv
F0195,s3_player_item_view_state#03,0,,,NO,NO,NOT_OBSERVED,NO,NO_AUTHORIZED_ISOLATED_RUNTIME_VALUE_SAMPLES,docs/plans/ROUND1_FIELD_READ_WRITE_OVERVIEW_V1.0_part1.csv
F0196,s3_player_item_view_state#04,0,,,NO,NO,NOT_OBSERVED,NO,NO_AUTHORIZED_ISOLATED_RUNTIME_VALUE_SAMPLES,docs/plans/ROUND1_FIELD_READ_WRITE_OVERVIEW_V1.0_part1.csv
F0197,s3_player_item_view_state#05,0,,,NO,NO,NOT_OBSERVED,NO,NO_AUTHORIZED_ISOLATED_RUNTIME_VALUE_SAMPLES,docs/plans/ROUND1_FIELD_READ_WRITE_OVERVIEW_V1.0_part1.csv
F0198,s3_player_items#01,0,,,NO,NO,NOT_OBSERVED,NO,NO_AUTHORIZED_ISOLATED_RUNTIME_VALUE_SAMPLES,docs/plans/ROUND1_FIELD_READ_WRITE_OVERVIEW_V1.0_part1.csv
F0199,s3_player_items#02,0,,,NO,NO,NOT_OBSERVED,NO,NO_AUTHORIZED_ISOLATED_RUNTIME_VALUE_SAMPLES,docs/plans/ROUND1_FIELD_READ_WRITE_OVERVIEW_V1.0_part1.csv
F0200,s3_player_items#03,0,,,NO,NO,NOT_OBSERVED,NO,NO_AUTHORIZED_ISOLATED_RUNTIME_VALUE_SAMPLES,docs/plans/ROUND1_FIELD_READ_WRITE_OVERVIEW_V1.0_part1.csv
F0201,s3_player_items#04,0,,,NO,NO,NOT_OBSERVED,NO,NO_AUTHORIZED_ISOLATED_RUNTIME_VALUE_SAMPLES,docs/plans/ROUND1_FIELD_READ_WRITE_OVERVIEW_V1.0_part1.csv
F0202,s3_player_knowledge#01,0,,,NO,NO,NOT_OBSERVED,NO,NO_AUTHORIZED_ISOLATED_RUNTIME_VALUE_SAMPLES,docs/plans/ROUND1_FIELD_READ_WRITE_OVERVIEW_V1.0_part1.csv
F0203,s3_player_knowledge#02,0,,,NO,NO,NOT_OBSERVED,NO,NO_AUTHORIZED_ISOLATED_RUNTIME_VALUE_SAMPLES,docs/plans/ROUND1_FIELD_READ_WRITE_OVERVIEW_V1.0_part1.csv
F0204,s3_player_knowledge#03,0,,,NO,NO,NOT_OBSERVED,NO,NO_AUTHORIZED_ISOLATED_RUNTIME_VALUE_SAMPLES,docs/plans/ROUND1_FIELD_READ_WRITE_OVERVIEW_V1.0_part1.csv
F0205,s3_player_knowledge#04,0,,,NO,NO,NOT_OBSERVED,NO,NO_AUTHORIZED_ISOLATED_RUNTIME_VALUE_SAMPLES,docs/plans/ROUND1_FIELD_READ_WRITE_OVERVIEW_V1.0_part1.csv
F0206,s3_player_knowledge#05,0,,,NO,NO,NOT_OBSERVED,NO,NO_AUTHORIZED_ISOLATED_RUNTIME_VALUE_SAMPLES,docs/plans/ROUND1_FIELD_READ_WRITE_OVERVIEW_V1.0_part1.csv
F0207,s3_player_knowledge#06,0,,,NO,NO,NOT_OBSERVED,NO,NO_AUTHORIZED_ISOLATED_RUNTIME_VALUE_SAMPLES,docs/plans/ROUND1_FIELD_READ_WRITE_OVERVIEW_V1.0_part1.csv
F0208,s3_player_knowledge#07,0,,,NO,NO,NOT_OBSERVED,NO,NO_AUTHORIZED_ISOLATED_RUNTIME_VALUE_SAMPLES,docs/plans/ROUND1_FIELD_READ_WRITE_OVERVIEW_V1.0_part1.csv
F0209,s3_player_knowledge#08,0,,,NO,NO,NOT_OBSERVED,NO,NO_AUTHORIZED_ISOLATED_RUNTIME_VALUE_SAMPLES,docs/plans/ROUND1_FIELD_READ_WRITE_OVERVIEW_V1.0_part1.csv
F0210,s3_player_knowledge#09,0,,,NO,NO,NOT_OBSERVED,NO,NO_AUTHORIZED_ISOLATED_RUNTIME_VALUE_SAMPLES,docs/plans/ROUND1_FIELD_READ_WRITE_OVERVIEW_V1.0_part1.csv
F0211,s3_player_observations#01,0,,,NO,NO,NOT_OBSERVED,NO,NO_AUTHORIZED_ISOLATED_RUNTIME_VALUE_SAMPLES,docs/plans/ROUND1_FIELD_READ_WRITE_OVERVIEW_V1.0_part1.csv
F0212,s3_player_observations#02,0,,,NO,NO,NOT_OBSERVED,NO,NO_AUTHORIZED_ISOLATED_RUNTIME_VALUE_SAMPLES,docs/plans/ROUND1_FIELD_READ_WRITE_OVERVIEW_V1.0_part1.csv
F0213,s3_player_observations#03,0,,,NO,NO,NOT_OBSERVED,NO,NO_AUTHORIZED_ISOLATED_RUNTIME_VALUE_SAMPLES,docs/plans/ROUND1_FIELD_READ_WRITE_OVERVIEW_V1.0_part1.csv
F0214,s3_player_observations#04,0,,,NO,NO,NOT_OBSERVED,NO,NO_AUTHORIZED_ISOLATED_RUNTIME_VALUE_SAMPLES,docs/plans/ROUND1_FIELD_READ_WRITE_OVERVIEW_V1.0_part1.csv
F0215,s3_player_observations#05,0,,,NO,NO,NOT_OBSERVED,NO,NO_AUTHORIZED_ISOLATED_RUNTIME_VALUE_SAMPLES,docs/plans/ROUND1_FIELD_READ_WRITE_OVERVIEW_V1.0_part1.csv
F0216,s3_player_observations#06,0,,,NO,NO,NOT_OBSERVED,NO,NO_AUTHORIZED_ISOLATED_RUNTIME_VALUE_SAMPLES,docs/plans/ROUND1_FIELD_READ_WRITE_OVERVIEW_V1.0_part1.csv
F0217,s3_runtime_scene_state#01,1,READ:tests/level2-residual-integrity-transaction.sql:L11@TEST_SQL[bare field in single test statement],READ:tests/level2-residual-integrity-transaction.sql:L11@TEST_SQL[bare field in single test statement],NO,NO,NOT_OBSERVED,NO,NO_AUTHORIZED_ISOLATED_RUNTIME_VALUE_SAMPLES,docs/plans/ROUND1_FIELD_READ_WRITE_OVERVIEW_V1.0_part1.csv
F0218,s3_runtime_scene_state#02,0,,,NO,NO,NOT_OBSERVED,NO,NO_AUTHORIZED_ISOLATED_RUNTIME_VALUE_SAMPLES,docs/plans/ROUND1_FIELD_READ_WRITE_OVERVIEW_V1.0_part1.csv
F0219,s3_runtime_scene_state#03,0,,,NO,NO,NOT_OBSERVED,NO,NO_AUTHORIZED_ISOLATED_RUNTIME_VALUE_SAMPLES,docs/plans/ROUND1_FIELD_READ_WRITE_OVERVIEW_V1.0_part1.csv
F0220,s3_runtime_scene_state#04,0,,,NO,NO,NOT_OBSERVED,NO,NO_AUTHORIZED_ISOLATED_RUNTIME_VALUE_SAMPLES,docs/plans/ROUND1_FIELD_READ_WRITE_OVERVIEW_V1.0_part1.csv
F0221,s3_runtime_scene_state#05,0,,,NO,NO,NOT_OBSERVED,NO,NO_AUTHORIZED_ISOLATED_RUNTIME_VALUE_SAMPLES,docs/plans/ROUND1_FIELD_READ_WRITE_OVERVIEW_V1.0_part1.csv
F0222,s3_runtime_scene_state#06,0,,,NO,NO,NOT_OBSERVED,NO,NO_AUTHORIZED_ISOLATED_RUNTIME_VALUE_SAMPLES,docs/plans/ROUND1_FIELD_READ_WRITE_OVERVIEW_V1.0_part1.csv
F0223,s3_runtime_scene_state#07,1,READ:tests/level2-residual-integrity-transaction.sql:L11@TEST_SQL[bare field in single test statement],READ:tests/level2-residual-integrity-transaction.sql:L11@TEST_SQL[bare field in single test statement],NO,NO,NOT_OBSERVED,NO,NO_AUTHORIZED_ISOLATED_RUNTIME_VALUE_SAMPLES,docs/plans/ROUND1_FIELD_READ_WRITE_OVERVIEW_V1.0_part1.csv
F0224,s3_runtime_scene_state#08,0,,,NO,NO,NOT_OBSERVED,NO,NO_AUTHORIZED_ISOLATED_RUNTIME_VALUE_SAMPLES,docs/plans/ROUND1_FIELD_READ_WRITE_OVERVIEW_V1.0_part1.csv
F0225,s3_runtime_scene_state#09,0,,,NO,NO,NOT_OBSERVED,NO,NO_AUTHORIZED_ISOLATED_RUNTIME_VALUE_SAMPLES,docs/plans/ROUND1_FIELD_READ_WRITE_OVERVIEW_V1.0_part1.csv
F0226,s3_runtime_scene_state#10,0,,,NO,NO,NOT_OBSERVED,NO,NO_AUTHORIZED_ISOLATED_RUNTIME_VALUE_SAMPLES,docs/plans/ROUND1_FIELD_READ_WRITE_OVERVIEW_V1.0_part1.csv
F0227,s3_shared_photos#01,0,,,NO,NO,NOT_OBSERVED,NO,NO_AUTHORIZED_ISOLATED_RUNTIME_VALUE_SAMPLES,docs/plans/ROUND1_FIELD_READ_WRITE_OVERVIEW_V1.0_part1.csv
F0228,s3_shared_photos#02,0,,,NO,NO,NOT_OBSERVED,NO,NO_AUTHORIZED_ISOLATED_RUNTIME_VALUE_SAMPLES,docs/plans/ROUND1_FIELD_READ_WRITE_OVERVIEW_V1.0_part1.csv
F0229,s3_shared_photos#03,0,,,NO,NO,NOT_OBSERVED,NO,NO_AUTHORIZED_ISOLATED_RUNTIME_VALUE_SAMPLES,docs/plans/ROUND1_FIELD_READ_WRITE_OVERVIEW_V1.0_part1.csv
F0230,s3_shared_photos#04,0,,,NO,NO,NOT_OBSERVED,NO,NO_AUTHORIZED_ISOLATED_RUNTIME_VALUE_SAMPLES,docs/plans/ROUND1_FIELD_READ_WRITE_OVERVIEW_V1.0_part1.csv
F0231,s3_shared_photos#05,0,,,NO,NO,NOT_OBSERVED,NO,NO_AUTHORIZED_ISOLATED_RUNTIME_VALUE_SAMPLES,docs/plans/ROUND1_FIELD_READ_WRITE_OVERVIEW_V1.0_part1.csv
F0232,s3_shared_photos#06,0,,,NO,NO,NOT_OBSERVED,NO,NO_AUTHORIZED_ISOLATED_RUNTIME_VALUE_SAMPLES,docs/plans/ROUND1_FIELD_READ_WRITE_OVERVIEW_V1.0_part1.csv
F0233,s3_shared_photos#07,0,,,NO,NO,NOT_OBSERVED,NO,NO_AUTHORIZED_ISOLATED_RUNTIME_VALUE_SAMPLES,docs/plans/ROUND1_FIELD_READ_WRITE_OVERVIEW_V1.0_part1.csv
F0234,s3_shared_photos#08,0,,,NO,NO,NOT_OBSERVED,NO,NO_AUTHORIZED_ISOLATED_RUNTIME_VALUE_SAMPLES,docs/plans/ROUND1_FIELD_READ_WRITE_OVERVIEW_V1.0_part1.csv
F0235,s3b_library_attempts#01,0,,,NO,NO,NOT_OBSERVED,NO,NO_AUTHORIZED_ISOLATED_RUNTIME_VALUE_SAMPLES,docs/plans/ROUND1_FIELD_READ_WRITE_OVERVIEW_V1.0_part1.csv
F0236,s3b_library_attempts#02,0,,,NO,NO,NOT_OBSERVED,NO,NO_AUTHORIZED_ISOLATED_RUNTIME_VALUE_SAMPLES,docs/plans/ROUND1_FIELD_READ_WRITE_OVERVIEW_V1.0_part1.csv
F0237,s3b_library_attempts#03,0,,,NO,NO,NOT_OBSERVED,NO,NO_AUTHORIZED_ISOLATED_RUNTIME_VALUE_SAMPLES,docs/plans/ROUND1_FIELD_READ_WRITE_OVERVIEW_V1.0_part1.csv
F0238,s3b_library_attempts#04,0,,,NO,NO,NOT_OBSERVED,NO,NO_AUTHORIZED_ISOLATED_RUNTIME_VALUE_SAMPLES,docs/plans/ROUND1_FIELD_READ_WRITE_OVERVIEW_V1.0_part1.csv
F0239,s3b_library_attempts#05,0,,,NO,NO,NOT_OBSERVED,NO,NO_AUTHORIZED_ISOLATED_RUNTIME_VALUE_SAMPLES,docs/plans/ROUND1_FIELD_READ_WRITE_OVERVIEW_V1.0_part1.csv
F0240,s3b_library_attempts#06,1,WRITE:tests/sprint8-final-closure-integrity-transaction.sql:L110@TEST_SQL[UPDATE SET in test]{TEST_WRITE},WRITE:tests/sprint8-final-closure-integrity-transaction.sql:L110@TEST_SQL[UPDATE SET in test]{TEST_WRITE},NO,NO,NOT_OBSERVED,NO,NO_AUTHORIZED_ISOLATED_RUNTIME_VALUE_SAMPLES,docs/plans/ROUND1_FIELD_READ_WRITE_OVERVIEW_V1.0_part1.csv
F0241,s3b_library_attempts#07,0,,,NO,NO,NOT_OBSERVED,NO,NO_AUTHORIZED_ISOLATED_RUNTIME_VALUE_SAMPLES,docs/plans/ROUND1_FIELD_READ_WRITE_OVERVIEW_V1.0_part1.csv
F0242,s3b_player_facts#01,0,,,NO,NO,NOT_OBSERVED,NO,NO_AUTHORIZED_ISOLATED_RUNTIME_VALUE_SAMPLES,docs/plans/ROUND1_FIELD_READ_WRITE_OVERVIEW_V1.0_part1.csv
F0243,s3b_player_facts#02,0,,,NO,NO,NOT_OBSERVED,NO,NO_AUTHORIZED_ISOLATED_RUNTIME_VALUE_SAMPLES,docs/plans/ROUND1_FIELD_READ_WRITE_OVERVIEW_V1.0_part1.csv
F0244,s3b_player_facts#03,0,,,NO,NO,NOT_OBSERVED,NO,NO_AUTHORIZED_ISOLATED_RUNTIME_VALUE_SAMPLES,docs/plans/ROUND1_FIELD_READ_WRITE_OVERVIEW_V1.0_part1.csv
F0245,s3b_player_facts#04,0,,,NO,NO,NOT_OBSERVED,NO,NO_AUTHORIZED_ISOLATED_RUNTIME_VALUE_SAMPLES,docs/plans/ROUND1_FIELD_READ_WRITE_OVERVIEW_V1.0_part1.csv
F0246,s3b_player_progress#01,2,READ:tests/sprint8-final-closure-integrity-transaction.sql:L120@TEST_SQL[bare field in single test statement],READ:tests/sprint8-final-closure-integrity-transaction.sql:L87@TEST_SQL[bare field in single test statement],NO,NO,NOT_OBSERVED,NO,NO_AUTHORIZED_ISOLATED_RUNTIME_VALUE_SAMPLES,docs/plans/ROUND1_FIELD_READ_WRITE_OVERVIEW_V1.0_part1.csv
F0247,s3b_player_progress#02,2,READ:tests/sprint8-final-closure-integrity-transaction.sql:L120@TEST_SQL[bare field in single test statement],READ:tests/sprint8-final-closure-integrity-transaction.sql:L87@TEST_SQL[bare field in single test statement],NO,NO,NOT_OBSERVED,NO,NO_AUTHORIZED_ISOLATED_RUNTIME_VALUE_SAMPLES,docs/plans/ROUND1_FIELD_READ_WRITE_OVERVIEW_V1.0_part1.csv
F0248,s3b_player_progress#03,2,READ:tests/sprint8-final-closure-integrity-transaction.sql:L87@TEST_SQL[bare field in single test statement],WRITE:tests/sprint8-final-closure-integrity-transaction.sql:L84@TEST_SQL[UPDATE SET in test]{TEST_WRITE},NO,NO,NOT_OBSERVED,NO,NO_AUTHORIZED_ISOLATED_RUNTIME_VALUE_SAMPLES,docs/plans/ROUND1_FIELD_READ_WRITE_OVERVIEW_V1.0_part1.csv
F0249,s3b_player_progress#04,2,READ:tests/sprint8-final-closure-integrity-transaction.sql:L87@TEST_SQL[bare field in single test statement],WRITE:tests/sprint8-final-closure-integrity-transaction.sql:L84@TEST_SQL[UPDATE SET in test]{TEST_WRITE},NO,NO,NOT_OBSERVED,NO,NO_AUTHORIZED_ISOLATED_RUNTIME_VALUE_SAMPLES,docs/plans/ROUND1_FIELD_READ_WRITE_OVERVIEW_V1.0_part1.csv
F0250,s3b_player_progress#05,0,,,NO,NO,NOT_OBSERVED,NO,NO_AUTHORIZED_ISOLATED_RUNTIME_VALUE_SAMPLES,docs/plans/ROUND1_FIELD_READ_WRITE_OVERVIEW_V1.0_part1.csv
F0251,s3b_player_progress#06,0,,,NO,NO,NOT_OBSERVED,NO,NO_AUTHORIZED_ISOLATED_RUNTIME_VALUE_SAMPLES,docs/plans/ROUND1_FIELD_READ_WRITE_OVERVIEW_V1.0_part1.csv
F0252,s3b_player_progress#07,0,,,NO,NO,NOT_OBSERVED,NO,NO_AUTHORIZED_ISOLATED_RUNTIME_VALUE_SAMPLES,docs/plans/ROUND1_FIELD_READ_WRITE_OVERVIEW_V1.0_part1.csv
F0253,s3b_player_progress#08,0,,,NO,NO,NOT_OBSERVED,NO,NO_AUTHORIZED_ISOLATED_RUNTIME_VALUE_SAMPLES,docs/plans/ROUND1_FIELD_READ_WRITE_OVERVIEW_V1.0_part1.csv
F0254,s3b_player_progress#09,0,,,NO,NO,NOT_OBSERVED,NO,NO_AUTHORIZED_ISOLATED_RUNTIME_VALUE_SAMPLES,docs/plans/ROUND1_FIELD_READ_WRITE_OVERVIEW_V1.0_part1.csv
F0255,s3b_player_progress#10,2,READ:tests/sprint8-final-closure-integrity-transaction.sql:L120@TEST_SQL[bare field in single test statement],WRITE:tests/sprint8-final-closure-integrity-transaction.sql:L117@TEST_SQL[UPDATE SET in test]{TEST_WRITE},NO,NO,NOT_OBSERVED,NO,NO_AUTHORIZED_ISOLATED_RUNTIME_VALUE_SAMPLES,docs/plans/ROUND1_FIELD_READ_WRITE_OVERVIEW_V1.0_part1.csv
F0256,s3b_player_progress#11,2,READ:tests/sprint8-final-closure-integrity-transaction.sql:L120@TEST_SQL[bare field in single test statement],WRITE:tests/sprint8-final-closure-integrity-transaction.sql:L117@TEST_SQL[UPDATE SET in test]{TEST_WRITE},NO,NO,NOT_OBSERVED,NO,NO_AUTHORIZED_ISOLATED_RUNTIME_VALUE_SAMPLES,docs/plans/ROUND1_FIELD_READ_WRITE_OVERVIEW_V1.0_part1.csv
F0257,s3b_player_progress#12,0,,,NO,NO,NOT_OBSERVED,NO,NO_AUTHORIZED_ISOLATED_RUNTIME_VALUE_SAMPLES,docs/plans/ROUND1_FIELD_READ_WRITE_OVERVIEW_V1.0_part1.csv
F0258,s3b_player_progress#13,0,,,NO,NO,NOT_OBSERVED,NO,NO_AUTHORIZED_ISOLATED_RUNTIME_VALUE_SAMPLES,docs/plans/ROUND1_FIELD_READ_WRITE_OVERVIEW_V1.0_part1.csv
F0259,s3b_player_progress#14,0,,,NO,NO,NOT_OBSERVED,NO,NO_AUTHORIZED_ISOLATED_RUNTIME_VALUE_SAMPLES,docs/plans/ROUND1_FIELD_READ_WRITE_OVERVIEW_V1.0_part1.csv
F0260,s3b_player_progress#15,0,,,NO,NO,NOT_OBSERVED,NO,NO_AUTHORIZED_ISOLATED_RUNTIME_VALUE_SAMPLES,docs/plans/ROUND1_FIELD_READ_WRITE_OVERVIEW_V1.0_part1.csv
F0261,s3b_player_progress#16,2,READ:tests/sprint8-final-closure-integrity-transaction.sql:L87@TEST_SQL[bare field in single test statement],WRITE:tests/sprint8-final-closure-integrity-transaction.sql:L84@TEST_SQL[UPDATE SET in test]{TEST_WRITE},NO,NO,NOT_OBSERVED,NO,NO_AUTHORIZED_ISOLATED_RUNTIME_VALUE_SAMPLES,docs/plans/ROUND1_FIELD_READ_WRITE_OVERVIEW_V1.0_part1.csv
F0262,s3b_player_progress#17,0,,,NO,NO,NOT_OBSERVED,NO,NO_AUTHORIZED_ISOLATED_RUNTIME_VALUE_SAMPLES,docs/plans/ROUND1_FIELD_READ_WRITE_OVERVIEW_V1.0_part1.csv
F0263,s3b_player_progress#18,0,,,NO,NO,NOT_OBSERVED,NO,NO_AUTHORIZED_ISOLATED_RUNTIME_VALUE_SAMPLES,docs/plans/ROUND1_FIELD_READ_WRITE_OVERVIEW_V1.0_part1.csv
F0264,s3b_player_progress#19,0,,,NO,NO,NOT_OBSERVED,NO,NO_AUTHORIZED_ISOLATED_RUNTIME_VALUE_SAMPLES,docs/plans/ROUND1_FIELD_READ_WRITE_OVERVIEW_V1.0_part1.csv
F0265,s3b_player_progress#20,2,READ:tests/sprint8-final-closure-integrity-transaction.sql:L120@TEST_SQL[bare field in single test statement],WRITE:tests/sprint8-final-closure-integrity-transaction.sql:L117@TEST_SQL[UPDATE SET in test]{TEST_WRITE},NO,NO,NOT_OBSERVED,NO,NO_AUTHORIZED_ISOLATED_RUNTIME_VALUE_SAMPLES,docs/plans/ROUND1_FIELD_READ_WRITE_OVERVIEW_V1.0_part1.csv
F0266,s3b_player_progress#21,0,,,NO,NO,NOT_OBSERVED,NO,NO_AUTHORIZED_ISOLATED_RUNTIME_VALUE_SAMPLES,docs/plans/ROUND1_FIELD_READ_WRITE_OVERVIEW_V1.0_part1.csv
F0267,s3b_player_progress#22,0,,,NO,NO,NOT_OBSERVED,NO,NO_AUTHORIZED_ISOLATED_RUNTIME_VALUE_SAMPLES,docs/plans/ROUND1_FIELD_READ_WRITE_OVERVIEW_V1.0_part1.csv
F0268,s3b_post_inspection_route_votes#01,0,,,NO,NO,NOT_OBSERVED,NO,NO_AUTHORIZED_ISOLATED_RUNTIME_VALUE_SAMPLES,docs/plans/ROUND1_FIELD_READ_WRITE_OVERVIEW_V1.0_part1.csv
F0269,s3b_post_inspection_route_votes#02,0,,,NO,NO,NOT_OBSERVED,NO,NO_AUTHORIZED_ISOLATED_RUNTIME_VALUE_SAMPLES,docs/plans/ROUND1_FIELD_READ_WRITE_OVERVIEW_V1.0_part1.csv
F0270,s3b_post_inspection_route_votes#03,0,,,NO,NO,NOT_OBSERVED,NO,NO_AUTHORIZED_ISOLATED_RUNTIME_VALUE_SAMPLES,docs/plans/ROUND1_FIELD_READ_WRITE_OVERVIEW_V1.0_part1.csv
F0271,s3b_post_inspection_route_votes#04,0,,,NO,NO,NOT_OBSERVED,NO,NO_AUTHORIZED_ISOLATED_RUNTIME_VALUE_SAMPLES,docs/plans/ROUND1_FIELD_READ_WRITE_OVERVIEW_V1.0_part1.csv
F0272,s3b_post_inspection_route_votes#05,0,,,NO,NO,NOT_OBSERVED,NO,NO_AUTHORIZED_ISOLATED_RUNTIME_VALUE_SAMPLES,docs/plans/ROUND1_FIELD_READ_WRITE_OVERVIEW_V1.0_part1.csv
F0273,s3b_post_inspection_route_votes#06,0,,,NO,NO,NOT_OBSERVED,NO,NO_AUTHORIZED_ISOLATED_RUNTIME_VALUE_SAMPLES,docs/plans/ROUND1_FIELD_READ_WRITE_OVERVIEW_V1.0_part1.csv
F0274,s3b_post_inspection_route_votes#07,0,,,NO,NO,NOT_OBSERVED,NO,NO_AUTHORIZED_ISOLATED_RUNTIME_VALUE_SAMPLES,docs/plans/ROUND1_FIELD_READ_WRITE_OVERVIEW_V1.0_part1.csv
F0275,s3b_post_inspection_route_votes#08,0,,,NO,NO,NOT_OBSERVED,NO,NO_AUTHORIZED_ISOLATED_RUNTIME_VALUE_SAMPLES,docs/plans/ROUND1_FIELD_READ_WRITE_OVERVIEW_V1.0_part1.csv
F0276,s3b_post_inspection_route_votes#09,0,,,NO,NO,NOT_OBSERVED,NO,NO_AUTHORIZED_ISOLATED_RUNTIME_VALUE_SAMPLES,docs/plans/ROUND1_FIELD_READ_WRITE_OVERVIEW_V1.0_part1.csv
F0277,s3b_run_state#01,0,,,NO,NO,NOT_OBSERVED,NO,NO_AUTHORIZED_ISOLATED_RUNTIME_VALUE_SAMPLES,docs/plans/ROUND1_FIELD_READ_WRITE_OVERVIEW_V1.0_part1.csv
F0278,s3b_run_state#02,1,WRITE:tests/sprint8-final-closure-integrity-transaction.sql:L104@TEST_SQL[UPDATE SET in test]{TEST_WRITE},WRITE:tests/sprint8-final-closure-integrity-transaction.sql:L104@TEST_SQL[UPDATE SET in test]{TEST_WRITE},NO,NO,NOT_OBSERVED,NO,NO_AUTHORIZED_ISOLATED_RUNTIME_VALUE_SAMPLES,docs/plans/ROUND1_FIELD_READ_WRITE_OVERVIEW_V1.0_part1.csv
F0279,s3b_run_state#03,0,,,NO,NO,NOT_OBSERVED,NO,NO_AUTHORIZED_ISOLATED_RUNTIME_VALUE_SAMPLES,docs/plans/ROUND1_FIELD_READ_WRITE_OVERVIEW_V1.0_part1.csv
F0280,s3b_run_state#04,0,,,NO,NO,NOT_OBSERVED,NO,NO_AUTHORIZED_ISOLATED_RUNTIME_VALUE_SAMPLES,docs/plans/ROUND1_FIELD_READ_WRITE_OVERVIEW_V1.0_part1.csv
F0281,s3b_run_state#05,0,,,NO,NO,NOT_OBSERVED,NO,NO_AUTHORIZED_ISOLATED_RUNTIME_VALUE_SAMPLES,docs/plans/ROUND1_FIELD_READ_WRITE_OVERVIEW_V1.0_part1.csv
F0282,s3b_run_state#06,0,,,NO,NO,NOT_OBSERVED,NO,NO_AUTHORIZED_ISOLATED_RUNTIME_VALUE_SAMPLES,docs/plans/ROUND1_FIELD_READ_WRITE_OVERVIEW_V1.0_part1.csv
F0283,s3b_run_state#07,0,,,NO,NO,NOT_OBSERVED,NO,NO_AUTHORIZED_ISOLATED_RUNTIME_VALUE_SAMPLES,docs/plans/ROUND1_FIELD_READ_WRITE_OVERVIEW_V1.0_part1.csv
F0284,s3b_run_state#08,0,,,NO,NO,NOT_OBSERVED,NO,NO_AUTHORIZED_ISOLATED_RUNTIME_VALUE_SAMPLES,docs/plans/ROUND1_FIELD_READ_WRITE_OVERVIEW_V1.0_part1.csv
F0285,s3b_run_state#09,0,,,NO,NO,NOT_OBSERVED,NO,NO_AUTHORIZED_ISOLATED_RUNTIME_VALUE_SAMPLES,docs/plans/ROUND1_FIELD_READ_WRITE_OVERVIEW_V1.0_part1.csv
F0286,s3b_run_state#10,0,,,NO,NO,NOT_OBSERVED,NO,NO_AUTHORIZED_ISOLATED_RUNTIME_VALUE_SAMPLES,docs/plans/ROUND1_FIELD_READ_WRITE_OVERVIEW_V1.0_part1.csv
F0287,s3b_run_state#11,0,,,NO,NO,NOT_OBSERVED,NO,NO_AUTHORIZED_ISOLATED_RUNTIME_VALUE_SAMPLES,docs/plans/ROUND1_FIELD_READ_WRITE_OVERVIEW_V1.0_part1.csv
F0288,s3b_run_state#12,0,,,NO,NO,NOT_OBSERVED,NO,NO_AUTHORIZED_ISOLATED_RUNTIME_VALUE_SAMPLES,docs/plans/ROUND1_FIELD_READ_WRITE_OVERVIEW_V1.0_part1.csv
F0289,s3b_run_state#13,0,,,NO,NO,NOT_OBSERVED,NO,NO_AUTHORIZED_ISOLATED_RUNTIME_VALUE_SAMPLES,docs/plans/ROUND1_FIELD_READ_WRITE_OVERVIEW_V1.0_part1.csv
F0290,s3b_run_state#14,0,,,NO,NO,NOT_OBSERVED,NO,NO_AUTHORIZED_ISOLATED_RUNTIME_VALUE_SAMPLES,docs/plans/ROUND1_FIELD_READ_WRITE_OVERVIEW_V1.0_part1.csv
F0291,s3b_run_state#15,0,,,NO,NO,NOT_OBSERVED,NO,NO_AUTHORIZED_ISOLATED_RUNTIME_VALUE_SAMPLES,docs/plans/ROUND1_FIELD_READ_WRITE_OVERVIEW_V1.0_part1.csv
F0292,s5_act8_private_choices#01,2,READ:tests/sprint8-final-closure-integrity-transaction.sql:L157@TEST_SQL[bare field in single test statement],READ:tests/sprint8-final-closure-integrity-transaction.sql:L160@TEST_SQL[bare field in single test statement],NO,NO,NOT_OBSERVED,NO,NO_AUTHORIZED_ISOLATED_RUNTIME_VALUE_SAMPLES,docs/plans/ROUND1_FIELD_READ_WRITE_OVERVIEW_V1.0_part1.csv
F0293,s5_act8_private_choices#02,2,READ:tests/sprint8-final-closure-integrity-transaction.sql:L157@TEST_SQL[bare field in single test statement],READ:tests/sprint8-final-closure-integrity-transaction.sql:L160@TEST_SQL[bare field in single test statement],NO,NO,NOT_OBSERVED,NO,NO_AUTHORIZED_ISOLATED_RUNTIME_VALUE_SAMPLES,docs/plans/ROUND1_FIELD_READ_WRITE_OVERVIEW_V1.0_part2.csv
F0294,s5_act8_private_choices#03,0,,,NO,NO,NOT_OBSERVED,NO,NO_AUTHORIZED_ISOLATED_RUNTIME_VALUE_SAMPLES,docs/plans/ROUND1_FIELD_READ_WRITE_OVERVIEW_V1.0_part2.csv
F0295,s5_act8_private_choices#04,0,,,NO,NO,NOT_OBSERVED,NO,NO_AUTHORIZED_ISOLATED_RUNTIME_VALUE_SAMPLES,docs/plans/ROUND1_FIELD_READ_WRITE_OVERVIEW_V1.0_part2.csv
F0296,s5_act8_private_choices#05,0,,,NO,NO,NOT_OBSERVED,NO,NO_AUTHORIZED_ISOLATED_RUNTIME_VALUE_SAMPLES,docs/plans/ROUND1_FIELD_READ_WRITE_OVERVIEW_V1.0_part2.csv
F0297,s5_rounds#01,0,,,NO,NO,NOT_OBSERVED,NO,NO_AUTHORIZED_ISOLATED_RUNTIME_VALUE_SAMPLES,docs/plans/ROUND1_FIELD_READ_WRITE_OVERVIEW_V1.0_part2.csv
F0298,s5_rounds#02,0,,,NO,NO,NOT_OBSERVED,NO,NO_AUTHORIZED_ISOLATED_RUNTIME_VALUE_SAMPLES,docs/plans/ROUND1_FIELD_READ_WRITE_OVERVIEW_V1.0_part2.csv
F0299,s5_rounds#03,0,,,NO,NO,NOT_OBSERVED,NO,NO_AUTHORIZED_ISOLATED_RUNTIME_VALUE_SAMPLES,docs/plans/ROUND1_FIELD_READ_WRITE_OVERVIEW_V1.0_part2.csv
F0300,s5_rounds#04,0,,,NO,NO,NOT_OBSERVED,NO,NO_AUTHORIZED_ISOLATED_RUNTIME_VALUE_SAMPLES,docs/plans/ROUND1_FIELD_READ_WRITE_OVERVIEW_V1.0_part2.csv
F0301,s5_rounds#05,0,,,NO,NO,NOT_OBSERVED,NO,NO_AUTHORIZED_ISOLATED_RUNTIME_VALUE_SAMPLES,docs/plans/ROUND1_FIELD_READ_WRITE_OVERVIEW_V1.0_part2.csv
F0302,s5_rounds#06,0,,,NO,NO,NOT_OBSERVED,NO,NO_AUTHORIZED_ISOLATED_RUNTIME_VALUE_SAMPLES,docs/plans/ROUND1_FIELD_READ_WRITE_OVERVIEW_V1.0_part2.csv
F0303,s5_rounds#07,0,,,NO,NO,NOT_OBSERVED,NO,NO_AUTHORIZED_ISOLATED_RUNTIME_VALUE_SAMPLES,docs/plans/ROUND1_FIELD_READ_WRITE_OVERVIEW_V1.0_part2.csv
F0304,s5_rounds#08,0,,,NO,NO,NOT_OBSERVED,NO,NO_AUTHORIZED_ISOLATED_RUNTIME_VALUE_SAMPLES,docs/plans/ROUND1_FIELD_READ_WRITE_OVERVIEW_V1.0_part2.csv
F0305,s5_rounds#09,0,,,NO,NO,NOT_OBSERVED,NO,NO_AUTHORIZED_ISOLATED_RUNTIME_VALUE_SAMPLES,docs/plans/ROUND1_FIELD_READ_WRITE_OVERVIEW_V1.0_part2.csv
F0306,s5_run_state#01,1,READ:tests/sprint8-final-closure-integrity-transaction.sql:L132@TEST_SQL[bare field in single test statement],READ:tests/sprint8-final-closure-integrity-transaction.sql:L132@TEST_SQL[bare field in single test statement],NO,NO,NOT_OBSERVED,NO,NO_AUTHORIZED_ISOLATED_RUNTIME_VALUE_SAMPLES,docs/plans/ROUND1_FIELD_READ_WRITE_OVERVIEW_V1.0_part2.csv
F0307,s5_run_state#02,0,,,NO,NO,NOT_OBSERVED,NO,NO_AUTHORIZED_ISOLATED_RUNTIME_VALUE_SAMPLES,docs/plans/ROUND1_FIELD_READ_WRITE_OVERVIEW_V1.0_part2.csv
F0308,s5_run_state#03,0,,,NO,NO,NOT_OBSERVED,NO,NO_AUTHORIZED_ISOLATED_RUNTIME_VALUE_SAMPLES,docs/plans/ROUND1_FIELD_READ_WRITE_OVERVIEW_V1.0_part2.csv
F0309,s5_run_state#04,0,,,NO,NO,NOT_OBSERVED,NO,NO_AUTHORIZED_ISOLATED_RUNTIME_VALUE_SAMPLES,docs/plans/ROUND1_FIELD_READ_WRITE_OVERVIEW_V1.0_part2.csv
F0310,s5_run_state#05,1,READ:tests/sprint8-final-closure-integrity-transaction.sql:L132@TEST_SQL[bare field in single test statement],READ:tests/sprint8-final-closure-integrity-transaction.sql:L132@TEST_SQL[bare field in single test statement],NO,NO,NOT_OBSERVED,NO,NO_AUTHORIZED_ISOLATED_RUNTIME_VALUE_SAMPLES,docs/plans/ROUND1_FIELD_READ_WRITE_OVERVIEW_V1.0_part2.csv
F0311,s5_run_state#06,0,,,NO,NO,NOT_OBSERVED,NO,NO_AUTHORIZED_ISOLATED_RUNTIME_VALUE_SAMPLES,docs/plans/ROUND1_FIELD_READ_WRITE_OVERVIEW_V1.0_part2.csv
F0312,s5_run_state#07,1,WRITE:tests/sprint8-final-closure-integrity-transaction.sql:L167@TEST_SQL[UPDATE SET in test]{TEST_WRITE},WRITE:tests/sprint8-final-closure-integrity-transaction.sql:L167@TEST_SQL[UPDATE SET in test]{TEST_WRITE},NO,NO,NOT_OBSERVED,NO,NO_AUTHORIZED_ISOLATED_RUNTIME_VALUE_SAMPLES,docs/plans/ROUND1_FIELD_READ_WRITE_OVERVIEW_V1.0_part2.csv
F0313,s5_run_state#08,0,,,NO,NO,NOT_OBSERVED,NO,NO_AUTHORIZED_ISOLATED_RUNTIME_VALUE_SAMPLES,docs/plans/ROUND1_FIELD_READ_WRITE_OVERVIEW_V1.0_part2.csv
F0314,s5_run_state#09,0,,,NO,NO,NOT_OBSERVED,NO,NO_AUTHORIZED_ISOLATED_RUNTIME_VALUE_SAMPLES,docs/plans/ROUND1_FIELD_READ_WRITE_OVERVIEW_V1.0_part2.csv
F0315,s5_run_state#10,0,,,NO,NO,NOT_OBSERVED,NO,NO_AUTHORIZED_ISOLATED_RUNTIME_VALUE_SAMPLES,docs/plans/ROUND1_FIELD_READ_WRITE_OVERVIEW_V1.0_part2.csv
F0316,s5_votes#01,4,READ:tests/sprint8-final-closure-integrity-transaction.sql:L133@TEST_SQL[bare field in single test statement],READ:tests/sprint8-final-closure-integrity-transaction.sql:L151@TEST_SQL[bare field in single test statement],NO,NO,NOT_OBSERVED,NO,NO_AUTHORIZED_ISOLATED_RUNTIME_VALUE_SAMPLES,docs/plans/ROUND1_FIELD_READ_WRITE_OVERVIEW_V1.0_part2.csv
F0317,s5_votes#02,4,READ:tests/sprint8-final-closure-integrity-transaction.sql:L133@TEST_SQL[bare field in single test statement],READ:tests/sprint8-final-closure-integrity-transaction.sql:L151@TEST_SQL[bare field in single test statement],NO,NO,NOT_OBSERVED,NO,NO_AUTHORIZED_ISOLATED_RUNTIME_VALUE_SAMPLES,docs/plans/ROUND1_FIELD_READ_WRITE_OVERVIEW_V1.0_part2.csv
F0318,s5_votes#03,3,READ:tests/sprint8-final-closure-integrity-transaction.sql:L133@TEST_SQL[bare field in single test statement],READ:tests/sprint8-final-closure-integrity-transaction.sql:L143@TEST_SQL[bare field in single test statement],NO,NO,NOT_OBSERVED,NO,NO_AUTHORIZED_ISOLATED_RUNTIME_VALUE_SAMPLES,docs/plans/ROUND1_FIELD_READ_WRITE_OVERVIEW_V1.0_part2.csv
F0319,s5_votes#04,0,,,NO,NO,NOT_OBSERVED,NO,NO_AUTHORIZED_ISOLATED_RUNTIME_VALUE_SAMPLES,docs/plans/ROUND1_FIELD_READ_WRITE_OVERVIEW_V1.0_part2.csv
F0320,s5_votes#05,3,READ:tests/sprint8-final-closure-integrity-transaction.sql:L133@TEST_SQL[bare field in single test statement],READ:tests/sprint8-final-closure-integrity-transaction.sql:L151@TEST_SQL[bare field in single test statement],NO,NO,NOT_OBSERVED,NO,NO_AUTHORIZED_ISOLATED_RUNTIME_VALUE_SAMPLES,docs/plans/ROUND1_FIELD_READ_WRITE_OVERVIEW_V1.0_part2.csv
F0321,s5_votes#06,0,,,NO,NO,NOT_OBSERVED,NO,NO_AUTHORIZED_ISOLATED_RUNTIME_VALUE_SAMPLES,docs/plans/ROUND1_FIELD_READ_WRITE_OVERVIEW_V1.0_part2.csv
F0322,s5_votes#07,0,,,NO,NO,NOT_OBSERVED,NO,NO_AUTHORIZED_ISOLATED_RUNTIME_VALUE_SAMPLES,docs/plans/ROUND1_FIELD_READ_WRITE_OVERVIEW_V1.0_part2.csv
F0323,s6_action_receipts#01,0,,,NO,NO,NOT_OBSERVED,NO,NO_AUTHORIZED_ISOLATED_RUNTIME_VALUE_SAMPLES,docs/plans/ROUND1_FIELD_READ_WRITE_OVERVIEW_V1.0_part2.csv
F0324,s6_action_receipts#02,0,,,NO,NO,NOT_OBSERVED,NO,NO_AUTHORIZED_ISOLATED_RUNTIME_VALUE_SAMPLES,docs/plans/ROUND1_FIELD_READ_WRITE_OVERVIEW_V1.0_part2.csv
F0325,s6_action_receipts#03,0,,,NO,NO,NOT_OBSERVED,NO,NO_AUTHORIZED_ISOLATED_RUNTIME_VALUE_SAMPLES,docs/plans/ROUND1_FIELD_READ_WRITE_OVERVIEW_V1.0_part2.csv
F0326,s6_action_receipts#04,0,,,NO,NO,NOT_OBSERVED,NO,NO_AUTHORIZED_ISOLATED_RUNTIME_VALUE_SAMPLES,docs/plans/ROUND1_FIELD_READ_WRITE_OVERVIEW_V1.0_part2.csv
F0327,s6_action_receipts#05,0,,,NO,NO,NOT_OBSERVED,NO,NO_AUTHORIZED_ISOLATED_RUNTIME_VALUE_SAMPLES,docs/plans/ROUND1_FIELD_READ_WRITE_OVERVIEW_V1.0_part2.csv
F0328,s6_action_receipts#06,0,,,NO,NO,NOT_OBSERVED,NO,NO_AUTHORIZED_ISOLATED_RUNTIME_VALUE_SAMPLES,docs/plans/ROUND1_FIELD_READ_WRITE_OVERVIEW_V1.0_part2.csv
F0329,s6_action_receipts#07,0,,,NO,NO,NOT_OBSERVED,NO,NO_AUTHORIZED_ISOLATED_RUNTIME_VALUE_SAMPLES,docs/plans/ROUND1_FIELD_READ_WRITE_OVERVIEW_V1.0_part2.csv
F0330,s6_allocation_attempts#01,0,,,NO,NO,NOT_OBSERVED,NO,NO_AUTHORIZED_ISOLATED_RUNTIME_VALUE_SAMPLES,docs/plans/ROUND1_FIELD_READ_WRITE_OVERVIEW_V1.0_part2.csv
F0331,s6_allocation_attempts#02,0,,,NO,NO,NOT_OBSERVED,NO,NO_AUTHORIZED_ISOLATED_RUNTIME_VALUE_SAMPLES,docs/plans/ROUND1_FIELD_READ_WRITE_OVERVIEW_V1.0_part2.csv
F0332,s6_allocation_attempts#03,0,,,NO,NO,NOT_OBSERVED,NO,NO_AUTHORIZED_ISOLATED_RUNTIME_VALUE_SAMPLES,docs/plans/ROUND1_FIELD_READ_WRITE_OVERVIEW_V1.0_part2.csv
F0333,s6_allocation_attempts#04,0,,,NO,NO,NOT_OBSERVED,NO,NO_AUTHORIZED_ISOLATED_RUNTIME_VALUE_SAMPLES,docs/plans/ROUND1_FIELD_READ_WRITE_OVERVIEW_V1.0_part2.csv
F0334,s6_allocation_attempts#05,0,,,NO,NO,NOT_OBSERVED,NO,NO_AUTHORIZED_ISOLATED_RUNTIME_VALUE_SAMPLES,docs/plans/ROUND1_FIELD_READ_WRITE_OVERVIEW_V1.0_part2.csv
F0335,s6_allocation_attempts#06,0,,,NO,NO,NOT_OBSERVED,NO,NO_AUTHORIZED_ISOLATED_RUNTIME_VALUE_SAMPLES,docs/plans/ROUND1_FIELD_READ_WRITE_OVERVIEW_V1.0_part2.csv
F0336,s6_allocation_attempts#07,0,,,NO,NO,NOT_OBSERVED,NO,NO_AUTHORIZED_ISOLATED_RUNTIME_VALUE_SAMPLES,docs/plans/ROUND1_FIELD_READ_WRITE_OVERVIEW_V1.0_part2.csv
F0337,s6_allocations#01,2,READ:tests/sprint8-final-closure-integrity-transaction.sql:L189@TEST_SQL[bare field in single test statement],READ:tests/sprint8-final-closure-integrity-transaction.sql:L192@TEST_SQL[bare field in single test statement],NO,NO,NOT_OBSERVED,NO,NO_AUTHORIZED_ISOLATED_RUNTIME_VALUE_SAMPLES,docs/plans/ROUND1_FIELD_READ_WRITE_OVERVIEW_V1.0_part2.csv
F0338,s6_allocations#02,2,READ:tests/sprint8-final-closure-integrity-transaction.sql:L189@TEST_SQL[bare field in single test statement],READ:tests/sprint8-final-closure-integrity-transaction.sql:L192@TEST_SQL[bare field in single test statement],NO,NO,NOT_OBSERVED,NO,NO_AUTHORIZED_ISOLATED_RUNTIME_VALUE_SAMPLES,docs/plans/ROUND1_FIELD_READ_WRITE_OVERVIEW_V1.0_part2.csv
F0339,s6_allocations#03,0,,,NO,NO,NOT_OBSERVED,NO,NO_AUTHORIZED_ISOLATED_RUNTIME_VALUE_SAMPLES,docs/plans/ROUND1_FIELD_READ_WRITE_OVERVIEW_V1.0_part2.csv
F0340,s6_allocations#04,0,,,NO,NO,NOT_OBSERVED,NO,NO_AUTHORIZED_ISOLATED_RUNTIME_VALUE_SAMPLES,docs/plans/ROUND1_FIELD_READ_WRITE_OVERVIEW_V1.0_part2.csv
F0341,s6_allocations#05,0,,,NO,NO,NOT_OBSERVED,NO,NO_AUTHORIZED_ISOLATED_RUNTIME_VALUE_SAMPLES,docs/plans/ROUND1_FIELD_READ_WRITE_OVERVIEW_V1.0_part2.csv
F0342,s6_audio_consumptions#01,0,,,NO,NO,NOT_OBSERVED,NO,NO_AUTHORIZED_ISOLATED_RUNTIME_VALUE_SAMPLES,docs/plans/ROUND1_FIELD_READ_WRITE_OVERVIEW_V1.0_part2.csv
F0343,s6_audio_consumptions#02,0,,,NO,NO,NOT_OBSERVED,NO,NO_AUTHORIZED_ISOLATED_RUNTIME_VALUE_SAMPLES,docs/plans/ROUND1_FIELD_READ_WRITE_OVERVIEW_V1.0_part2.csv
F0344,s6_audio_consumptions#03,0,,,NO,NO,NOT_OBSERVED,NO,NO_AUTHORIZED_ISOLATED_RUNTIME_VALUE_SAMPLES,docs/plans/ROUND1_FIELD_READ_WRITE_OVERVIEW_V1.0_part2.csv
F0345,s6_audio_consumptions#04,0,,,NO,NO,NOT_OBSERVED,NO,NO_AUTHORIZED_ISOLATED_RUNTIME_VALUE_SAMPLES,docs/plans/ROUND1_FIELD_READ_WRITE_OVERVIEW_V1.0_part2.csv
F0346,s6_audio_occurrences#01,0,,,NO,NO,NOT_OBSERVED,NO,NO_AUTHORIZED_ISOLATED_RUNTIME_VALUE_SAMPLES,docs/plans/ROUND1_FIELD_READ_WRITE_OVERVIEW_V1.0_part2.csv
F0347,s6_audio_occurrences#02,0,,,NO,NO,NOT_OBSERVED,NO,NO_AUTHORIZED_ISOLATED_RUNTIME_VALUE_SAMPLES,docs/plans/ROUND1_FIELD_READ_WRITE_OVERVIEW_V1.0_part2.csv
F0348,s6_audio_occurrences#03,0,,,NO,NO,NOT_OBSERVED,NO,NO_AUTHORIZED_ISOLATED_RUNTIME_VALUE_SAMPLES,docs/plans/ROUND1_FIELD_READ_WRITE_OVERVIEW_V1.0_part2.csv
F0349,s6_audio_occurrences#04,0,,,NO,NO,NOT_OBSERVED,NO,NO_AUTHORIZED_ISOLATED_RUNTIME_VALUE_SAMPLES,docs/plans/ROUND1_FIELD_READ_WRITE_OVERVIEW_V1.0_part2.csv
F0350,s6_audio_occurrences#05,0,,,NO,NO,NOT_OBSERVED,NO,NO_AUTHORIZED_ISOLATED_RUNTIME_VALUE_SAMPLES,docs/plans/ROUND1_FIELD_READ_WRITE_OVERVIEW_V1.0_part2.csv
F0351,s6_audio_occurrences#06,0,,,NO,NO,NOT_OBSERVED,NO,NO_AUTHORIZED_ISOLATED_RUNTIME_VALUE_SAMPLES,docs/plans/ROUND1_FIELD_READ_WRITE_OVERVIEW_V1.0_part2.csv
F0352,s6_choices#01,4,READ:tests/sprint8-final-closure-integrity-transaction.sql:L172@TEST_SQL[bare field in single test statement],READ:tests/sprint8-final-closure-integrity-transaction.sql:L203@TEST_SQL[bare field in single test statement],NO,NO,NOT_OBSERVED,NO,NO_AUTHORIZED_ISOLATED_RUNTIME_VALUE_SAMPLES,docs/plans/ROUND1_FIELD_READ_WRITE_OVERVIEW_V1.0_part2.csv
F0353,s6_choices#02,4,READ:tests/sprint8-final-closure-integrity-transaction.sql:L172@TEST_SQL[bare field in single test statement],READ:tests/sprint8-final-closure-integrity-transaction.sql:L203@TEST_SQL[bare field in single test statement],NO,NO,NOT_OBSERVED,NO,NO_AUTHORIZED_ISOLATED_RUNTIME_VALUE_SAMPLES,docs/plans/ROUND1_FIELD_READ_WRITE_OVERVIEW_V1.0_part2.csv
F0354,s6_choices#03,0,,,NO,NO,NOT_OBSERVED,NO,NO_AUTHORIZED_ISOLATED_RUNTIME_VALUE_SAMPLES,docs/plans/ROUND1_FIELD_READ_WRITE_OVERVIEW_V1.0_part2.csv
F0355,s6_choices#04,2,READ:tests/sprint8-final-closure-integrity-transaction.sql:L199@TEST_SQL[bare field in single test statement],READ:tests/sprint8-final-closure-integrity-transaction.sql:L203@TEST_SQL[bare field in single test statement],NO,NO,NOT_OBSERVED,NO,NO_AUTHORIZED_ISOLATED_RUNTIME_VALUE_SAMPLES,docs/plans/ROUND1_FIELD_READ_WRITE_OVERVIEW_V1.0_part2.csv
F0356,s6_choices#05,0,,,NO,NO,NOT_OBSERVED,NO,NO_AUTHORIZED_ISOLATED_RUNTIME_VALUE_SAMPLES,docs/plans/ROUND1_FIELD_READ_WRITE_OVERVIEW_V1.0_part2.csv
F0357,s6_choices#06,0,,,NO,NO,NOT_OBSERVED,NO,NO_AUTHORIZED_ISOLATED_RUNTIME_VALUE_SAMPLES,docs/plans/ROUND1_FIELD_READ_WRITE_OVERVIEW_V1.0_part2.csv
F0358,s6_choices#07,0,,,NO,NO,NOT_OBSERVED,NO,NO_AUTHORIZED_ISOLATED_RUNTIME_VALUE_SAMPLES,docs/plans/ROUND1_FIELD_READ_WRITE_OVERVIEW_V1.0_part2.csv
F0359,s6_choices#08,0,,,NO,NO,NOT_OBSERVED,NO,NO_AUTHORIZED_ISOLATED_RUNTIME_VALUE_SAMPLES,docs/plans/ROUND1_FIELD_READ_WRITE_OVERVIEW_V1.0_part2.csv
F0360,s6_choices#09,0,,,NO,NO,NOT_OBSERVED,NO,NO_AUTHORIZED_ISOLATED_RUNTIME_VALUE_SAMPLES,docs/plans/ROUND1_FIELD_READ_WRITE_OVERVIEW_V1.0_part2.csv
F0361,s6_choices#10,1,READ:tests/sprint8-final-closure-integrity-transaction.sql:L172@TEST_SQL[bare field in single test statement],READ:tests/sprint8-final-closure-integrity-transaction.sql:L172@TEST_SQL[bare field in single test statement],NO,NO,NOT_OBSERVED,NO,NO_AUTHORIZED_ISOLATED_RUNTIME_VALUE_SAMPLES,docs/plans/ROUND1_FIELD_READ_WRITE_OVERVIEW_V1.0_part2.csv
F0362,s6_engagements#01,0,,,NO,NO,NOT_OBSERVED,NO,NO_AUTHORIZED_ISOLATED_RUNTIME_VALUE_SAMPLES,docs/plans/ROUND1_FIELD_READ_WRITE_OVERVIEW_V1.0_part2.csv
F0363,s6_engagements#02,0,,,NO,NO,NOT_OBSERVED,NO,NO_AUTHORIZED_ISOLATED_RUNTIME_VALUE_SAMPLES,docs/plans/ROUND1_FIELD_READ_WRITE_OVERVIEW_V1.0_part2.csv
F0364,s6_engagements#03,0,,,NO,NO,NOT_OBSERVED,NO,NO_AUTHORIZED_ISOLATED_RUNTIME_VALUE_SAMPLES,docs/plans/ROUND1_FIELD_READ_WRITE_OVERVIEW_V1.0_part2.csv
F0365,s6_engagements#04,0,,,NO,NO,NOT_OBSERVED,NO,NO_AUTHORIZED_ISOLATED_RUNTIME_VALUE_SAMPLES,docs/plans/ROUND1_FIELD_READ_WRITE_OVERVIEW_V1.0_part2.csv
F0366,s6_private_clues#01,0,,,NO,NO,NOT_OBSERVED,NO,NO_AUTHORIZED_ISOLATED_RUNTIME_VALUE_SAMPLES,docs/plans/ROUND1_FIELD_READ_WRITE_OVERVIEW_V1.0_part2.csv
F0367,s6_private_clues#02,0,,,NO,NO,NOT_OBSERVED,NO,NO_AUTHORIZED_ISOLATED_RUNTIME_VALUE_SAMPLES,docs/plans/ROUND1_FIELD_READ_WRITE_OVERVIEW_V1.0_part2.csv
F0368,s6_private_clues#03,0,,,NO,NO,NOT_OBSERVED,NO,NO_AUTHORIZED_ISOLATED_RUNTIME_VALUE_SAMPLES,docs/plans/ROUND1_FIELD_READ_WRITE_OVERVIEW_V1.0_part2.csv
F0369,s6_private_clues#04,0,,,NO,NO,NOT_OBSERVED,NO,NO_AUTHORIZED_ISOLATED_RUNTIME_VALUE_SAMPLES,docs/plans/ROUND1_FIELD_READ_WRITE_OVERVIEW_V1.0_part2.csv
F0370,s6_private_clues#05,0,,,NO,NO,NOT_OBSERVED,NO,NO_AUTHORIZED_ISOLATED_RUNTIME_VALUE_SAMPLES,docs/plans/ROUND1_FIELD_READ_WRITE_OVERVIEW_V1.0_part2.csv
F0371,s6_private_clues#06,0,,,NO,NO,NOT_OBSERVED,NO,NO_AUTHORIZED_ISOLATED_RUNTIME_VALUE_SAMPLES,docs/plans/ROUND1_FIELD_READ_WRITE_OVERVIEW_V1.0_part2.csv
F0372,s6_run_state#01,0,,,NO,NO,NOT_OBSERVED,NO,NO_AUTHORIZED_ISOLATED_RUNTIME_VALUE_SAMPLES,docs/plans/ROUND1_FIELD_READ_WRITE_OVERVIEW_V1.0_part2.csv
F0373,s6_run_state#02,0,,,NO,NO,NOT_OBSERVED,NO,NO_AUTHORIZED_ISOLATED_RUNTIME_VALUE_SAMPLES,docs/plans/ROUND1_FIELD_READ_WRITE_OVERVIEW_V1.0_part2.csv
F0374,s6_run_state#03,0,,,NO,NO,NOT_OBSERVED,NO,NO_AUTHORIZED_ISOLATED_RUNTIME_VALUE_SAMPLES,docs/plans/ROUND1_FIELD_READ_WRITE_OVERVIEW_V1.0_part2.csv
F0375,s6_run_state#04,0,,,NO,NO,NOT_OBSERVED,NO,NO_AUTHORIZED_ISOLATED_RUNTIME_VALUE_SAMPLES,docs/plans/ROUND1_FIELD_READ_WRITE_OVERVIEW_V1.0_part2.csv
F0376,s6_run_state#05,0,,,NO,NO,NOT_OBSERVED,NO,NO_AUTHORIZED_ISOLATED_RUNTIME_VALUE_SAMPLES,docs/plans/ROUND1_FIELD_READ_WRITE_OVERVIEW_V1.0_part2.csv
F0377,s6_run_state#06,0,,,NO,NO,NOT_OBSERVED,NO,NO_AUTHORIZED_ISOLATED_RUNTIME_VALUE_SAMPLES,docs/plans/ROUND1_FIELD_READ_WRITE_OVERVIEW_V1.0_part2.csv
F0378,s6_run_state#07,0,,,NO,NO,NOT_OBSERVED,NO,NO_AUTHORIZED_ISOLATED_RUNTIME_VALUE_SAMPLES,docs/plans/ROUND1_FIELD_READ_WRITE_OVERVIEW_V1.0_part2.csv
F0379,s6_run_state#08,1,WRITE:tests/sprint8-final-closure-integrity-transaction.sql:L184@TEST_SQL[UPDATE SET in test]{TEST_WRITE},WRITE:tests/sprint8-final-closure-integrity-transaction.sql:L184@TEST_SQL[UPDATE SET in test]{TEST_WRITE},NO,NO,NOT_OBSERVED,NO,NO_AUTHORIZED_ISOLATED_RUNTIME_VALUE_SAMPLES,docs/plans/ROUND1_FIELD_READ_WRITE_OVERVIEW_V1.0_part2.csv
F0380,s6_run_state#09,1,WRITE:tests/sprint8-final-closure-integrity-transaction.sql:L184@TEST_SQL[UPDATE SET in test]{TEST_WRITE},WRITE:tests/sprint8-final-closure-integrity-transaction.sql:L184@TEST_SQL[UPDATE SET in test]{TEST_WRITE},NO,NO,NOT_OBSERVED,NO,NO_AUTHORIZED_ISOLATED_RUNTIME_VALUE_SAMPLES,docs/plans/ROUND1_FIELD_READ_WRITE_OVERVIEW_V1.0_part2.csv
F0381,s6_run_state#10,1,WRITE:tests/sprint8-final-closure-integrity-transaction.sql:L184@TEST_SQL[UPDATE SET in test]{TEST_WRITE},WRITE:tests/sprint8-final-closure-integrity-transaction.sql:L184@TEST_SQL[UPDATE SET in test]{TEST_WRITE},NO,NO,NOT_OBSERVED,NO,NO_AUTHORIZED_ISOLATED_RUNTIME_VALUE_SAMPLES,docs/plans/ROUND1_FIELD_READ_WRITE_OVERVIEW_V1.0_part2.csv
F0382,s6_run_state#11,0,,,NO,NO,NOT_OBSERVED,NO,NO_AUTHORIZED_ISOLATED_RUNTIME_VALUE_SAMPLES,docs/plans/ROUND1_FIELD_READ_WRITE_OVERVIEW_V1.0_part2.csv
F0383,s6_run_state#12,0,,,NO,NO,NOT_OBSERVED,NO,NO_AUTHORIZED_ISOLATED_RUNTIME_VALUE_SAMPLES,docs/plans/ROUND1_FIELD_READ_WRITE_OVERVIEW_V1.0_part2.csv
F0384,s6_run_state#13,0,,,NO,NO,NOT_OBSERVED,NO,NO_AUTHORIZED_ISOLATED_RUNTIME_VALUE_SAMPLES,docs/plans/ROUND1_FIELD_READ_WRITE_OVERVIEW_V1.0_part2.csv
F0385,s6_run_state#14,0,,,NO,NO,NOT_OBSERVED,NO,NO_AUTHORIZED_ISOLATED_RUNTIME_VALUE_SAMPLES,docs/plans/ROUND1_FIELD_READ_WRITE_OVERVIEW_V1.0_part2.csv
F0386,s6_run_state#15,0,,,NO,NO,NOT_OBSERVED,NO,NO_AUTHORIZED_ISOLATED_RUNTIME_VALUE_SAMPLES,docs/plans/ROUND1_FIELD_READ_WRITE_OVERVIEW_V1.0_part2.csv
F0387,s6_run_state#16,0,,,NO,NO,NOT_OBSERVED,NO,NO_AUTHORIZED_ISOLATED_RUNTIME_VALUE_SAMPLES,docs/plans/ROUND1_FIELD_READ_WRITE_OVERVIEW_V1.0_part2.csv
F0388,s6_run_state#17,1,WRITE:tests/sprint8-final-closure-integrity-transaction.sql:L212@TEST_SQL[UPDATE SET in test]{TEST_WRITE},WRITE:tests/sprint8-final-closure-integrity-transaction.sql:L212@TEST_SQL[UPDATE SET in test]{TEST_WRITE},NO,NO,NOT_OBSERVED,NO,NO_AUTHORIZED_ISOLATED_RUNTIME_VALUE_SAMPLES,docs/plans/ROUND1_FIELD_READ_WRITE_OVERVIEW_V1.0_part2.csv
F0389,s6_run_state#18,0,,,NO,NO,NOT_OBSERVED,NO,NO_AUTHORIZED_ISOLATED_RUNTIME_VALUE_SAMPLES,docs/plans/ROUND1_FIELD_READ_WRITE_OVERVIEW_V1.0_part2.csv
F0390,s6_run_state#19,0,,,NO,NO,NOT_OBSERVED,NO,NO_AUTHORIZED_ISOLATED_RUNTIME_VALUE_SAMPLES,docs/plans/ROUND1_FIELD_READ_WRITE_OVERVIEW_V1.0_part2.csv
F0391,s6_run_state#20,0,,,NO,NO,NOT_OBSERVED,NO,NO_AUTHORIZED_ISOLATED_RUNTIME_VALUE_SAMPLES,docs/plans/ROUND1_FIELD_READ_WRITE_OVERVIEW_V1.0_part2.csv
F0392,s6_run_state#21,0,,,NO,NO,NOT_OBSERVED,NO,NO_AUTHORIZED_ISOLATED_RUNTIME_VALUE_SAMPLES,docs/plans/ROUND1_FIELD_READ_WRITE_OVERVIEW_V1.0_part2.csv
F0393,s6_run_state#22,0,,,NO,NO,NOT_OBSERVED,NO,NO_AUTHORIZED_ISOLATED_RUNTIME_VALUE_SAMPLES,docs/plans/ROUND1_FIELD_READ_WRITE_OVERVIEW_V1.0_part2.csv
F0394,s6_run_state#23,0,,,NO,NO,NOT_OBSERVED,NO,NO_AUTHORIZED_ISOLATED_RUNTIME_VALUE_SAMPLES,docs/plans/ROUND1_FIELD_READ_WRITE_OVERVIEW_V1.0_part2.csv
F0395,s6_station_b_progress#01,0,,,NO,NO,NOT_OBSERVED,NO,NO_AUTHORIZED_ISOLATED_RUNTIME_VALUE_SAMPLES,docs/plans/ROUND1_FIELD_READ_WRITE_OVERVIEW_V1.0_part2.csv
F0396,s6_station_b_progress#02,0,,,NO,NO,NOT_OBSERVED,NO,NO_AUTHORIZED_ISOLATED_RUNTIME_VALUE_SAMPLES,docs/plans/ROUND1_FIELD_READ_WRITE_OVERVIEW_V1.0_part2.csv
F0397,s6_station_b_progress#03,0,,,NO,NO,NOT_OBSERVED,NO,NO_AUTHORIZED_ISOLATED_RUNTIME_VALUE_SAMPLES,docs/plans/ROUND1_FIELD_READ_WRITE_OVERVIEW_V1.0_part2.csv
F0398,s6_station_b_progress#04,0,,,NO,NO,NOT_OBSERVED,NO,NO_AUTHORIZED_ISOLATED_RUNTIME_VALUE_SAMPLES,docs/plans/ROUND1_FIELD_READ_WRITE_OVERVIEW_V1.0_part2.csv
F0399,s6_station_b_progress#05,0,,,NO,NO,NOT_OBSERVED,NO,NO_AUTHORIZED_ISOLATED_RUNTIME_VALUE_SAMPLES,docs/plans/ROUND1_FIELD_READ_WRITE_OVERVIEW_V1.0_part2.csv
F0400,s6_station_tasks#01,0,,,NO,NO,NOT_OBSERVED,NO,NO_AUTHORIZED_ISOLATED_RUNTIME_VALUE_SAMPLES,docs/plans/ROUND1_FIELD_READ_WRITE_OVERVIEW_V1.0_part2.csv
F0401,s6_station_tasks#02,0,,,NO,NO,NOT_OBSERVED,NO,NO_AUTHORIZED_ISOLATED_RUNTIME_VALUE_SAMPLES,docs/plans/ROUND1_FIELD_READ_WRITE_OVERVIEW_V1.0_part2.csv
F0402,s6_station_tasks#03,0,,,NO,NO,NOT_OBSERVED,NO,NO_AUTHORIZED_ISOLATED_RUNTIME_VALUE_SAMPLES,docs/plans/ROUND1_FIELD_READ_WRITE_OVERVIEW_V1.0_part2.csv
F0403,s6_station_tasks#04,0,,,NO,NO,NOT_OBSERVED,NO,NO_AUTHORIZED_ISOLATED_RUNTIME_VALUE_SAMPLES,docs/plans/ROUND1_FIELD_READ_WRITE_OVERVIEW_V1.0_part2.csv
F0404,s6_station_tasks#05,0,,,NO,NO,NOT_OBSERVED,NO,NO_AUTHORIZED_ISOLATED_RUNTIME_VALUE_SAMPLES,docs/plans/ROUND1_FIELD_READ_WRITE_OVERVIEW_V1.0_part2.csv
F0405,s8_finalizations#01,0,,,NO,NO,NOT_OBSERVED,NO,NO_AUTHORIZED_ISOLATED_RUNTIME_VALUE_SAMPLES,docs/plans/ROUND1_FIELD_READ_WRITE_OVERVIEW_V1.0_part2.csv
F0406,s8_finalizations#02,0,,,NO,NO,NOT_OBSERVED,NO,NO_AUTHORIZED_ISOLATED_RUNTIME_VALUE_SAMPLES,docs/plans/ROUND1_FIELD_READ_WRITE_OVERVIEW_V1.0_part2.csv
F0407,s8_finalizations#03,0,,,NO,NO,NOT_OBSERVED,NO,NO_AUTHORIZED_ISOLATED_RUNTIME_VALUE_SAMPLES,docs/plans/ROUND1_FIELD_READ_WRITE_OVERVIEW_V1.0_part2.csv
F0408,s8_finalizations#04,0,,,NO,NO,NOT_OBSERVED,NO,NO_AUTHORIZED_ISOLATED_RUNTIME_VALUE_SAMPLES,docs/plans/ROUND1_FIELD_READ_WRITE_OVERVIEW_V1.0_part2.csv
F0409,s8_finalizations#05,0,,,NO,NO,NOT_OBSERVED,NO,NO_AUTHORIZED_ISOLATED_RUNTIME_VALUE_SAMPLES,docs/plans/ROUND1_FIELD_READ_WRITE_OVERVIEW_V1.0_part2.csv
F0410,s8_finalizations#06,0,,,NO,NO,NOT_OBSERVED,NO,NO_AUTHORIZED_ISOLATED_RUNTIME_VALUE_SAMPLES,docs/plans/ROUND1_FIELD_READ_WRITE_OVERVIEW_V1.0_part2.csv
F0411,s9_pocket_item_inspections#01,0,,,NO,NO,NOT_OBSERVED,NO,NO_AUTHORIZED_ISOLATED_RUNTIME_VALUE_SAMPLES,docs/plans/ROUND1_FIELD_READ_WRITE_OVERVIEW_V1.0_part2.csv
F0412,s9_pocket_item_inspections#02,0,,,NO,NO,NOT_OBSERVED,NO,NO_AUTHORIZED_ISOLATED_RUNTIME_VALUE_SAMPLES,docs/plans/ROUND1_FIELD_READ_WRITE_OVERVIEW_V1.0_part2.csv
F0413,s9_pocket_item_inspections#03,0,,,NO,NO,NOT_OBSERVED,NO,NO_AUTHORIZED_ISOLATED_RUNTIME_VALUE_SAMPLES,docs/plans/ROUND1_FIELD_READ_WRITE_OVERVIEW_V1.0_part2.csv
F0414,s9_pocket_item_inspections#04,0,,,NO,NO,NOT_OBSERVED,NO,NO_AUTHORIZED_ISOLATED_RUNTIME_VALUE_SAMPLES,docs/plans/ROUND1_FIELD_READ_WRITE_OVERVIEW_V1.0_part2.csv
F0415,teacher_override_validity#01,3,READ:tests/level2-residual-integrity-transaction.sql:L16@TEST_SQL[bare field in single test statement],READ:tests/level2-residual-integrity-transaction.sql:L38@TEST_SQL[bare field in single test statement],NO,NO,NOT_OBSERVED,NO,NO_AUTHORIZED_ISOLATED_RUNTIME_VALUE_SAMPLES,docs/plans/ROUND1_FIELD_READ_WRITE_OVERVIEW_V1.0_part2.csv
F0416,teacher_override_validity#02,0,,,NO,NO,NOT_OBSERVED,NO,NO_AUTHORIZED_ISOLATED_RUNTIME_VALUE_SAMPLES,docs/plans/ROUND1_FIELD_READ_WRITE_OVERVIEW_V1.0_part2.csv
F0417,teacher_override_validity#03,0,,,NO,NO,NOT_OBSERVED,NO,NO_AUTHORIZED_ISOLATED_RUNTIME_VALUE_SAMPLES,docs/plans/ROUND1_FIELD_READ_WRITE_OVERVIEW_V1.0_part2.csv
F0418,teacher_override_validity#04,3,READ:tests/level2-residual-integrity-transaction.sql:L16@TEST_SQL[bare field in single test statement],READ:tests/level2-residual-integrity-transaction.sql:L38@TEST_SQL[bare field in single test statement],NO,NO,NOT_OBSERVED,NO,NO_AUTHORIZED_ISOLATED_RUNTIME_VALUE_SAMPLES,docs/plans/ROUND1_FIELD_READ_WRITE_OVERVIEW_V1.0_part2.csv
F0419,teacher_override_validity#05,0,,,NO,NO,NOT_OBSERVED,NO,NO_AUTHORIZED_ISOLATED_RUNTIME_VALUE_SAMPLES,docs/plans/ROUND1_FIELD_READ_WRITE_OVERVIEW_V1.0_part2.csv
F0420,teacher_override_validity#06,3,READ:tests/level2-residual-integrity-transaction.sql:L16@TEST_SQL[bare field in single test statement],READ:tests/level2-residual-integrity-transaction.sql:L38@TEST_SQL[bare field in single test statement],NO,NO,NOT_OBSERVED,NO,NO_AUTHORIZED_ISOLATED_RUNTIME_VALUE_SAMPLES,docs/plans/ROUND1_FIELD_READ_WRITE_OVERVIEW_V1.0_part2.csv
F0421,teacher_overrides#01,5,READ:tests/level2-residual-integrity-transaction.sql:L18@TEST_SQL[bare field in single test statement],READ:tests/level2-residual-integrity-transaction.sql:L6@TEST_SQL[bare field in single test statement],NO,NO,NOT_OBSERVED,NO,NO_AUTHORIZED_ISOLATED_RUNTIME_VALUE_SAMPLES,docs/plans/ROUND1_FIELD_READ_WRITE_OVERVIEW_V1.0_part2.csv
F0422,teacher_overrides#02,5,READ:tests/level2-residual-integrity-transaction.sql:L22@TEST_SQL[bare field in single test statement],READ:tests/sprint8-final-closure-integrity-transaction.sql:L19@TEST_SQL[bare field in single test statement],NO,NO,NOT_OBSERVED,NO,NO_AUTHORIZED_ISOLATED_RUNTIME_VALUE_SAMPLES,docs/plans/ROUND1_FIELD_READ_WRITE_OVERVIEW_V1.0_part2.csv
F0423,teacher_overrides#03,2,READ:tests/sprint8-final-closure-integrity-transaction.sql:L16@TEST_SQL[bare field in single test statement],READ:tests/sprint8-final-closure-integrity-transaction.sql:L19@TEST_SQL[bare field in single test statement],NO,NO,NOT_OBSERVED,NO,NO_AUTHORIZED_ISOLATED_RUNTIME_VALUE_SAMPLES,docs/plans/ROUND1_FIELD_READ_WRITE_OVERVIEW_V1.0_part2.csv
F0424,teacher_overrides#04,2,READ:tests/sprint8-final-closure-integrity-transaction.sql:L16@TEST_SQL[bare field in single test statement],READ:tests/sprint8-final-closure-integrity-transaction.sql:L19@TEST_SQL[bare field in single test statement],NO,NO,NOT_OBSERVED,NO,NO_AUTHORIZED_ISOLATED_RUNTIME_VALUE_SAMPLES,docs/plans/ROUND1_FIELD_READ_WRITE_OVERVIEW_V1.0_part2.csv
F0425,teacher_overrides#05,0,,,NO,NO,NOT_OBSERVED,NO,NO_AUTHORIZED_ISOLATED_RUNTIME_VALUE_SAMPLES,docs/plans/ROUND1_FIELD_READ_WRITE_OVERVIEW_V1.0_part2.csv
F0426,teacher_overrides#06,0,,,NO,NO,NOT_OBSERVED,NO,NO_AUTHORIZED_ISOLATED_RUNTIME_VALUE_SAMPLES,docs/plans/ROUND1_FIELD_READ_WRITE_OVERVIEW_V1.0_part2.csv
F0427,teacher_overrides#07,0,,,NO,NO,NOT_OBSERVED,NO,NO_AUTHORIZED_ISOLATED_RUNTIME_VALUE_SAMPLES,docs/plans/ROUND1_FIELD_READ_WRITE_OVERVIEW_V1.0_part2.csv
F0428,teacher_overrides#08,0,,,NO,NO,NOT_OBSERVED,NO,NO_AUTHORIZED_ISOLATED_RUNTIME_VALUE_SAMPLES,docs/plans/ROUND1_FIELD_READ_WRITE_OVERVIEW_V1.0_part2.csv
F0429,teacher_overrides#09,5,READ:tests/level2-residual-integrity-transaction.sql:L22@TEST_SQL[bare field in single test statement],READ:tests/sprint8-final-closure-integrity-transaction.sql:L19@TEST_SQL[bare field in single test statement],NO,NO,NOT_OBSERVED,NO,NO_AUTHORIZED_ISOLATED_RUNTIME_VALUE_SAMPLES,docs/plans/ROUND1_FIELD_READ_WRITE_OVERVIEW_V1.0_part2.csv
F0430,teacher_overrides#10,3,READ:tests/level2-residual-integrity-transaction.sql:L18@TEST_SQL[bare field in single test statement],READ:tests/level2-residual-integrity-transaction.sql:L33@TEST_SQL[bare field in single test statement],NO,NO,NOT_OBSERVED,NO,NO_AUTHORIZED_ISOLATED_RUNTIME_VALUE_SAMPLES,docs/plans/ROUND1_FIELD_READ_WRITE_OVERVIEW_V1.0_part2.csv
F0431,teacher_overrides#11,0,,,NO,NO,NOT_OBSERVED,NO,NO_AUTHORIZED_ISOLATED_RUNTIME_VALUE_SAMPLES,docs/plans/ROUND1_FIELD_READ_WRITE_OVERVIEW_V1.0_part2.csv
F0432,teacher_overrides#12,2,READ:tests/level2-residual-integrity-transaction.sql:L33@TEST_SQL[bare field in single test statement],READ:tests/level2-residual-integrity-transaction.sql:L6@TEST_SQL[bare field in single test statement],NO,NO,NOT_OBSERVED,NO,NO_AUTHORIZED_ISOLATED_RUNTIME_VALUE_SAMPLES,docs/plans/ROUND1_FIELD_READ_WRITE_OVERVIEW_V1.0_part2.csv
