source_global_id,source_field_id,target_global_id,target_field_id,relation_class,relation_shape,evidence_location,expression_or_note,evidence_source,source_R1_disposition,target_R1_disposition,component_eligible
F0003,act6_13_event_ledger#03,F0123,runtime_events#05,SAME_NAME_SAME_STRUCTURE,STRUCTURAL_CANDIDATE,event_type|EVENT_AUDIT|event|HISTORICAL_EVENT_SNAPSHOT,same name + same domain + same scope + same temporal role,ROUND2_STRUCTURAL_PARTITIONS_V1.0.csv,RETAIN,RETAIN,YES
F0005,act6_13_event_ledger#05,F0128,runtime_events#10,SAME_NAME_SAME_STRUCTURE,STRUCTURAL_CANDIDATE,phase_key|EVENT_AUDIT|event|HISTORICAL_EVENT_SNAPSHOT,same name + same domain + same scope + same temporal role,ROUND2_STRUCTURAL_PARTITIONS_V1.0.csv,RETAIN,RETAIN,YES
F0008,act6_13_event_ledger#08,F0125,runtime_events#07,SAME_NAME_SAME_STRUCTURE,STRUCTURAL_CANDIDATE,details|EVENT_AUDIT|event|HISTORICAL_EVENT_SNAPSHOT,same name + same domain + same scope + same temporal role,ROUND2_STRUCTURAL_PARTITIONS_V1.0.csv,RETAIN,RETAIN,YES
F0010,asset_candidates#01,F0043,asset_events#05,TYPED_COMPUTED_DEPENDENCY,EXPRESSION_USES_TYPED_ROW_FIELD,database/025_sprint4_two_narrow_blockers.sql:27,"jsonb_build_object('asset_id',c.asset_id,'sha256',c.sha256)",phase2/M1_TYPED_ROW_FIELD_ASSIGNMENT_WITNESSES_V1.0.json,EXCLUDE_TECHNICAL,RETAIN,NO
F0011,asset_candidates#02,F0040,asset_events#02,EXACT_TYPED_COPY,EXACT_VALUE_FROM_TYPED_ROW_FIELD,database/025_sprint4_two_narrow_blockers.sql:27,c.asset_key,phase2/M1_TYPED_ROW_FIELD_ASSIGNMENT_WITNESSES_V1.0.json,RETAIN,RETAIN,YES
F0011,asset_candidates#02,F0040,asset_events#02,EXACT_TYPED_COPY,EXACT_VALUE_FROM_TYPED_ROW_FIELD,database/019_sprint4_teacher_authority_correction.sql:66,c.asset_key,phase2/M1_TYPED_ROW_FIELD_ASSIGNMENT_WITNESSES_V1.0.json,RETAIN,RETAIN,YES
F0012,asset_candidates#03,F0042,asset_events#04,EXACT_TYPED_COPY,EXACT_VALUE_FROM_TYPED_ROW_FIELD,database/025_sprint4_two_narrow_blockers.sql:27,c.version,phase2/M1_TYPED_ROW_FIELD_ASSIGNMENT_WITNESSES_V1.0.json,RETAIN,RETAIN,YES
F0012,asset_candidates#03,F0042,asset_events#04,EXACT_TYPED_COPY,EXACT_VALUE_FROM_TYPED_ROW_FIELD,database/019_sprint4_teacher_authority_correction.sql:66,c.version,phase2/M1_TYPED_ROW_FIELD_ASSIGNMENT_WITNESSES_V1.0.json,RETAIN,RETAIN,YES
F0037,asset_candidates#28,F0043,asset_events#05,TYPED_COMPUTED_DEPENDENCY,EXPRESSION_USES_TYPED_ROW_FIELD,database/025_sprint4_two_narrow_blockers.sql:27,"jsonb_build_object('asset_id',c.asset_id,'sha256',c.sha256)",phase2/M1_TYPED_ROW_FIELD_ASSIGNMENT_WITNESSES_V1.0.json,RETAIN,RETAIN,YES
F0049,asset_registry_projection#01,F0011,asset_candidates#02,EXACT_TYPED_COPY,EXACT_VALUE_FROM_TYPED_ROW_FIELD,database/019_sprint4_teacher_authority_correction.sql:48,r.asset_key,phase2/M1_TYPED_ROW_FIELD_ASSIGNMENT_WITNESSES_V1.0.json,RETAIN,RETAIN,YES
F0049,asset_registry_projection#01,F0040,asset_events#02,EXACT_TYPED_COPY,EXACT_VALUE_FROM_TYPED_ROW_FIELD,database/019_sprint4_teacher_authority_correction.sql:77,r.asset_key,phase2/M1_TYPED_ROW_FIELD_ASSIGNMENT_WITNESSES_V1.0.json,RETAIN,RETAIN,YES
F0049,asset_registry_projection#01,F0040,asset_events#02,EXACT_TYPED_COPY,EXACT_VALUE_FROM_TYPED_ROW_FIELD,database/019_sprint4_teacher_authority_correction.sql:50,r.asset_key,phase2/M1_TYPED_ROW_FIELD_ASSIGNMENT_WITNESSES_V1.0.json,RETAIN,RETAIN,YES
F0052,asset_registry_projection#04,F0013,asset_candidates#04,EXACT_TYPED_COPY,EXACT_VALUE_FROM_TYPED_ROW_FIELD,database/019_sprint4_teacher_authority_correction.sql:48,r.asset_type,phase2/M1_TYPED_ROW_FIELD_ASSIGNMENT_WITNESSES_V1.0.json,RETAIN,RETAIN,YES
F0052,asset_registry_projection#04,F0013,asset_candidates#04,EXACT_TYPED_COPY,EXACT_VALUE_FROM_TYPED_ROW_FIELD,database/025_sprint4_two_narrow_blockers.sql:25,r.asset_type,phase2/M1_TYPED_ROW_FIELD_ASSIGNMENT_WITNESSES_V1.0.json,RETAIN,RETAIN,YES
F0056,asset_registry_projection#08,F0042,asset_events#04,EXACT_TYPED_COPY,EXACT_VALUE_FROM_TYPED_ROW_FIELD,database/019_sprint4_teacher_authority_correction.sql:77,r.active_version,phase2/M1_TYPED_ROW_FIELD_ASSIGNMENT_WITNESSES_V1.0.json,RETAIN,RETAIN,YES
F0057,asset_registry_projection#09,F0035,asset_candidates#26,EXACT_TYPED_COPY,EXACT_VALUE_FROM_TYPED_ROW_FIELD,database/019_sprint4_teacher_authority_correction.sql:48,r.continuity_refs,phase2/M1_TYPED_ROW_FIELD_ASSIGNMENT_WITNESSES_V1.0.json,RETAIN,RETAIN,YES
F0057,asset_registry_projection#09,F0035,asset_candidates#26,EXACT_TYPED_COPY,EXACT_VALUE_FROM_TYPED_ROW_FIELD,database/025_sprint4_two_narrow_blockers.sql:25,r.continuity_refs,phase2/M1_TYPED_ROW_FIELD_ASSIGNMENT_WITNESSES_V1.0.json,RETAIN,RETAIN,YES
F0058,asset_registry_projection#10,F0025,asset_candidates#16,EXACT_TYPED_COPY,EXACT_VALUE_FROM_TYPED_ROW_FIELD,database/019_sprint4_teacher_authority_correction.sql:48,r.paired_asset_group,phase2/M1_TYPED_ROW_FIELD_ASSIGNMENT_WITNESSES_V1.0.json,RETAIN,RETAIN,YES
F0058,asset_registry_projection#10,F0025,asset_candidates#16,EXACT_TYPED_COPY,EXACT_VALUE_FROM_TYPED_ROW_FIELD,database/025_sprint4_two_narrow_blockers.sql:25,r.paired_asset_group,phase2/M1_TYPED_ROW_FIELD_ASSIGNMENT_WITNESSES_V1.0.json,RETAIN,RETAIN,YES
F0059,asset_registry_projection#11,F0036,asset_candidates#27,EXACT_TYPED_COPY,EXACT_VALUE_FROM_TYPED_ROW_FIELD,database/019_sprint4_teacher_authority_correction.sql:48,r.required_anchors,phase2/M1_TYPED_ROW_FIELD_ASSIGNMENT_WITNESSES_V1.0.json,RETAIN,RETAIN,YES
F0059,asset_registry_projection#11,F0036,asset_candidates#27,EXACT_TYPED_COPY,EXACT_VALUE_FROM_TYPED_ROW_FIELD,database/025_sprint4_two_narrow_blockers.sql:25,r.required_anchors,phase2/M1_TYPED_ROW_FIELD_ASSIGNMENT_WITNESSES_V1.0.json,RETAIN,RETAIN,YES
F0073,discussion_sessions#01,F0008,act6_13_event_ledger#08,TYPED_COMPUTED_DEPENDENCY,EXPRESSION_USES_TYPED_ROW_FIELD,database/037_level3_independent_audit_closure.sql:151,"jsonb_build_object('discussion_session_id',d.discussion_session_id,'from_phase',s.phase_key)",phase2/M1_TYPED_ROW_FIELD_ASSIGNMENT_WITNESSES_V1.0.json,CONTEXT_ONLY,RETAIN,NO
F0073,discussion_sessions#01,F0065,dialogue_messages#03,EXACT_TYPED_COPY,EXACT_VALUE_FROM_TYPED_ROW_FIELD,database/002_runtime_runs_discussion.sql:586,v_session.discussion_session_id,phase2/M1_TYPED_ROW_FIELD_ASSIGNMENT_WITNESSES_V1.0.json,CONTEXT_ONLY,CONTEXT_ONLY,NO
F0073,discussion_sessions#01,F0065,dialogue_messages#03,EXACT_TYPED_COPY,EXACT_VALUE_FROM_TYPED_ROW_FIELD,database/013_sprint3b_discussion_authority_and_request_identity.sql:246,v_session.discussion_session_id,phase2/M1_TYPED_ROW_FIELD_ASSIGNMENT_WITNESSES_V1.0.json,CONTEXT_ONLY,CONTEXT_ONLY,NO
F0073,discussion_sessions#01,F0065,dialogue_messages#03,EXACT_TYPED_COPY,EXACT_VALUE_FROM_TYPED_ROW_FIELD,database/030_sprint5_exact_session_messages.sql:12,ds.discussion_session_id,phase2/M1_TYPED_ROW_FIELD_ASSIGNMENT_WITNESSES_V1.0.json,CONTEXT_ONLY,CONTEXT_ONLY,NO
F0073,discussion_sessions#01,F0065,dialogue_messages#03,EXACT_TYPED_COPY,EXACT_VALUE_FROM_TYPED_ROW_FIELD,database/035_sprint6_focused_audit_corrections.sql:40,d.discussion_session_id,phase2/M1_TYPED_ROW_FIELD_ASSIGNMENT_WITNESSES_V1.0.json,CONTEXT_ONLY,CONTEXT_ONLY,NO
F0073,discussion_sessions#01,F0085,discussion_sessions#13,TYPED_COMPUTED_DEPENDENCY,EXPRESSION_USES_TYPED_ROW_FIELD,database/035_sprint6_focused_audit_corrections.sql:42,"jsonb_build_object('type','discussion_complete')where discussion_session_id=d.discussion_session_id",phase2/M1_TYPED_ROW_FIELD_ASSIGNMENT_WITNESSES_V1.0.json,CONTEXT_ONLY,RETAIN,NO
F0073,discussion_sessions#01,F0137,runtime_player_decisions#03,EXACT_TYPED_COPY,EXACT_VALUE_FROM_TYPED_ROW_FIELD,database/004_sprint2_fallback_resolution_semantics.sql:55,v_session.discussion_session_id,phase2/M1_TYPED_ROW_FIELD_ASSIGNMENT_WITNESSES_V1.0.json,CONTEXT_ONLY,CONTEXT_ONLY,NO
F0073,discussion_sessions#01,F0137,runtime_player_decisions#03,EXACT_TYPED_COPY,EXACT_VALUE_FROM_TYPED_ROW_FIELD,database/013_sprint3b_discussion_authority_and_request_identity.sql:327,v_session.discussion_session_id,phase2/M1_TYPED_ROW_FIELD_ASSIGNMENT_WITNESSES_V1.0.json,CONTEXT_ONLY,CONTEXT_ONLY,NO
F0075,discussion_sessions#03,F0066,dialogue_messages#04,EXACT_TYPED_COPY,EXACT_VALUE_FROM_TYPED_ROW_FIELD,database/002_runtime_runs_discussion.sql:586,v_session.scene_id,phase2/M1_TYPED_ROW_FIELD_ASSIGNMENT_WITNESSES_V1.0.json,RETAIN,RETAIN,YES
F0075,discussion_sessions#03,F0066,dialogue_messages#04,EXACT_TYPED_COPY,EXACT_VALUE_FROM_TYPED_ROW_FIELD,database/013_sprint3b_discussion_authority_and_request_identity.sql:246,v_session.scene_id,phase2/M1_TYPED_ROW_FIELD_ASSIGNMENT_WITNESSES_V1.0.json,RETAIN,RETAIN,YES
F0075,discussion_sessions#03,F0066,dialogue_messages#04,EXACT_TYPED_COPY,EXACT_VALUE_FROM_TYPED_ROW_FIELD,database/030_sprint5_exact_session_messages.sql:12,ds.scene_id,phase2/M1_TYPED_ROW_FIELD_ASSIGNMENT_WITNESSES_V1.0.json,RETAIN,RETAIN,YES
F0075,discussion_sessions#03,F0066,dialogue_messages#04,EXACT_TYPED_COPY,EXACT_VALUE_FROM_TYPED_ROW_FIELD,database/035_sprint6_focused_audit_corrections.sql:40,d.scene_id,phase2/M1_TYPED_ROW_FIELD_ASSIGNMENT_WITNESSES_V1.0.json,RETAIN,RETAIN,YES
F0075,discussion_sessions#03,F0127,runtime_events#09,DIRECT_COPY_IF_TARGET_NULL,COPY_LIKE,L56-L64,d.scene_id,M1_DIRECT_LINEAGE_FACTS_V1.0.csv,RETAIN,RETAIN,YES
F0075,discussion_sessions#03,F0138,runtime_player_decisions#04,EXACT_TYPED_COPY,EXACT_VALUE_FROM_TYPED_ROW_FIELD,database/004_sprint2_fallback_resolution_semantics.sql:55,v_session.scene_id,phase2/M1_TYPED_ROW_FIELD_ASSIGNMENT_WITNESSES_V1.0.json,RETAIN,RETAIN,YES
F0075,discussion_sessions#03,F0138,runtime_player_decisions#04,EXACT_TYPED_COPY,EXACT_VALUE_FROM_TYPED_ROW_FIELD,database/013_sprint3b_discussion_authority_and_request_identity.sql:327,v_session.scene_id,phase2/M1_TYPED_ROW_FIELD_ASSIGNMENT_WITNESSES_V1.0.json,RETAIN,RETAIN,YES
F0076,discussion_sessions#04,F0067,dialogue_messages#05,EXACT_TYPED_COPY,EXACT_VALUE_FROM_TYPED_ROW_FIELD,database/002_runtime_runs_discussion.sql:586,v_session.phase_key,phase2/M1_TYPED_ROW_FIELD_ASSIGNMENT_WITNESSES_V1.0.json,RETAIN,RETAIN,YES
F0076,discussion_sessions#04,F0067,dialogue_messages#05,EXACT_TYPED_COPY,EXACT_VALUE_FROM_TYPED_ROW_FIELD,database/013_sprint3b_discussion_authority_and_request_identity.sql:246,v_session.phase_key,phase2/M1_TYPED_ROW_FIELD_ASSIGNMENT_WITNESSES_V1.0.json,RETAIN,RETAIN,YES
F0076,discussion_sessions#04,F0067,dialogue_messages#05,EXACT_TYPED_COPY,EXACT_VALUE_FROM_TYPED_ROW_FIELD,database/030_sprint5_exact_session_messages.sql:12,ds.phase_key,phase2/M1_TYPED_ROW_FIELD_ASSIGNMENT_WITNESSES_V1.0.json,RETAIN,RETAIN,YES
F0076,discussion_sessions#04,F0067,dialogue_messages#05,EXACT_TYPED_COPY,EXACT_VALUE_FROM_TYPED_ROW_FIELD,database/035_sprint6_focused_audit_corrections.sql:40,d.phase_key,phase2/M1_TYPED_ROW_FIELD_ASSIGNMENT_WITNESSES_V1.0.json,RETAIN,RETAIN,YES
F0076,discussion_sessions#04,F0128,runtime_events#10,DIRECT_COPY_IF_TARGET_NULL,COPY_LIKE,L56-L64,d.phase_key,M1_DIRECT_LINEAGE_FACTS_V1.0.csv,RETAIN,RETAIN,YES
F0076,discussion_sessions#04,F0139,runtime_player_decisions#05,EXACT_TYPED_COPY,EXACT_VALUE_FROM_TYPED_ROW_FIELD,database/004_sprint2_fallback_resolution_semantics.sql:55,v_session.phase_key,phase2/M1_TYPED_ROW_FIELD_ASSIGNMENT_WITNESSES_V1.0.json,RETAIN,RETAIN,YES
F0076,discussion_sessions#04,F0139,runtime_player_decisions#05,EXACT_TYPED_COPY,EXACT_VALUE_FROM_TYPED_ROW_FIELD,database/013_sprint3b_discussion_authority_and_request_identity.sql:327,v_session.phase_key,phase2/M1_TYPED_ROW_FIELD_ASSIGNMENT_WITNESSES_V1.0.json,RETAIN,RETAIN,YES
F0077,discussion_sessions#05,F0068,dialogue_messages#06,EXACT_TYPED_COPY,EXACT_VALUE_FROM_TYPED_ROW_FIELD,database/002_runtime_runs_discussion.sql:586,v_session.step_key,phase2/M1_TYPED_ROW_FIELD_ASSIGNMENT_WITNESSES_V1.0.json,RETAIN,RETAIN,YES
F0077,discussion_sessions#05,F0068,dialogue_messages#06,EXACT_TYPED_COPY,EXACT_VALUE_FROM_TYPED_ROW_FIELD,database/013_sprint3b_discussion_authority_and_request_identity.sql:246,v_session.step_key,phase2/M1_TYPED_ROW_FIELD_ASSIGNMENT_WITNESSES_V1.0.json,RETAIN,RETAIN,YES
F0077,discussion_sessions#05,F0068,dialogue_messages#06,EXACT_TYPED_COPY,EXACT_VALUE_FROM_TYPED_ROW_FIELD,database/030_sprint5_exact_session_messages.sql:12,ds.step_key,phase2/M1_TYPED_ROW_FIELD_ASSIGNMENT_WITNESSES_V1.0.json,RETAIN,RETAIN,YES
F0077,discussion_sessions#05,F0068,dialogue_messages#06,EXACT_TYPED_COPY,EXACT_VALUE_FROM_TYPED_ROW_FIELD,database/035_sprint6_focused_audit_corrections.sql:40,d.step_key,phase2/M1_TYPED_ROW_FIELD_ASSIGNMENT_WITNESSES_V1.0.json,RETAIN,RETAIN,YES
F0077,discussion_sessions#05,F0129,runtime_events#11,DIRECT_COPY_IF_TARGET_NULL,COPY_LIKE,L56-L64,d.step_key,M1_DIRECT_LINEAGE_FACTS_V1.0.csv,RETAIN,RETAIN,YES
F0077,discussion_sessions#05,F0140,runtime_player_decisions#06,EXACT_TYPED_COPY,EXACT_VALUE_FROM_TYPED_ROW_FIELD,database/004_sprint2_fallback_resolution_semantics.sql:55,v_session.step_key,phase2/M1_TYPED_ROW_FIELD_ASSIGNMENT_WITNESSES_V1.0.json,RETAIN,RETAIN,YES
F0077,discussion_sessions#05,F0140,runtime_player_decisions#06,EXACT_TYPED_COPY,EXACT_VALUE_FROM_TYPED_ROW_FIELD,database/013_sprint3b_discussion_authority_and_request_identity.sql:327,v_session.step_key,phase2/M1_TYPED_ROW_FIELD_ASSIGNMENT_WITNESSES_V1.0.json,RETAIN,RETAIN,YES
F0079,discussion_sessions#07,F0085,discussion_sessions#13,TYPED_COMPUTED_DEPENDENCY,EXPRESSION_USES_TYPED_ROW_FIELD,database/004_sprint2_fallback_resolution_semantics.sql:90,"jsonb_build_object( 'type', 'majority', 'choice_id', v_winner.choice_id, 'choice_label', v_winner.choice_label, 'votes', v_winner.votes, 'vote_round', v_session.vote_round )",phase2/M1_TYPED_ROW_FIELD_ASSIGNMENT_WITNESSES_V1.0.json,RETAIN,RETAIN,YES
F0079,discussion_sessions#07,F0085,discussion_sessions#13,TYPED_COMPUTED_DEPENDENCY,EXPRESSION_USES_TYPED_ROW_FIELD,database/004_sprint2_fallback_resolution_semantics.sql:113,"jsonb_build_object( 'type', 'no_consensus', 'message', 'NO CONSENSUS. NO ACTION.', 'vote_round', v_session.vote_round )",phase2/M1_TYPED_ROW_FIELD_ASSIGNMENT_WITNESSES_V1.0.json,RETAIN,RETAIN,YES
F0079,discussion_sessions#07,F0085,discussion_sessions#13,TYPED_COMPUTED_DEPENDENCY,EXPRESSION_USES_TYPED_ROW_FIELD,database/004_sprint2_fallback_resolution_semantics.sql:170,"jsonb_build_object( 'type', 'fallback', 'resolution_id', v_session.fallback_resolution, 'resolution_source', 'system_fallback', 'after_no_consensus', true, 'vote_round', v_session.vote_round )",phase2/M1_TYPED_ROW_FIELD_ASSIGNMENT_WITNESSES_V1.0.json,RETAIN,RETAIN,YES
F0079,discussion_sessions#07,F0085,discussion_sessions#13,TYPED_COMPUTED_DEPENDENCY,EXPRESSION_USES_TYPED_ROW_FIELD,database/013_sprint3b_discussion_authority_and_request_identity.sql:357,"jsonb_build_object( 'type','majority','choice_id',v_winner.choice_id, 'choice_label',v_winner.choice_label,'votes',v_winner.votes, 'vote_round',v_session.vote_round )",phase2/M1_TYPED_ROW_FIELD_ASSIGNMENT_WITNESSES_V1.0.json,RETAIN,RETAIN,YES
F0079,discussion_sessions#07,F0085,discussion_sessions#13,TYPED_COMPUTED_DEPENDENCY,EXPRESSION_USES_TYPED_ROW_FIELD,database/013_sprint3b_discussion_authority_and_request_identity.sql:380,"jsonb_build_object( 'type','no_consensus','message','NO CONSENSUS. NO ACTION.', 'vote_round',v_session.vote_round )",phase2/M1_TYPED_ROW_FIELD_ASSIGNMENT_WITNESSES_V1.0.json,RETAIN,RETAIN,YES
F0079,discussion_sessions#07,F0085,discussion_sessions#13,TYPED_COMPUTED_DEPENDENCY,EXPRESSION_USES_TYPED_ROW_FIELD,database/013_sprint3b_discussion_authority_and_request_identity.sql:430,"jsonb_build_object( 'type','fallback','resolution_id',v_session.fallback_resolution, 'resolution_source','system_fallback','after_no_consensus',true, 'vote_round',v_session.vote_round )",phase2/M1_TYPED_ROW_FIELD_ASSIGNMENT_WITNESSES_V1.0.json,RETAIN,RETAIN,YES
F0079,discussion_sessions#07,F0141,runtime_player_decisions#07,EXACT_TYPED_COPY,EXACT_VALUE_FROM_TYPED_ROW_FIELD,database/004_sprint2_fallback_resolution_semantics.sql:55,v_session.vote_round,phase2/M1_TYPED_ROW_FIELD_ASSIGNMENT_WITNESSES_V1.0.json,RETAIN,RETAIN,YES
F0079,discussion_sessions#07,F0141,runtime_player_decisions#07,EXACT_TYPED_COPY,EXACT_VALUE_FROM_TYPED_ROW_FIELD,database/013_sprint3b_discussion_authority_and_request_identity.sql:327,v_session.vote_round,phase2/M1_TYPED_ROW_FIELD_ASSIGNMENT_WITNESSES_V1.0.json,RETAIN,RETAIN,YES
F0091,discussion_sessions#19,F0083,discussion_sessions#11,TYPED_COMPUTED_DEPENDENCY,EXPRESSION_USES_TYPED_ROW_FIELD,database/004_sprint2_fallback_resolution_semantics.sql:134,"now() + make_interval(secs => coalesce(v_session.revote_window_sec, v_session.discussion_time_limit_sec))",phase2/M1_TYPED_ROW_FIELD_ASSIGNMENT_WITNESSES_V1.0.json,RETAIN,RETAIN,YES
F0091,discussion_sessions#19,F0083,discussion_sessions#11,TYPED_COMPUTED_DEPENDENCY,EXPRESSION_USES_TYPED_ROW_FIELD,database/013_sprint3b_discussion_authority_and_request_identity.sql:397,"now()+make_interval(secs=>coalesce(v_session.revote_window_sec,v_session.discussion_time_limit_sec))",phase2/M1_TYPED_ROW_FIELD_ASSIGNMENT_WITNESSES_V1.0.json,RETAIN,RETAIN,YES
F0093,discussion_sessions#21,F0085,discussion_sessions#13,TYPED_COMPUTED_DEPENDENCY,EXPRESSION_USES_TYPED_ROW_FIELD,database/004_sprint2_fallback_resolution_semantics.sql:170,"jsonb_build_object( 'type', 'fallback', 'resolution_id', v_session.fallback_resolution, 'resolution_source', 'system_fallback', 'after_no_consensus', true, 'vote_round', v_session.vote_round )",phase2/M1_TYPED_ROW_FIELD_ASSIGNMENT_WITNESSES_V1.0.json,RETAIN,RETAIN,YES
F0093,discussion_sessions#21,F0085,discussion_sessions#13,TYPED_COMPUTED_DEPENDENCY,EXPRESSION_USES_TYPED_ROW_FIELD,database/013_sprint3b_discussion_authority_and_request_identity.sql:430,"jsonb_build_object( 'type','fallback','resolution_id',v_session.fallback_resolution, 'resolution_source','system_fallback','after_no_consensus',true, 'vote_round',v_session.vote_round )",phase2/M1_TYPED_ROW_FIELD_ASSIGNMENT_WITNESSES_V1.0.json,RETAIN,RETAIN,YES
F0096,discussion_sessions#24,F0083,discussion_sessions#11,TYPED_COMPUTED_DEPENDENCY,EXPRESSION_USES_TYPED_ROW_FIELD,database/004_sprint2_fallback_resolution_semantics.sql:134,"now() + make_interval(secs => coalesce(v_session.revote_window_sec, v_session.discussion_time_limit_sec))",phase2/M1_TYPED_ROW_FIELD_ASSIGNMENT_WITNESSES_V1.0.json,RETAIN,RETAIN,YES
F0096,discussion_sessions#24,F0083,discussion_sessions#11,TYPED_COMPUTED_DEPENDENCY,EXPRESSION_USES_TYPED_ROW_FIELD,database/013_sprint3b_discussion_authority_and_request_identity.sql:397,"now()+make_interval(secs=>coalesce(v_session.revote_window_sec,v_session.discussion_time_limit_sec))",phase2/M1_TYPED_ROW_FIELD_ASSIGNMENT_WITNESSES_V1.0.json,RETAIN,RETAIN,YES
F0097,discussion_sessions#25,F0083,discussion_sessions#11,TYPED_COMPUTED_DEPENDENCY,EXPRESSION_USES_TYPED_ROW_FIELD,database/002_runtime_runs_discussion.sql:476,now() + make_interval(secs => v_session.vote_time_limit_sec),phase2/M1_TYPED_ROW_FIELD_ASSIGNMENT_WITNESSES_V1.0.json,RETAIN,RETAIN,YES
F0097,discussion_sessions#25,F0083,discussion_sessions#11,COMPUTED_FROM_CLOCK_AND_FIELD,TRANSFORM_OR_DERIVATION,L403-L405;L477-L479,now()+make_interval(secs=>v_session.vote_time_limit_sec),M1_DIRECT_LINEAGE_FACTS_V1.0.csv,RETAIN,RETAIN,YES
F0102,game_runs#01,F0002,act6_13_event_ledger#02,EXACT_TYPED_COPY,EXACT_VALUE_FROM_TYPED_ROW_FIELD,database/037_level3_independent_audit_closure.sql:174,g.run_id,phase2/M1_TYPED_ROW_FIELD_ASSIGNMENT_WITNESSES_V1.0.json,CONTEXT_ONLY,CONTEXT_ONLY,NO
F0102,game_runs#01,F0064,dialogue_messages#02,EXACT_TYPED_COPY,EXACT_VALUE_FROM_TYPED_ROW_FIELD,database/002_runtime_runs_discussion.sql:586,v_run.run_id,phase2/M1_TYPED_ROW_FIELD_ASSIGNMENT_WITNESSES_V1.0.json,CONTEXT_ONLY,CONTEXT_ONLY,NO
F0102,game_runs#01,F0064,dialogue_messages#02,EXACT_TYPED_COPY,EXACT_VALUE_FROM_TYPED_ROW_FIELD,database/013_sprint3b_discussion_authority_and_request_identity.sql:246,v_run.run_id,phase2/M1_TYPED_ROW_FIELD_ASSIGNMENT_WITNESSES_V1.0.json,CONTEXT_ONLY,CONTEXT_ONLY,NO
F0102,game_runs#01,F0064,dialogue_messages#02,EXACT_TYPED_COPY,EXACT_VALUE_FROM_TYPED_ROW_FIELD,database/030_sprint5_exact_session_messages.sql:12,g.run_id,phase2/M1_TYPED_ROW_FIELD_ASSIGNMENT_WITNESSES_V1.0.json,CONTEXT_ONLY,CONTEXT_ONLY,NO
F0102,game_runs#01,F0064,dialogue_messages#02,EXACT_TYPED_COPY,EXACT_VALUE_FROM_TYPED_ROW_FIELD,database/035_sprint6_focused_audit_corrections.sql:40,g.run_id,phase2/M1_TYPED_ROW_FIELD_ASSIGNMENT_WITNESSES_V1.0.json,CONTEXT_ONLY,CONTEXT_ONLY,NO
F0102,game_runs#01,F0120,runtime_events#02,EXACT_TYPED_COPY,EXACT_VALUE_FROM_TYPED_ROW_FIELD,database/043_sprint7_teacher_console.sql:19,g.run_id,phase2/M1_TYPED_ROW_FIELD_ASSIGNMENT_WITNESSES_V1.0.json,CONTEXT_ONLY,CONTEXT_ONLY,NO
F0102,game_runs#01,F0120,runtime_events#02,EXACT_TYPED_COPY,EXACT_VALUE_FROM_TYPED_ROW_FIELD,database/045_sprint7_teacher_intervention_provenance.sql:26,g.run_id,phase2/M1_TYPED_ROW_FIELD_ASSIGNMENT_WITNESSES_V1.0.json,CONTEXT_ONLY,CONTEXT_ONLY,NO
F0102,game_runs#01,F0120,runtime_events#02,EXACT_TYPED_COPY,EXACT_VALUE_FROM_TYPED_ROW_FIELD,database/045_sprint7_teacher_intervention_provenance.sql:32,g.run_id,phase2/M1_TYPED_ROW_FIELD_ASSIGNMENT_WITNESSES_V1.0.json,CONTEXT_ONLY,CONTEXT_ONLY,NO
F0102,game_runs#01,F0136,runtime_player_decisions#02,EXACT_TYPED_COPY,EXACT_VALUE_FROM_TYPED_ROW_FIELD,database/004_sprint2_fallback_resolution_semantics.sql:55,v_run.run_id,phase2/M1_TYPED_ROW_FIELD_ASSIGNMENT_WITNESSES_V1.0.json,CONTEXT_ONLY,CONTEXT_ONLY,NO
F0102,game_runs#01,F0136,runtime_player_decisions#02,EXACT_TYPED_COPY,EXACT_VALUE_FROM_TYPED_ROW_FIELD,database/013_sprint3b_discussion_authority_and_request_identity.sql:327,v_run.run_id,phase2/M1_TYPED_ROW_FIELD_ASSIGNMENT_WITNESSES_V1.0.json,CONTEXT_ONLY,CONTEXT_ONLY,NO
F0102,game_runs#01,F0183,s3_group_items#01,EXACT_TYPED_COPY,EXACT_VALUE_FROM_TYPED_ROW_FIELD,database/006_sprint3a_provenance_view_integrity_fix.sql:112,v_run.run_id,phase2/M1_TYPED_ROW_FIELD_ASSIGNMENT_WITNESSES_V1.0.json,CONTEXT_ONLY,CONTEXT_ONLY,NO
F0102,game_runs#01,F0183,s3_group_items#01,EXACT_TYPED_COPY,EXACT_VALUE_FROM_TYPED_ROW_FIELD,database/014_sprint3b_evidence_and_puzzle_integrity.sql:434,v_run.run_id,phase2/M1_TYPED_ROW_FIELD_ASSIGNMENT_WITNESSES_V1.0.json,CONTEXT_ONLY,CONTEXT_ONLY,NO
F0102,game_runs#01,F0183,s3_group_items#01,EXACT_TYPED_COPY,EXACT_VALUE_FROM_TYPED_ROW_FIELD,database/034_sprint6_contract_hardening.sql:13,g.run_id,phase2/M1_TYPED_ROW_FIELD_ASSIGNMENT_WITNESSES_V1.0.json,CONTEXT_ONLY,CONTEXT_ONLY,NO
F0102,game_runs#01,F0183,s3_group_items#01,EXACT_TYPED_COPY,EXACT_VALUE_FROM_TYPED_ROW_FIELD,database/035_sprint6_focused_audit_corrections.sql:49,g.run_id,phase2/M1_TYPED_ROW_FIELD_ASSIGNMENT_WITNESSES_V1.0.json,CONTEXT_ONLY,CONTEXT_ONLY,NO
F0102,game_runs#01,F0193,s3_player_item_view_state#01,EXACT_TYPED_COPY,EXACT_VALUE_FROM_TYPED_ROW_FIELD,database/006_sprint3a_provenance_view_integrity_fix.sql:111,v_run.run_id,phase2/M1_TYPED_ROW_FIELD_ASSIGNMENT_WITNESSES_V1.0.json,CONTEXT_ONLY,CONTEXT_ONLY,NO
F0102,game_runs#01,F0198,s3_player_items#01,EXACT_TYPED_COPY,EXACT_VALUE_FROM_TYPED_ROW_FIELD,database/006_sprint3a_provenance_view_integrity_fix.sql:110,v_run.run_id,phase2/M1_TYPED_ROW_FIELD_ASSIGNMENT_WITNESSES_V1.0.json,CONTEXT_ONLY,CONTEXT_ONLY,NO
F0102,game_runs#01,F0217,s3_runtime_scene_state#01,EXACT_TYPED_COPY,EXACT_VALUE_FROM_TYPED_ROW_FIELD,database/006_sprint3a_provenance_view_integrity_fix.sql:108,v_run.run_id,phase2/M1_TYPED_ROW_FIELD_ASSIGNMENT_WITNESSES_V1.0.json,CONTEXT_ONLY,CONTEXT_ONLY,NO
F0102,game_runs#01,F0228,s3_shared_photos#02,EXACT_TYPED_COPY,EXACT_VALUE_FROM_TYPED_ROW_FIELD,database/014_sprint3b_evidence_and_puzzle_integrity.sql:560,v_run.run_id,phase2/M1_TYPED_ROW_FIELD_ASSIGNMENT_WITNESSES_V1.0.json,CONTEXT_ONLY,CONTEXT_ONLY,NO
F0102,game_runs#01,F0235,s3b_library_attempts#01,EXACT_TYPED_COPY,EXACT_VALUE_FROM_TYPED_ROW_FIELD,database/014_sprint3b_evidence_and_puzzle_integrity.sql:424,v_run.run_id,phase2/M1_TYPED_ROW_FIELD_ASSIGNMENT_WITNESSES_V1.0.json,CONTEXT_ONLY,CONTEXT_ONLY,NO
F0102,game_runs#01,F0242,s3b_player_facts#01,EXACT_TYPED_COPY,EXACT_VALUE_FROM_TYPED_ROW_FIELD,database/068_package_c_authoritative_pocket_inspection.sql:54,g.run_id,phase2/M1_TYPED_ROW_FIELD_ASSIGNMENT_WITNESSES_V1.0.json,CONTEXT_ONLY,CONTEXT_ONLY,NO
F0102,game_runs#01,F0242,s3b_player_facts#01,EXACT_TYPED_COPY,EXACT_VALUE_FROM_TYPED_ROW_FIELD,database/068_package_c_authoritative_pocket_inspection.sql:57,g.run_id,phase2/M1_TYPED_ROW_FIELD_ASSIGNMENT_WITNESSES_V1.0.json,CONTEXT_ONLY,CONTEXT_ONLY,NO
F0102,game_runs#01,F0242,s3b_player_facts#01,EXACT_TYPED_COPY,EXACT_VALUE_FROM_TYPED_ROW_FIELD,database/068_package_c_authoritative_pocket_inspection.sql:31,g.run_id,phase2/M1_TYPED_ROW_FIELD_ASSIGNMENT_WITNESSES_V1.0.json,CONTEXT_ONLY,CONTEXT_ONLY,NO
F0102,game_runs#01,F0242,s3b_player_facts#01,EXACT_TYPED_COPY,EXACT_VALUE_FROM_TYPED_ROW_FIELD,database/068_package_c_authoritative_pocket_inspection.sql:34,g.run_id,phase2/M1_TYPED_ROW_FIELD_ASSIGNMENT_WITNESSES_V1.0.json,CONTEXT_ONLY,CONTEXT_ONLY,NO
F0102,game_runs#01,F0269,s3b_post_inspection_route_votes#02,EXACT_TYPED_COPY,EXACT_VALUE_FROM_TYPED_ROW_FIELD,database/014_sprint3b_evidence_and_puzzle_integrity.sql:488,v_run.run_id,phase2/M1_TYPED_ROW_FIELD_ASSIGNMENT_WITNESSES_V1.0.json,CONTEXT_ONLY,CONTEXT_ONLY,NO
F0102,game_runs#01,F0282,s3b_run_state#06,TYPED_COMPUTED_DEPENDENCY,EXPRESSION_USES_TYPED_ROW_FIELD,database/011_sprint3b_transition_and_act1_delivery_integrity.sql:103,now()+make_interval(secs=>90-p_elapsed_seconds)where run_id=g.run_id and puzzle_resolved_at is null,phase2/M1_TYPED_ROW_FIELD_ASSIGNMENT_WITNESSES_V1.0.json,CONTEXT_ONLY,RETAIN,NO
F0102,game_runs#01,F0323,s6_action_receipts#01,EXACT_TYPED_COPY,EXACT_VALUE_FROM_TYPED_ROW_FIELD,database/035_sprint6_focused_audit_corrections.sql:40,g.run_id,phase2/M1_TYPED_ROW_FIELD_ASSIGNMENT_WITNESSES_V1.0.json,CONTEXT_ONLY,CONTEXT_ONLY,NO
F0102,game_runs#01,F0323,s6_action_receipts#01,EXACT_TYPED_COPY,EXACT_VALUE_FROM_TYPED_ROW_FIELD,database/035_sprint6_focused_audit_corrections.sql:55,g.run_id,phase2/M1_TYPED_ROW_FIELD_ASSIGNMENT_WITNESSES_V1.0.json,CONTEXT_ONLY,CONTEXT_ONLY,NO
F0102,game_runs#01,F0323,s6_action_receipts#01,EXACT_TYPED_COPY,EXACT_VALUE_FROM_TYPED_ROW_FIELD,database/035_sprint6_focused_audit_corrections.sql:57,g.run_id,phase2/M1_TYPED_ROW_FIELD_ASSIGNMENT_WITNESSES_V1.0.json,CONTEXT_ONLY,CONTEXT_ONLY,NO
F0102,game_runs#01,F0323,s6_action_receipts#01,EXACT_TYPED_COPY,EXACT_VALUE_FROM_TYPED_ROW_FIELD,database/035_sprint6_focused_audit_corrections.sql:59,g.run_id,phase2/M1_TYPED_ROW_FIELD_ASSIGNMENT_WITNESSES_V1.0.json,CONTEXT_ONLY,CONTEXT_ONLY,NO
F0102,game_runs#01,F0323,s6_action_receipts#01,EXACT_TYPED_COPY,EXACT_VALUE_FROM_TYPED_ROW_FIELD,database/035_sprint6_focused_audit_corrections.sql:61,g.run_id,phase2/M1_TYPED_ROW_FIELD_ASSIGNMENT_WITNESSES_V1.0.json,CONTEXT_ONLY,CONTEXT_ONLY,NO
F0102,game_runs#01,F0323,s6_action_receipts#01,EXACT_TYPED_COPY,EXACT_VALUE_FROM_TYPED_ROW_FIELD,database/035_sprint6_focused_audit_corrections.sql:63,g.run_id,phase2/M1_TYPED_ROW_FIELD_ASSIGNMENT_WITNESSES_V1.0.json,CONTEXT_ONLY,CONTEXT_ONLY,NO
F0102,game_runs#01,F0323,s6_action_receipts#01,EXACT_TYPED_COPY,EXACT_VALUE_FROM_TYPED_ROW_FIELD,database/035_sprint6_focused_audit_corrections.sql:67,g.run_id,phase2/M1_TYPED_ROW_FIELD_ASSIGNMENT_WITNESSES_V1.0.json,CONTEXT_ONLY,CONTEXT_ONLY,NO
F0102,game_runs#01,F0323,s6_action_receipts#01,EXACT_TYPED_COPY,EXACT_VALUE_FROM_TYPED_ROW_FIELD,database/036_sprint6_four_open_findings.sql:16,g.run_id,phase2/M1_TYPED_ROW_FIELD_ASSIGNMENT_WITNESSES_V1.0.json,CONTEXT_ONLY,CONTEXT_ONLY,NO
F0102,game_runs#01,F0323,s6_action_receipts#01,EXACT_TYPED_COPY,EXACT_VALUE_FROM_TYPED_ROW_FIELD,database/036_sprint6_four_open_findings.sql:25,g.run_id,phase2/M1_TYPED_ROW_FIELD_ASSIGNMENT_WITNESSES_V1.0.json,CONTEXT_ONLY,CONTEXT_ONLY,NO
F0102,game_runs#01,F0331,s6_allocation_attempts#02,EXACT_TYPED_COPY,EXACT_VALUE_FROM_TYPED_ROW_FIELD,database/035_sprint6_focused_audit_corrections.sql:61,g.run_id,phase2/M1_TYPED_ROW_FIELD_ASSIGNMENT_WITNESSES_V1.0.json,CONTEXT_ONLY,CONTEXT_ONLY,NO
F0102,game_runs#01,F0337,s6_allocations#01,EXACT_TYPED_COPY,EXACT_VALUE_FROM_TYPED_ROW_FIELD,database/034_sprint6_contract_hardening.sql:23,g.run_id,phase2/M1_TYPED_ROW_FIELD_ASSIGNMENT_WITNESSES_V1.0.json,CONTEXT_ONLY,CONTEXT_ONLY,NO
F0102,game_runs#01,F0337,s6_allocations#01,EXACT_TYPED_COPY,EXACT_VALUE_FROM_TYPED_ROW_FIELD,database/035_sprint6_focused_audit_corrections.sql:61,g.run_id,phase2/M1_TYPED_ROW_FIELD_ASSIGNMENT_WITNESSES_V1.0.json,CONTEXT_ONLY,CONTEXT_ONLY,NO
F0102,game_runs#01,F0362,s6_engagements#01,EXACT_TYPED_COPY,EXACT_VALUE_FROM_TYPED_ROW_FIELD,database/035_sprint6_focused_audit_corrections.sql:65,g.run_id,phase2/M1_TYPED_ROW_FIELD_ASSIGNMENT_WITNESSES_V1.0.json,CONTEXT_ONLY,CONTEXT_ONLY,NO
F0102,game_runs#01,F0362,s6_engagements#01,EXACT_TYPED_COPY,EXACT_VALUE_FROM_TYPED_ROW_FIELD,database/035_sprint6_focused_audit_corrections.sql:67,g.run_id,phase2/M1_TYPED_ROW_FIELD_ASSIGNMENT_WITNESSES_V1.0.json,CONTEXT_ONLY,CONTEXT_ONLY,NO
F0102,game_runs#01,F0389,s6_run_state#18,TYPED_COMPUTED_DEPENDENCY,EXPRESSION_USES_TYPED_ROW_FIELD,database/033_sprint6_act9_13_runtime.sql:35,now()where run_id=g.run_id and phase_key='act9_discussion',phase2/M1_TYPED_ROW_FIELD_ASSIGNMENT_WITNESSES_V1.0.json,CONTEXT_ONLY,EXCLUDE_TECHNICAL,NO
F0102,game_runs#01,F0389,s6_run_state#18,TYPED_COMPUTED_DEPENDENCY,EXPRESSION_USES_TYPED_ROW_FIELD,database/034_sprint6_contract_hardening.sql:11,now()where run_id=g.run_id,phase2/M1_TYPED_ROW_FIELD_ASSIGNMENT_WITNESSES_V1.0.json,CONTEXT_ONLY,EXCLUDE_TECHNICAL,NO
F0102,game_runs#01,F0389,s6_run_state#18,TYPED_COMPUTED_DEPENDENCY,EXPRESSION_USES_TYPED_ROW_FIELD,database/034_sprint6_contract_hardening.sql:13,now()where run_id=g.run_id,phase2/M1_TYPED_ROW_FIELD_ASSIGNMENT_WITNESSES_V1.0.json,CONTEXT_ONLY,EXCLUDE_TECHNICAL,NO
F0102,game_runs#01,F0389,s6_run_state#18,TYPED_COMPUTED_DEPENDENCY,EXPRESSION_USES_TYPED_ROW_FIELD,database/034_sprint6_contract_hardening.sql:15,now()where run_id=g.run_id,phase2/M1_TYPED_ROW_FIELD_ASSIGNMENT_WITNESSES_V1.0.json,CONTEXT_ONLY,EXCLUDE_TECHNICAL,NO
F0102,game_runs#01,F0389,s6_run_state#18,TYPED_COMPUTED_DEPENDENCY,EXPRESSION_USES_TYPED_ROW_FIELD,database/034_sprint6_contract_hardening.sql:16,now()where run_id=g.run_id,phase2/M1_TYPED_ROW_FIELD_ASSIGNMENT_WITNESSES_V1.0.json,CONTEXT_ONLY,EXCLUDE_TECHNICAL,NO
F0102,game_runs#01,F0389,s6_run_state#18,TYPED_COMPUTED_DEPENDENCY,EXPRESSION_USES_TYPED_ROW_FIELD,database/034_sprint6_contract_hardening.sql:17,now()where run_id=g.run_id,phase2/M1_TYPED_ROW_FIELD_ASSIGNMENT_WITNESSES_V1.0.json,CONTEXT_ONLY,EXCLUDE_TECHNICAL,NO
F0102,game_runs#01,F0389,s6_run_state#18,TYPED_COMPUTED_DEPENDENCY,EXPRESSION_USES_TYPED_ROW_FIELD,database/034_sprint6_contract_hardening.sql:20,now()where run_id=g.run_id,phase2/M1_TYPED_ROW_FIELD_ASSIGNMENT_WITNESSES_V1.0.json,CONTEXT_ONLY,EXCLUDE_TECHNICAL,NO
F0102,game_runs#01,F0389,s6_run_state#18,TYPED_COMPUTED_DEPENDENCY,EXPRESSION_USES_TYPED_ROW_FIELD,database/034_sprint6_contract_hardening.sql:23,now()where run_id=g.run_id,phase2/M1_TYPED_ROW_FIELD_ASSIGNMENT_WITNESSES_V1.0.json,CONTEXT_ONLY,EXCLUDE_TECHNICAL,NO
F0102,game_runs#01,F0389,s6_run_state#18,TYPED_COMPUTED_DEPENDENCY,EXPRESSION_USES_TYPED_ROW_FIELD,database/035_sprint6_focused_audit_corrections.sql:65,now()where run_id=g.run_id,phase2/M1_TYPED_ROW_FIELD_ASSIGNMENT_WITNESSES_V1.0.json,CONTEXT_ONLY,EXCLUDE_TECHNICAL,NO
F0102,game_runs#01,F0389,s6_run_state#18,TYPED_COMPUTED_DEPENDENCY,EXPRESSION_USES_TYPED_ROW_FIELD,database/035_sprint6_focused_audit_corrections.sql:42,now()where run_id=g.run_id,phase2/M1_TYPED_ROW_FIELD_ASSIGNMENT_WITNESSES_V1.0.json,CONTEXT_ONLY,EXCLUDE_TECHNICAL,NO
F0102,game_runs#01,F0389,s6_run_state#18,TYPED_COMPUTED_DEPENDENCY,EXPRESSION_USES_TYPED_ROW_FIELD,database/035_sprint6_focused_audit_corrections.sql:47,now()where run_id=g.run_id,phase2/M1_TYPED_ROW_FIELD_ASSIGNMENT_WITNESSES_V1.0.json,CONTEXT_ONLY,EXCLUDE_TECHNICAL,NO
F0102,game_runs#01,F0389,s6_run_state#18,TYPED_COMPUTED_DEPENDENCY,EXPRESSION_USES_TYPED_ROW_FIELD,database/035_sprint6_focused_audit_corrections.sql:49,now()where run_id=g.run_id,phase2/M1_TYPED_ROW_FIELD_ASSIGNMENT_WITNESSES_V1.0.json,CONTEXT_ONLY,EXCLUDE_TECHNICAL,NO
F0102,game_runs#01,F0389,s6_run_state#18,TYPED_COMPUTED_DEPENDENCY,EXPRESSION_USES_TYPED_ROW_FIELD,database/035_sprint6_focused_audit_corrections.sql:51,now()where run_id=g.run_id,phase2/M1_TYPED_ROW_FIELD_ASSIGNMENT_WITNESSES_V1.0.json,CONTEXT_ONLY,EXCLUDE_TECHNICAL,NO
F0102,game_runs#01,F0389,s6_run_state#18,TYPED_COMPUTED_DEPENDENCY,EXPRESSION_USES_TYPED_ROW_FIELD,database/035_sprint6_focused_audit_corrections.sql:52,now()where run_id=g.run_id,phase2/M1_TYPED_ROW_FIELD_ASSIGNMENT_WITNESSES_V1.0.json,CONTEXT_ONLY,EXCLUDE_TECHNICAL,NO
F0102,game_runs#01,F0389,s6_run_state#18,TYPED_COMPUTED_DEPENDENCY,EXPRESSION_USES_TYPED_ROW_FIELD,database/035_sprint6_focused_audit_corrections.sql:53,now()where run_id=g.run_id,phase2/M1_TYPED_ROW_FIELD_ASSIGNMENT_WITNESSES_V1.0.json,CONTEXT_ONLY,EXCLUDE_TECHNICAL,NO
F0102,game_runs#01,F0389,s6_run_state#18,TYPED_COMPUTED_DEPENDENCY,EXPRESSION_USES_TYPED_ROW_FIELD,database/035_sprint6_focused_audit_corrections.sql:54,now()where run_id=g.run_id,phase2/M1_TYPED_ROW_FIELD_ASSIGNMENT_WITNESSES_V1.0.json,CONTEXT_ONLY,EXCLUDE_TECHNICAL,NO
F0102,game_runs#01,F0389,s6_run_state#18,TYPED_COMPUTED_DEPENDENCY,EXPRESSION_USES_TYPED_ROW_FIELD,database/035_sprint6_focused_audit_corrections.sql:57,now()where run_id=g.run_id,phase2/M1_TYPED_ROW_FIELD_ASSIGNMENT_WITNESSES_V1.0.json,CONTEXT_ONLY,EXCLUDE_TECHNICAL,NO
F0102,game_runs#01,F0389,s6_run_state#18,TYPED_COMPUTED_DEPENDENCY,EXPRESSION_USES_TYPED_ROW_FIELD,database/035_sprint6_focused_audit_corrections.sql:59,now()where run_id=g.run_id,phase2/M1_TYPED_ROW_FIELD_ASSIGNMENT_WITNESSES_V1.0.json,CONTEXT_ONLY,EXCLUDE_TECHNICAL,NO
F0102,game_runs#01,F0389,s6_run_state#18,TYPED_COMPUTED_DEPENDENCY,EXPRESSION_USES_TYPED_ROW_FIELD,database/035_sprint6_focused_audit_corrections.sql:61,now()where run_id=g.run_id,phase2/M1_TYPED_ROW_FIELD_ASSIGNMENT_WITNESSES_V1.0.json,CONTEXT_ONLY,EXCLUDE_TECHNICAL,NO
F0102,game_runs#01,F0389,s6_run_state#18,TYPED_COMPUTED_DEPENDENCY,EXPRESSION_USES_TYPED_ROW_FIELD,database/035_sprint6_focused_audit_corrections.sql:67,now()where run_id=g.run_id,phase2/M1_TYPED_ROW_FIELD_ASSIGNMENT_WITNESSES_V1.0.json,CONTEXT_ONLY,EXCLUDE_TECHNICAL,NO
F0102,game_runs#01,F0395,s6_station_b_progress#01,EXACT_TYPED_COPY,EXACT_VALUE_FROM_TYPED_ROW_FIELD,database/036_sprint6_four_open_findings.sql:25,g.run_id,phase2/M1_TYPED_ROW_FIELD_ASSIGNMENT_WITNESSES_V1.0.json,CONTEXT_ONLY,CONTEXT_ONLY,NO
F0102,game_runs#01,F0399,s6_station_b_progress#05,TYPED_COMPUTED_DEPENDENCY,EXPRESSION_USES_TYPED_ROW_FIELD,database/036_sprint6_four_open_findings.sql:25,now()where run_id=g.run_id,phase2/M1_TYPED_ROW_FIELD_ASSIGNMENT_WITNESSES_V1.0.json,CONTEXT_ONLY,RETAIN,NO
F0102,game_runs#01,F0400,s6_station_tasks#01,EXACT_TYPED_COPY,EXACT_VALUE_FROM_TYPED_ROW_FIELD,database/035_sprint6_focused_audit_corrections.sql:63,g.run_id,phase2/M1_TYPED_ROW_FIELD_ASSIGNMENT_WITNESSES_V1.0.json,CONTEXT_ONLY,CONTEXT_ONLY,NO
F0102,game_runs#01,F0400,s6_station_tasks#01,EXACT_TYPED_COPY,EXACT_VALUE_FROM_TYPED_ROW_FIELD,database/036_sprint6_four_open_findings.sql:25,g.run_id,phase2/M1_TYPED_ROW_FIELD_ASSIGNMENT_WITNESSES_V1.0.json,CONTEXT_ONLY,CONTEXT_ONLY,NO
F0102,game_runs#01,F0411,s9_pocket_item_inspections#01,EXACT_TYPED_COPY,EXACT_VALUE_FROM_TYPED_ROW_FIELD,database/068_package_c_authoritative_pocket_inspection.sql:25,g.run_id,phase2/M1_TYPED_ROW_FIELD_ASSIGNMENT_WITNESSES_V1.0.json,CONTEXT_ONLY,CONTEXT_ONLY,NO
F0122,runtime_events#04,F0133,runtime_events#15,DIRECT_COPY_IF_TARGET_NULL,COPY_LIKE,L63-L64,e.discussion_session_id,M1_DIRECT_LINEAGE_FACTS_V1.0.csv,CONTEXT_ONLY,RETAIN,NO
F0124,runtime_events#06,F0130,runtime_events#12,COMPUTED_FROM_FIELD_IF_TARGET_NULL,TRANSFORM_OR_DERIVATION,L59-L67,case when e.actor_player_id is null then 'server' else 'player' end,M1_DIRECT_LINEAGE_FACTS_V1.0.csv,RETAIN,RETAIN,YES
F0125,runtime_events#07,F0132,runtime_events#14,COMPUTED_FROM_JSON_IF_TARGET_NULL,TRANSFORM_OR_DERIVATION,L61-L63,(e.details->>'behavior_scoring')::boolean,M1_DIRECT_LINEAGE_FACTS_V1.0.csv,RETAIN,RETAIN,YES
F0163,s1_room_players#01,F0007,act6_13_event_ledger#07,EXACT_TYPED_COPY,EXACT_VALUE_FROM_TYPED_ROW_FIELD,database/037_level3_independent_audit_closure.sql:174,p.player_id,phase2/M1_TYPED_ROW_FIELD_ASSIGNMENT_WITNESSES_V1.0.json,CONTEXT_ONLY,CONTEXT_ONLY,NO
F0163,s1_room_players#01,F0069,dialogue_messages#07,EXACT_TYPED_COPY,EXACT_VALUE_FROM_TYPED_ROW_FIELD,database/002_runtime_runs_discussion.sql:586,v_player.player_id,phase2/M1_TYPED_ROW_FIELD_ASSIGNMENT_WITNESSES_V1.0.json,CONTEXT_ONLY,CONTEXT_ONLY,NO
F0163,s1_room_players#01,F0069,dialogue_messages#07,EXACT_TYPED_COPY,EXACT_VALUE_FROM_TYPED_ROW_FIELD,database/013_sprint3b_discussion_authority_and_request_identity.sql:246,v_player.player_id,phase2/M1_TYPED_ROW_FIELD_ASSIGNMENT_WITNESSES_V1.0.json,CONTEXT_ONLY,CONTEXT_ONLY,NO
F0163,s1_room_players#01,F0069,dialogue_messages#07,EXACT_TYPED_COPY,EXACT_VALUE_FROM_TYPED_ROW_FIELD,database/030_sprint5_exact_session_messages.sql:12,p.player_id,phase2/M1_TYPED_ROW_FIELD_ASSIGNMENT_WITNESSES_V1.0.json,CONTEXT_ONLY,CONTEXT_ONLY,NO
F0163,s1_room_players#01,F0069,dialogue_messages#07,EXACT_TYPED_COPY,EXACT_VALUE_FROM_TYPED_ROW_FIELD,database/035_sprint6_focused_audit_corrections.sql:40,p.player_id,phase2/M1_TYPED_ROW_FIELD_ASSIGNMENT_WITNESSES_V1.0.json,CONTEXT_ONLY,CONTEXT_ONLY,NO
F0163,s1_room_players#01,F0124,runtime_events#06,EXACT_TYPED_COPY,EXACT_VALUE_FROM_TYPED_ROW_FIELD,database/049_sprint8_final_closure.sql:170,p.player_id,phase2/M1_TYPED_ROW_FIELD_ASSIGNMENT_WITNESSES_V1.0.json,CONTEXT_ONLY,RETAIN,NO
F0163,s1_room_players#01,F0142,runtime_player_decisions#08,EXACT_TYPED_COPY,EXACT_VALUE_FROM_TYPED_ROW_FIELD,database/004_sprint2_fallback_resolution_semantics.sql:55,v_player.player_id,phase2/M1_TYPED_ROW_FIELD_ASSIGNMENT_WITNESSES_V1.0.json,CONTEXT_ONLY,CONTEXT_ONLY,NO
F0163,s1_room_players#01,F0142,runtime_player_decisions#08,EXACT_TYPED_COPY,EXACT_VALUE_FROM_TYPED_ROW_FIELD,database/013_sprint3b_discussion_authority_and_request_identity.sql:327,v_player.player_id,phase2/M1_TYPED_ROW_FIELD_ASSIGNMENT_WITNESSES_V1.0.json,CONTEXT_ONLY,CONTEXT_ONLY,NO
F0163,s1_room_players#01,F0152,s1_game_events#04,EXACT_TYPED_COPY,EXACT_VALUE_FROM_TYPED_ROW_FIELD,database/001_sprint1_core.sql:233,v_player.player_id,phase2/M1_TYPED_ROW_FIELD_ASSIGNMENT_WITNESSES_V1.0.json,CONTEXT_ONLY,RETAIN,NO
F0163,s1_room_players#01,F0152,s1_game_events#04,EXACT_TYPED_COPY,EXACT_VALUE_FROM_TYPED_ROW_FIELD,database/001_sprint1_core.sql:384,v_player.player_id,phase2/M1_TYPED_ROW_FIELD_ASSIGNMENT_WITNESSES_V1.0.json,CONTEXT_ONLY,RETAIN,NO
F0163,s1_room_players#01,F0158,s1_player_decisions#04,EXACT_TYPED_COPY,EXACT_VALUE_FROM_TYPED_ROW_FIELD,database/001_sprint1_core.sql:381,v_player.player_id,phase2/M1_TYPED_ROW_FIELD_ASSIGNMENT_WITNESSES_V1.0.json,CONTEXT_ONLY,CONTEXT_ONLY,NO
F0163,s1_room_players#01,F0230,s3_shared_photos#04,EXACT_TYPED_COPY,EXACT_VALUE_FROM_TYPED_ROW_FIELD,database/014_sprint3b_evidence_and_puzzle_integrity.sql:560,v_sender.player_id,phase2/M1_TYPED_ROW_FIELD_ASSIGNMENT_WITNESSES_V1.0.json,CONTEXT_ONLY,RETAIN,NO
F0163,s1_room_players#01,F0237,s3b_library_attempts#03,EXACT_TYPED_COPY,EXACT_VALUE_FROM_TYPED_ROW_FIELD,database/014_sprint3b_evidence_and_puzzle_integrity.sql:424,v_player.player_id,phase2/M1_TYPED_ROW_FIELD_ASSIGNMENT_WITNESSES_V1.0.json,CONTEXT_ONLY,RETAIN,NO
F0163,s1_room_players#01,F0243,s3b_player_facts#02,EXACT_TYPED_COPY,EXACT_VALUE_FROM_TYPED_ROW_FIELD,database/068_package_c_authoritative_pocket_inspection.sql:54,p.player_id,phase2/M1_TYPED_ROW_FIELD_ASSIGNMENT_WITNESSES_V1.0.json,CONTEXT_ONLY,CONTEXT_ONLY,NO
F0163,s1_room_players#01,F0243,s3b_player_facts#02,EXACT_TYPED_COPY,EXACT_VALUE_FROM_TYPED_ROW_FIELD,database/068_package_c_authoritative_pocket_inspection.sql:57,p.player_id,phase2/M1_TYPED_ROW_FIELD_ASSIGNMENT_WITNESSES_V1.0.json,CONTEXT_ONLY,CONTEXT_ONLY,NO
F0163,s1_room_players#01,F0243,s3b_player_facts#02,EXACT_TYPED_COPY,EXACT_VALUE_FROM_TYPED_ROW_FIELD,database/068_package_c_authoritative_pocket_inspection.sql:31,p.player_id,phase2/M1_TYPED_ROW_FIELD_ASSIGNMENT_WITNESSES_V1.0.json,CONTEXT_ONLY,CONTEXT_ONLY,NO
F0163,s1_room_players#01,F0243,s3b_player_facts#02,EXACT_TYPED_COPY,EXACT_VALUE_FROM_TYPED_ROW_FIELD,database/068_package_c_authoritative_pocket_inspection.sql:34,p.player_id,phase2/M1_TYPED_ROW_FIELD_ASSIGNMENT_WITNESSES_V1.0.json,CONTEXT_ONLY,CONTEXT_ONLY,NO
F0163,s1_room_players#01,F0270,s3b_post_inspection_route_votes#03,EXACT_TYPED_COPY,EXACT_VALUE_FROM_TYPED_ROW_FIELD,database/014_sprint3b_evidence_and_puzzle_integrity.sql:488,v_player.player_id,phase2/M1_TYPED_ROW_FIELD_ASSIGNMENT_WITNESSES_V1.0.json,CONTEXT_ONLY,CONTEXT_ONLY,NO
F0163,s1_room_players#01,F0324,s6_action_receipts#02,EXACT_TYPED_COPY,EXACT_VALUE_FROM_TYPED_ROW_FIELD,database/035_sprint6_focused_audit_corrections.sql:40,p.player_id,phase2/M1_TYPED_ROW_FIELD_ASSIGNMENT_WITNESSES_V1.0.json,CONTEXT_ONLY,CONTEXT_ONLY,NO
F0163,s1_room_players#01,F0324,s6_action_receipts#02,EXACT_TYPED_COPY,EXACT_VALUE_FROM_TYPED_ROW_FIELD,database/035_sprint6_focused_audit_corrections.sql:55,p.player_id,phase2/M1_TYPED_ROW_FIELD_ASSIGNMENT_WITNESSES_V1.0.json,CONTEXT_ONLY,CONTEXT_ONLY,NO
F0163,s1_room_players#01,F0324,s6_action_receipts#02,EXACT_TYPED_COPY,EXACT_VALUE_FROM_TYPED_ROW_FIELD,database/035_sprint6_focused_audit_corrections.sql:57,p.player_id,phase2/M1_TYPED_ROW_FIELD_ASSIGNMENT_WITNESSES_V1.0.json,CONTEXT_ONLY,CONTEXT_ONLY,NO
F0163,s1_room_players#01,F0324,s6_action_receipts#02,EXACT_TYPED_COPY,EXACT_VALUE_FROM_TYPED_ROW_FIELD,database/035_sprint6_focused_audit_corrections.sql:59,p.player_id,phase2/M1_TYPED_ROW_FIELD_ASSIGNMENT_WITNESSES_V1.0.json,CONTEXT_ONLY,CONTEXT_ONLY,NO
F0163,s1_room_players#01,F0324,s6_action_receipts#02,EXACT_TYPED_COPY,EXACT_VALUE_FROM_TYPED_ROW_FIELD,database/035_sprint6_focused_audit_corrections.sql:61,p.player_id,phase2/M1_TYPED_ROW_FIELD_ASSIGNMENT_WITNESSES_V1.0.json,CONTEXT_ONLY,CONTEXT_ONLY,NO
F0163,s1_room_players#01,F0324,s6_action_receipts#02,EXACT_TYPED_COPY,EXACT_VALUE_FROM_TYPED_ROW_FIELD,database/035_sprint6_focused_audit_corrections.sql:63,p.player_id,phase2/M1_TYPED_ROW_FIELD_ASSIGNMENT_WITNESSES_V1.0.json,CONTEXT_ONLY,CONTEXT_ONLY,NO
F0163,s1_room_players#01,F0324,s6_action_receipts#02,EXACT_TYPED_COPY,EXACT_VALUE_FROM_TYPED_ROW_FIELD,database/035_sprint6_focused_audit_corrections.sql:67,p.player_id,phase2/M1_TYPED_ROW_FIELD_ASSIGNMENT_WITNESSES_V1.0.json,CONTEXT_ONLY,CONTEXT_ONLY,NO
F0163,s1_room_players#01,F0324,s6_action_receipts#02,EXACT_TYPED_COPY,EXACT_VALUE_FROM_TYPED_ROW_FIELD,database/036_sprint6_four_open_findings.sql:16,p.player_id,phase2/M1_TYPED_ROW_FIELD_ASSIGNMENT_WITNESSES_V1.0.json,CONTEXT_ONLY,CONTEXT_ONLY,NO
F0163,s1_room_players#01,F0324,s6_action_receipts#02,EXACT_TYPED_COPY,EXACT_VALUE_FROM_TYPED_ROW_FIELD,database/036_sprint6_four_open_findings.sql:25,p.player_id,phase2/M1_TYPED_ROW_FIELD_ASSIGNMENT_WITNESSES_V1.0.json,CONTEXT_ONLY,CONTEXT_ONLY,NO
F0163,s1_room_players#01,F0333,s6_allocation_attempts#04,EXACT_TYPED_COPY,EXACT_VALUE_FROM_TYPED_ROW_FIELD,database/035_sprint6_focused_audit_corrections.sql:61,p.player_id,phase2/M1_TYPED_ROW_FIELD_ASSIGNMENT_WITNESSES_V1.0.json,CONTEXT_ONLY,CONTEXT_ONLY,NO
F0163,s1_room_players#01,F0338,s6_allocations#02,EXACT_TYPED_COPY,EXACT_VALUE_FROM_TYPED_ROW_FIELD,database/034_sprint6_contract_hardening.sql:23,p.player_id,phase2/M1_TYPED_ROW_FIELD_ASSIGNMENT_WITNESSES_V1.0.json,CONTEXT_ONLY,CONTEXT_ONLY,NO
F0163,s1_room_players#01,F0338,s6_allocations#02,EXACT_TYPED_COPY,EXACT_VALUE_FROM_TYPED_ROW_FIELD,database/035_sprint6_focused_audit_corrections.sql:61,p.player_id,phase2/M1_TYPED_ROW_FIELD_ASSIGNMENT_WITNESSES_V1.0.json,CONTEXT_ONLY,CONTEXT_ONLY,NO
F0163,s1_room_players#01,F0343,s6_audio_consumptions#02,EXACT_TYPED_COPY,EXACT_VALUE_FROM_TYPED_ROW_FIELD,database/037_level3_independent_audit_closure.sql:173,p.player_id,phase2/M1_TYPED_ROW_FIELD_ASSIGNMENT_WITNESSES_V1.0.json,CONTEXT_ONLY,CONTEXT_ONLY,NO
F0163,s1_room_players#01,F0364,s6_engagements#03,EXACT_TYPED_COPY,EXACT_VALUE_FROM_TYPED_ROW_FIELD,database/035_sprint6_focused_audit_corrections.sql:65,p.player_id,phase2/M1_TYPED_ROW_FIELD_ASSIGNMENT_WITNESSES_V1.0.json,CONTEXT_ONLY,CONTEXT_ONLY,NO
F0163,s1_room_players#01,F0364,s6_engagements#03,EXACT_TYPED_COPY,EXACT_VALUE_FROM_TYPED_ROW_FIELD,database/035_sprint6_focused_audit_corrections.sql:67,p.player_id,phase2/M1_TYPED_ROW_FIELD_ASSIGNMENT_WITNESSES_V1.0.json,CONTEXT_ONLY,CONTEXT_ONLY,NO
F0163,s1_room_players#01,F0396,s6_station_b_progress#02,EXACT_TYPED_COPY,EXACT_VALUE_FROM_TYPED_ROW_FIELD,database/036_sprint6_four_open_findings.sql:25,p.player_id,phase2/M1_TYPED_ROW_FIELD_ASSIGNMENT_WITNESSES_V1.0.json,CONTEXT_ONLY,CONTEXT_ONLY,NO
F0163,s1_room_players#01,F0402,s6_station_tasks#03,EXACT_TYPED_COPY,EXACT_VALUE_FROM_TYPED_ROW_FIELD,database/035_sprint6_focused_audit_corrections.sql:63,p.player_id,phase2/M1_TYPED_ROW_FIELD_ASSIGNMENT_WITNESSES_V1.0.json,CONTEXT_ONLY,CONTEXT_ONLY,NO
F0163,s1_room_players#01,F0402,s6_station_tasks#03,EXACT_TYPED_COPY,EXACT_VALUE_FROM_TYPED_ROW_FIELD,database/036_sprint6_four_open_findings.sql:25,p.player_id,phase2/M1_TYPED_ROW_FIELD_ASSIGNMENT_WITNESSES_V1.0.json,CONTEXT_ONLY,CONTEXT_ONLY,NO
F0163,s1_room_players#01,F0407,s8_finalizations#03,EXACT_TYPED_COPY,EXACT_VALUE_FROM_TYPED_ROW_FIELD,database/049_sprint8_final_closure.sql:166,p.player_id,phase2/M1_TYPED_ROW_FIELD_ASSIGNMENT_WITNESSES_V1.0.json,CONTEXT_ONLY,RETAIN,NO
F0163,s1_room_players#01,F0412,s9_pocket_item_inspections#02,EXACT_TYPED_COPY,EXACT_VALUE_FROM_TYPED_ROW_FIELD,database/068_package_c_authoritative_pocket_inspection.sql:25,p.player_id,phase2/M1_TYPED_ROW_FIELD_ASSIGNMENT_WITNESSES_V1.0.json,CONTEXT_ONLY,CONTEXT_ONLY,NO
F0165,s1_room_players#03,F0153,s1_game_events#05,TYPED_COMPUTED_DEPENDENCY,EXPRESSION_USES_TYPED_ROW_FIELD,database/001_sprint1_core.sql:233,"jsonb_build_object('role_slot', v_player.role_slot)",phase2/M1_TYPED_ROW_FIELD_ASSIGNMENT_WITNESSES_V1.0.json,RETAIN,RETAIN,YES
F0165,s1_room_players#03,F0258,s3b_player_progress#13,COMPUTED_FROM_ROLE,TRANSFORM_OR_DERIVATION,L28+; database/014b_sprint3b_targeted_closure_corrections.sql,CASE rp.role_slot -> literal text-key arrays,M1_DIRECT_LINEAGE_FACTS_V1.0.csv,RETAIN,RETAIN,YES
F0172,s1_room_state#02,F0153,s1_game_events#05,TYPED_COMPUTED_DEPENDENCY,EXPRESSION_USES_TYPED_ROW_FIELD,database/001_sprint1_core.sql:384,"jsonb_build_object('scene_id', v_state.current_scene)",phase2/M1_TYPED_ROW_FIELD_ASSIGNMENT_WITNESSES_V1.0.json,RETAIN,RETAIN,YES
F0172,s1_room_state#02,F0153,s1_game_events#05,TYPED_COMPUTED_DEPENDENCY,EXPRESSION_USES_TYPED_ROW_FIELD,database/001_sprint1_core.sql:400,"jsonb_build_object('scene_id', v_state.current_scene)",phase2/M1_TYPED_ROW_FIELD_ASSIGNMENT_WITNESSES_V1.0.json,RETAIN,RETAIN,YES
F0172,s1_room_state#02,F0153,s1_game_events#05,TYPED_COMPUTED_DEPENDENCY,EXPRESSION_USES_TYPED_ROW_FIELD,database/001_sprint1_core.sql:512,"jsonb_build_object('from_scene', v_state.current_scene)",phase2/M1_TYPED_ROW_FIELD_ASSIGNMENT_WITNESSES_V1.0.json,RETAIN,RETAIN,YES
F0172,s1_room_state#02,F0157,s1_player_decisions#03,EXACT_TYPED_COPY,EXACT_VALUE_FROM_TYPED_ROW_FIELD,database/001_sprint1_core.sql:381,v_state.current_scene,phase2/M1_TYPED_ROW_FIELD_ASSIGNMENT_WITNESSES_V1.0.json,RETAIN,RETAIN,YES
F0184,s3_group_items#02,F0185,s3_group_items#03,LOOKUP_FROM_SAME_ROW_KEY,TRANSFORM_OR_DERIVATION,L23-L24,CASE item_key -> literal localization key,M1_DIRECT_LINEAGE_FACTS_V1.0.csv,RETAIN,RETAIN,YES
F0184,s3_group_items#02,F0185,s3_group_items#03,CONSTANT_FOR_MATCHED_KEY,TRANSFORM_OR_DERIVATION,L28,item_key='golden_key' -> 'item.golden_key',M1_DIRECT_LINEAGE_FACTS_V1.0.csv,RETAIN,RETAIN,YES
F0187,s3_item_catalog#01,F0188,s3_item_catalog#02,LOOKUP_FROM_SAME_ROW_KEY,TRANSFORM_OR_DERIVATION,L10+,CASE item_key -> literal localization key,M1_DIRECT_LINEAGE_FACTS_V1.0.csv,RETAIN,RETAIN,YES
F0187,s3_item_catalog#01,F0188,s3_item_catalog#02,CONSTANT_FOR_MATCHED_KEY,TRANSFORM_OR_DERIVATION,L27,item_key='golden_key' -> 'item.golden_key',M1_DIRECT_LINEAGE_FACTS_V1.0.csv,RETAIN,RETAIN,YES
F0218,s3_runtime_scene_state#02,F0125,runtime_events#07,TYPED_COMPUTED_DEPENDENCY,EXPRESSION_USES_TYPED_ROW_FIELD,database/014_sprint3b_evidence_and_puzzle_integrity.sql:214,"jsonb_build_object( 'from_scene_id',v_old.scene_id,'from_phase_key',v_old.phase_key, 'from_step_key',v_old.step_key,'to_scene_id',p_scene, 'to_phase_key',p_phase,'to_step_key',p_step )",phase2/M1_TYPED_ROW_FIELD_ASSIGNMENT_WITNESSES_V1.0.json,RETAIN,RETAIN,YES
F0218,s3_runtime_scene_state#02,F0127,runtime_events#09,EXACT_TYPED_COPY,EXACT_VALUE_FROM_TYPED_ROW_FIELD,database/014_sprint3b_evidence_and_puzzle_integrity.sql:154,v_scene.scene_id,phase2/M1_TYPED_ROW_FIELD_ASSIGNMENT_WITNESSES_V1.0.json,RETAIN,RETAIN,YES
F0218,s3_runtime_scene_state#02,F0127,runtime_events#09,EXACT_TYPED_COPY,EXACT_VALUE_FROM_TYPED_ROW_FIELD,database/043_sprint7_teacher_console.sql:19,s.scene_id,phase2/M1_TYPED_ROW_FIELD_ASSIGNMENT_WITNESSES_V1.0.json,RETAIN,RETAIN,YES
F0219,s3_runtime_scene_state#03,F0125,runtime_events#07,TYPED_COMPUTED_DEPENDENCY,EXPRESSION_USES_TYPED_ROW_FIELD,database/014_sprint3b_evidence_and_puzzle_integrity.sql:214,"jsonb_build_object( 'from_scene_id',v_old.scene_id,'from_phase_key',v_old.phase_key, 'from_step_key',v_old.step_key,'to_scene_id',p_scene, 'to_phase_key',p_phase,'to_step_key',p_step )",phase2/M1_TYPED_ROW_FIELD_ASSIGNMENT_WITNESSES_V1.0.json,RETAIN,RETAIN,YES
F0219,s3_runtime_scene_state#03,F0128,runtime_events#10,EXACT_TYPED_COPY,EXACT_VALUE_FROM_TYPED_ROW_FIELD,database/014_sprint3b_evidence_and_puzzle_integrity.sql:154,v_scene.phase_key,phase2/M1_TYPED_ROW_FIELD_ASSIGNMENT_WITNESSES_V1.0.json,RETAIN,RETAIN,YES
F0219,s3_runtime_scene_state#03,F0128,runtime_events#10,EXACT_TYPED_COPY,EXACT_VALUE_FROM_TYPED_ROW_FIELD,database/043_sprint7_teacher_console.sql:19,s.phase_key,phase2/M1_TYPED_ROW_FIELD_ASSIGNMENT_WITNESSES_V1.0.json,RETAIN,RETAIN,YES
F0220,s3_runtime_scene_state#04,F0125,runtime_events#07,TYPED_COMPUTED_DEPENDENCY,EXPRESSION_USES_TYPED_ROW_FIELD,database/014_sprint3b_evidence_and_puzzle_integrity.sql:214,"jsonb_build_object( 'from_scene_id',v_old.scene_id,'from_phase_key',v_old.phase_key, 'from_step_key',v_old.step_key,'to_scene_id',p_scene, 'to_phase_key',p_phase,'to_step_key',p_step )",phase2/M1_TYPED_ROW_FIELD_ASSIGNMENT_WITNESSES_V1.0.json,RETAIN,RETAIN,YES
F0220,s3_runtime_scene_state#04,F0129,runtime_events#11,EXACT_TYPED_COPY,EXACT_VALUE_FROM_TYPED_ROW_FIELD,database/014_sprint3b_evidence_and_puzzle_integrity.sql:154,v_scene.step_key,phase2/M1_TYPED_ROW_FIELD_ASSIGNMENT_WITNESSES_V1.0.json,RETAIN,RETAIN,YES
F0220,s3_runtime_scene_state#04,F0129,runtime_events#11,EXACT_TYPED_COPY,EXACT_VALUE_FROM_TYPED_ROW_FIELD,database/043_sprint7_teacher_console.sql:19,s.step_key,phase2/M1_TYPED_ROW_FIELD_ASSIGNMENT_WITNESSES_V1.0.json,RETAIN,RETAIN,YES
F0308,s5_run_state#03,F0128,runtime_events#10,EXACT_TYPED_COPY,EXACT_VALUE_FROM_TYPED_ROW_FIELD,database/045_sprint7_teacher_intervention_provenance.sql:26,s.phase_key,phase2/M1_TYPED_ROW_FIELD_ASSIGNMENT_WITNESSES_V1.0.json,RETAIN,RETAIN,YES
F0308,s5_run_state#03,F0128,runtime_events#10,EXACT_TYPED_COPY,EXACT_VALUE_FROM_TYPED_ROW_FIELD,database/045_sprint7_teacher_intervention_provenance.sql:32,s.phase_key,phase2/M1_TYPED_ROW_FIELD_ASSIGNMENT_WITNESSES_V1.0.json,RETAIN,RETAIN,YES
F0308,s5_run_state#03,F0226,s3_runtime_scene_state#10,TYPED_COMPUTED_DEPENDENCY,EXPRESSION_USES_TYPED_ROW_FIELD,database/031_sprint5_focused_reaudit_corrections.sql:19,s.phase_key='act8_final_vote',phase2/M1_TYPED_ROW_FIELD_ASSIGNMENT_WITNESSES_V1.0.json,RETAIN,RETAIN,YES
F0308,s5_run_state#03,F0226,s3_runtime_scene_state#10,COMPUTED_BOOLEAN_FROM_FIELD,TRANSFORM_OR_DERIVATION,L19,s.phase_key='act8_final_vote',M1_DIRECT_LINEAGE_FACTS_V1.0.csv,RETAIN,RETAIN,YES
F0309,s5_run_state#04,F0125,runtime_events#07,TYPED_COMPUTED_DEPENDENCY,EXPRESSION_USES_TYPED_ROW_FIELD,database/045_sprint7_teacher_intervention_provenance.sql:26,"jsonb_build_object('vote_round',s.vote_round)",phase2/M1_TYPED_ROW_FIELD_ASSIGNMENT_WITNESSES_V1.0.json,RETAIN,RETAIN,YES
F0309,s5_run_state#04,F0125,runtime_events#07,TYPED_COMPUTED_DEPENDENCY,EXPRESSION_USES_TYPED_ROW_FIELD,database/045_sprint7_teacher_intervention_provenance.sql:32,"jsonb_build_object('seconds',p_seconds,'vote_round',s.vote_round)",phase2/M1_TYPED_ROW_FIELD_ASSIGNMENT_WITNESSES_V1.0.json,RETAIN,RETAIN,YES
F0310,s5_run_state#05,F0303,s5_rounds#07,COMPUTED_FROM_STATE_AND_RESULT,TRANSFORM_OR_DERIVATION,L62,CASE s.act6_resolution plus result->>'tie',M1_DIRECT_LINEAGE_FACTS_V1.0.csv,RETAIN,RETAIN,YES
F0314,s5_run_state#09,F0266,s3b_player_progress#21,COALESCE_BACKFILL_ALTERNATE_SOURCE,COPY_LIKE,L13-L17,s5.updated_at when prior arguments null,M1_DIRECT_LINEAGE_FACTS_V1.0.csv,EXCLUDE_TECHNICAL,RETAIN,NO
F0314,s5_run_state#09,F0267,s3b_player_progress#22,COALESCE_BACKFILL_ALTERNATE_SOURCE,COPY_LIKE,L13-L17,s5.updated_at when prior arguments null,M1_DIRECT_LINEAGE_FACTS_V1.0.csv,EXCLUDE_TECHNICAL,RETAIN,NO
F0315,s5_run_state#10,F0266,s3b_player_progress#21,COALESCE_BACKFILL_MULTI_SOURCE,COPY_LIKE,same run,coalesce(progress.act6_handoff_observed_at,M1_DIRECT_LINEAGE_FACTS_V1.0.csv,RETAIN,RETAIN,YES
F0315,s5_run_state#10,F0267,s3b_player_progress#22,COALESCE_BACKFILL_MULTI_SOURCE,COPY_LIKE,same run,coalesce(progress.act6_entered_at,M1_DIRECT_LINEAGE_FACTS_V1.0.csv,RETAIN,RETAIN,YES
F0327,s6_action_receipts#05,F0361,s6_choices#10,JSON_EXTRACT_COPY,COPY_LIKE,L7-L12,(r.payload->>'step')::integer,M1_DIRECT_LINEAGE_FACTS_V1.0.csv,RETAIN,RETAIN,YES
F0346,s6_audio_occurrences#01,F0006,act6_13_event_ledger#06,EXACT_TYPED_COPY,EXACT_VALUE_FROM_TYPED_ROW_FIELD,database/037_level3_independent_audit_closure.sql:174,o.occurrence_id,phase2/M1_TYPED_ROW_FIELD_ASSIGNMENT_WITNESSES_V1.0.json,RETAIN,RETAIN,YES
F0346,s6_audio_occurrences#01,F0342,s6_audio_consumptions#01,EXACT_TYPED_COPY,EXACT_VALUE_FROM_TYPED_ROW_FIELD,database/037_level3_independent_audit_closure.sql:173,o.occurrence_id,phase2/M1_TYPED_ROW_FIELD_ASSIGNMENT_WITNESSES_V1.0.json,RETAIN,RETAIN,YES
F0348,s6_audio_occurrences#03,F0008,act6_13_event_ledger#08,TYPED_COMPUTED_DEPENDENCY,EXPRESSION_USES_TYPED_ROW_FIELD,database/037_level3_independent_audit_closure.sql:174,"jsonb_build_object('cue_key',o.cue_key,'outcome',p_outcome)",phase2/M1_TYPED_ROW_FIELD_ASSIGNMENT_WITNESSES_V1.0.json,RETAIN,RETAIN,YES
F0349,s6_audio_occurrences#04,F0005,act6_13_event_ledger#05,EXACT_TYPED_COPY,EXACT_VALUE_FROM_TYPED_ROW_FIELD,database/037_level3_independent_audit_closure.sql:174,o.phase_key,phase2/M1_TYPED_ROW_FIELD_ASSIGNMENT_WITNESSES_V1.0.json,RETAIN,RETAIN,YES
F0373,s6_run_state#02,F0004,act6_13_event_ledger#04,EXACT_TYPED_COPY,EXACT_VALUE_FROM_TYPED_ROW_FIELD,database/037_level3_independent_audit_closure.sql:151,s.act_no,phase2/M1_TYPED_ROW_FIELD_ASSIGNMENT_WITNESSES_V1.0.json,RETAIN,RETAIN,YES
F0374,s6_run_state#03,F0008,act6_13_event_ledger#08,TYPED_COMPUTED_DEPENDENCY,EXPRESSION_USES_TYPED_ROW_FIELD,database/037_level3_independent_audit_closure.sql:151,"jsonb_build_object('discussion_session_id',d.discussion_session_id,'from_phase',s.phase_key)",phase2/M1_TYPED_ROW_FIELD_ASSIGNMENT_WITNESSES_V1.0.json,RETAIN,RETAIN,YES
F0375,s6_run_state#04,F0361,s6_choices#10,DIRECT_TRIGGER_COPY,COPY_LIKE,L14-L23,select act9_step into new.action_step,M1_DIRECT_LINEAGE_FACTS_V1.0.csv,RETAIN,RETAIN,YES
F0375,s6_run_state#04,F0378,s6_run_state#07,TYPED_COMPUTED_DEPENDENCY,EXPRESSION_USES_TYPED_ROW_FIELD,database/034_sprint6_contract_hardening.sql:17,s.act9_step>=3,phase2/M1_TYPED_ROW_FIELD_ASSIGNMENT_WITNESSES_V1.0.json,RETAIN,RETAIN,YES
F0375,s6_run_state#04,F0378,s6_run_state#07,TYPED_COMPUTED_DEPENDENCY,EXPRESSION_USES_TYPED_ROW_FIELD,database/035_sprint6_focused_audit_corrections.sql:53,s.act9_step>=3,phase2/M1_TYPED_ROW_FIELD_ASSIGNMENT_WITNESSES_V1.0.json,RETAIN,RETAIN,YES
F0376,s6_run_state#05,F0332,s6_allocation_attempts#03,EXACT_TYPED_COPY,EXACT_VALUE_FROM_TYPED_ROW_FIELD,database/035_sprint6_focused_audit_corrections.sql:61,s.round_no,phase2/M1_TYPED_ROW_FIELD_ASSIGNMENT_WITNESSES_V1.0.json,RETAIN,RETAIN,YES
F0410,s8_finalizations#06,F0125,runtime_events#07,TYPED_COMPUTED_DEPENDENCY,EXPRESSION_USES_TYPED_ROW_FIELD,database/049_sprint8_final_closure.sql:170,"jsonb_build_object('integrity_report',report,'export_schema_version',f.export_schema_version)",phase2/M1_TYPED_ROW_FIELD_ASSIGNMENT_WITNESSES_V1.0.json,RETAIN,RETAIN,YES
