global_field_id,field_id,table,column,same_name_group,R1_disposition,domain,scope,temporal_role,structural_partition_id,structural_partition_size,structural_partition_key,structural_conclusion,authority_inference
F0001,act6_13_event_ledger#01,act6_13_event_ledger,event_id,SN025,EXCLUDE_TECHNICAL,EVENT_AUDIT,event,HISTORICAL_EVENT_SNAPSHOT,,0,,REMOVED_FROM_PRIMARY_CLUSTERING_BY_R1,NONE
F0002,act6_13_event_ledger#02,act6_13_event_ledger,run_id,SN044,CONTEXT_ONLY,EVENT_AUDIT,event,HISTORICAL_EVENT_SNAPSHOT,,0,,REMOVED_FROM_PRIMARY_CLUSTERING_BY_R1,NONE
F0003,act6_13_event_ledger#03,act6_13_event_ledger,event_type,SN026,RETAIN,EVENT_AUDIT,event,HISTORICAL_EVENT_SNAPSHOT,SP0001,2,event_type|EVENT_AUDIT|event|HISTORICAL_EVENT_SNAPSHOT,SAME_NAME_STILL_STRUCTURALLY_COMPARABLE,NONE
F0004,act6_13_event_ledger#04,act6_13_event_ledger,act_no,SN003,RETAIN,EVENT_AUDIT,event,HISTORICAL_EVENT_SNAPSHOT,SP0002,1,act_no|EVENT_AUDIT|event|HISTORICAL_EVENT_SNAPSHOT,SAME_NAME_SPLIT_BY_STRUCTURE,NONE
F0005,act6_13_event_ledger#05,act6_13_event_ledger,phase_key,SN036,RETAIN,EVENT_AUDIT,event,HISTORICAL_EVENT_SNAPSHOT,SP0003,2,phase_key|EVENT_AUDIT|event|HISTORICAL_EVENT_SNAPSHOT,SAME_NAME_STILL_STRUCTURALLY_COMPARABLE,NONE
F0006,act6_13_event_ledger#06,act6_13_event_ledger,occurrence_id,SN032,RETAIN,EVENT_AUDIT,event,HISTORICAL_EVENT_SNAPSHOT,SP0004,1,occurrence_id|EVENT_AUDIT|event|HISTORICAL_EVENT_SNAPSHOT,SAME_NAME_SPLIT_BY_STRUCTURE,NONE
F0007,act6_13_event_ledger#07,act6_13_event_ledger,player_id,SN037,CONTEXT_ONLY,EVENT_AUDIT,event,HISTORICAL_EVENT_SNAPSHOT,,0,,REMOVED_FROM_PRIMARY_CLUSTERING_BY_R1,NONE
F0008,act6_13_event_ledger#08,act6_13_event_ledger,details,SN020,RETAIN,EVENT_AUDIT,event,HISTORICAL_EVENT_SNAPSHOT,SP0005,2,details|EVENT_AUDIT|event|HISTORICAL_EVENT_SNAPSHOT,SAME_NAME_STILL_STRUCTURALLY_COMPARABLE,NONE
F0009,act6_13_event_ledger#09,act6_13_event_ledger,occurred_at,,RETAIN,EVENT_AUDIT,event,HISTORICAL_EVENT_SNAPSHOT,SP0006,1,occurred_at|EVENT_AUDIT|event|HISTORICAL_EVENT_SNAPSHOT,UNIQUE_NAME_STRUCTURAL_SEED,NONE
F0010,asset_candidates#01,asset_candidates,asset_id,,EXCLUDE_TECHNICAL,ASSET,asset_version,VERSIONED_CANDIDATE_RECORD,,0,,REMOVED_FROM_PRIMARY_CLUSTERING_BY_R1,NONE
F0011,asset_candidates#02,asset_candidates,asset_key,SN006,RETAIN,ASSET,asset_version,VERSIONED_CANDIDATE_RECORD,SP0007,1,asset_key|ASSET|asset_version|VERSIONED_CANDIDATE_RECORD,SAME_NAME_SPLIT_BY_STRUCTURE,NONE
F0012,asset_candidates#03,asset_candidates,version,SN054,RETAIN,ASSET,asset_version,VERSIONED_CANDIDATE_RECORD,SP0008,1,version|ASSET|asset_version|VERSIONED_CANDIDATE_RECORD,SAME_NAME_SPLIT_BY_STRUCTURE,NONE
F0013,asset_candidates#04,asset_candidates,asset_type,SN007,RETAIN,ASSET,asset_version,VERSIONED_CANDIDATE_RECORD,SP0009,1,asset_type|ASSET|asset_version|VERSIONED_CANDIDATE_RECORD,SAME_NAME_SPLIT_BY_STRUCTURE,NONE
F0014,asset_candidates#05,asset_candidates,scene_id,SN045,RETAIN,ASSET,asset_version,VERSIONED_CANDIDATE_RECORD,SP0010,1,scene_id|ASSET|asset_version|VERSIONED_CANDIDATE_RECORD,SAME_NAME_SPLIT_BY_STRUCTURE,NONE
F0015,asset_candidates#06,asset_candidates,assigned_to,SN008,RETAIN,ASSET,asset_version,VERSIONED_CANDIDATE_RECORD,SP0011,1,assigned_to|ASSET|asset_version|VERSIONED_CANDIDATE_RECORD,SAME_NAME_SPLIT_BY_STRUCTURE,NONE
F0016,asset_candidates#07,asset_candidates,creator,,RETAIN,ASSET,asset_version,VERSIONED_CANDIDATE_RECORD,SP0012,1,creator|ASSET|asset_version|VERSIONED_CANDIDATE_RECORD,UNIQUE_NAME_STRUCTURAL_SEED,NONE
F0017,asset_candidates#08,asset_candidates,storage_path,,RETAIN,ASSET,asset_version,VERSIONED_CANDIDATE_RECORD,SP0013,1,storage_path|ASSET|asset_version|VERSIONED_CANDIDATE_RECORD,UNIQUE_NAME_STRUCTURAL_SEED,NONE
F0018,asset_candidates#09,asset_candidates,status,SN048,RETAIN,ASSET,asset_version,VERSIONED_CANDIDATE_RECORD,SP0014,1,status|ASSET|asset_version|VERSIONED_CANDIDATE_RECORD,SAME_NAME_SPLIT_BY_STRUCTURE,NONE
F0019,asset_candidates#10,asset_candidates,approved_by,,RETAIN,ASSET,asset_version,VERSIONED_CANDIDATE_RECORD,SP0015,1,approved_by|ASSET|asset_version|VERSIONED_CANDIDATE_RECORD,UNIQUE_NAME_STRUCTURAL_SEED,NONE
F0020,asset_candidates#11,asset_candidates,approved_at,,RETAIN,ASSET,asset_version,VERSIONED_CANDIDATE_RECORD,SP0016,1,approved_at|ASSET|asset_version|VERSIONED_CANDIDATE_RECORD,UNIQUE_NAME_STRUCTURAL_SEED,NONE
F0021,asset_candidates#12,asset_candidates,created_at,SN016,EXCLUDE_TECHNICAL,ASSET,asset_version,VERSIONED_CANDIDATE_RECORD,,0,,REMOVED_FROM_PRIMARY_CLUSTERING_BY_R1,NONE
F0022,asset_candidates#13,asset_candidates,final_prompt,,RETAIN,ASSET,asset_version,VERSIONED_CANDIDATE_RECORD,SP0017,1,final_prompt|ASSET|asset_version|VERSIONED_CANDIDATE_RECORD,UNIQUE_NAME_STRUCTURAL_SEED,NONE
F0023,asset_candidates#14,asset_candidates,revision_note,,RETAIN,ASSET,asset_version,VERSIONED_CANDIDATE_RECORD,SP0018,1,revision_note|ASSET|asset_version|VERSIONED_CANDIDATE_RECORD,UNIQUE_NAME_STRUCTURAL_SEED,NONE
F0024,asset_candidates#15,asset_candidates,technical_notes,,RETAIN,ASSET,asset_version,VERSIONED_CANDIDATE_RECORD,SP0019,1,technical_notes|ASSET|asset_version|VERSIONED_CANDIDATE_RECORD,UNIQUE_NAME_STRUCTURAL_SEED,NONE
F0025,asset_candidates#16,asset_candidates,paired_asset_group,SN035,RETAIN,ASSET,asset_version,VERSIONED_CANDIDATE_RECORD,SP0020,1,paired_asset_group|ASSET|asset_version|VERSIONED_CANDIDATE_RECORD,SAME_NAME_SPLIT_BY_STRUCTURE,NONE
F0026,asset_candidates#17,asset_candidates,view_name,,RETAIN,ASSET,asset_version,VERSIONED_CANDIDATE_RECORD,SP0021,1,view_name|ASSET|asset_version|VERSIONED_CANDIDATE_RECORD,UNIQUE_NAME_STRUCTURAL_SEED,NONE
F0027,asset_candidates#18,asset_candidates,ui_anchors,,RETAIN,ASSET,asset_version,VERSIONED_CANDIDATE_RECORD,SP0022,1,ui_anchors|ASSET|asset_version|VERSIONED_CANDIDATE_RECORD,UNIQUE_NAME_STRUCTURAL_SEED,NONE
F0028,asset_candidates#19,asset_candidates,width_px,,RETAIN,ASSET,asset_version,VERSIONED_CANDIDATE_RECORD,SP0023,1,width_px|ASSET|asset_version|VERSIONED_CANDIDATE_RECORD,UNIQUE_NAME_STRUCTURAL_SEED,NONE
F0029,asset_candidates#20,asset_candidates,height_px,,RETAIN,ASSET,asset_version,VERSIONED_CANDIDATE_RECORD,SP0024,1,height_px|ASSET|asset_version|VERSIONED_CANDIDATE_RECORD,UNIQUE_NAME_STRUCTURAL_SEED,NONE
F0030,asset_candidates#21,asset_candidates,mime_type,,RETAIN,ASSET,asset_version,VERSIONED_CANDIDATE_RECORD,SP0025,1,mime_type|ASSET|asset_version|VERSIONED_CANDIDATE_RECORD,UNIQUE_NAME_STRUCTURAL_SEED,NONE
F0031,asset_candidates#22,asset_candidates,duration_ms,,RETAIN,ASSET,asset_version,VERSIONED_CANDIDATE_RECORD,SP0026,1,duration_ms|ASSET|asset_version|VERSIONED_CANDIDATE_RECORD,UNIQUE_NAME_STRUCTURAL_SEED,NONE
F0032,asset_candidates#23,asset_candidates,loopable,,RETAIN,ASSET,asset_version,VERSIONED_CANDIDATE_RECORD,SP0027,1,loopable|ASSET|asset_version|VERSIONED_CANDIDATE_RECORD,UNIQUE_NAME_STRUCTURAL_SEED,NONE
F0033,asset_candidates#24,asset_candidates,license_source,,RETAIN,ASSET,asset_version,VERSIONED_CANDIDATE_RECORD,SP0028,1,license_source|ASSET|asset_version|VERSIONED_CANDIDATE_RECORD,UNIQUE_NAME_STRUCTURAL_SEED,NONE
F0034,asset_candidates#25,asset_candidates,loudness_note,,RETAIN,ASSET,asset_version,VERSIONED_CANDIDATE_RECORD,SP0029,1,loudness_note|ASSET|asset_version|VERSIONED_CANDIDATE_RECORD,UNIQUE_NAME_STRUCTURAL_SEED,NONE
F0035,asset_candidates#26,asset_candidates,continuity_refs,SN015,RETAIN,ASSET,asset_version,VERSIONED_CANDIDATE_RECORD,SP0030,1,continuity_refs|ASSET|asset_version|VERSIONED_CANDIDATE_RECORD,SAME_NAME_SPLIT_BY_STRUCTURE,NONE
F0036,asset_candidates#27,asset_candidates,required_anchors,SN039,RETAIN,ASSET,asset_version,VERSIONED_CANDIDATE_RECORD,SP0031,1,required_anchors|ASSET|asset_version|VERSIONED_CANDIDATE_RECORD,SAME_NAME_SPLIT_BY_STRUCTURE,NONE
F0037,asset_candidates#28,asset_candidates,sha256,,RETAIN,ASSET,asset_version,VERSIONED_CANDIDATE_RECORD,SP0032,1,sha256|ASSET|asset_version|VERSIONED_CANDIDATE_RECORD,UNIQUE_NAME_STRUCTURAL_SEED,NONE
F0038,asset_candidates#29,asset_candidates,published_at,,RETAIN,ASSET,asset_version,VERSIONED_CANDIDATE_RECORD,SP0033,1,published_at|ASSET|asset_version|VERSIONED_CANDIDATE_RECORD,UNIQUE_NAME_STRUCTURAL_SEED,NONE
F0039,asset_events#01,asset_events,event_id,SN025,EXCLUDE_TECHNICAL,ASSET,asset_event,HISTORICAL_EVENT_SNAPSHOT,,0,,REMOVED_FROM_PRIMARY_CLUSTERING_BY_R1,NONE
F0040,asset_events#02,asset_events,asset_key,SN006,RETAIN,ASSET,asset_event,HISTORICAL_EVENT_SNAPSHOT,SP0034,1,asset_key|ASSET|asset_event|HISTORICAL_EVENT_SNAPSHOT,SAME_NAME_SPLIT_BY_STRUCTURE,NONE
F0041,asset_events#03,asset_events,event_type,SN026,RETAIN,ASSET,asset_event,HISTORICAL_EVENT_SNAPSHOT,SP0035,1,event_type|ASSET|asset_event|HISTORICAL_EVENT_SNAPSHOT,SAME_NAME_SPLIT_BY_STRUCTURE,NONE
F0042,asset_events#04,asset_events,version,SN054,RETAIN,ASSET,asset_event,HISTORICAL_EVENT_SNAPSHOT,SP0036,1,version|ASSET|asset_event|HISTORICAL_EVENT_SNAPSHOT,SAME_NAME_SPLIT_BY_STRUCTURE,NONE
F0043,asset_events#05,asset_events,details,SN020,RETAIN,ASSET,asset_event,HISTORICAL_EVENT_SNAPSHOT,SP0037,1,details|ASSET|asset_event|HISTORICAL_EVENT_SNAPSHOT,SAME_NAME_SPLIT_BY_STRUCTURE,NONE
F0044,asset_events#06,asset_events,created_at,SN016,EXCLUDE_TECHNICAL,ASSET,asset_event,HISTORICAL_EVENT_SNAPSHOT,,0,,REMOVED_FROM_PRIMARY_CLUSTERING_BY_R1,NONE
F0045,asset_manager_reviewers#01,asset_manager_reviewers,token_hash,,EXCLUDE_TECHNICAL,ASSET,reviewer,TECHNICAL_CONFIG_RECORD,,0,,REMOVED_FROM_PRIMARY_CLUSTERING_BY_R1,NONE
F0046,asset_manager_reviewers#02,asset_manager_reviewers,label,,RETAIN,ASSET,reviewer,TECHNICAL_CONFIG_RECORD,SP0038,1,label|ASSET|reviewer|TECHNICAL_CONFIG_RECORD,UNIQUE_NAME_STRUCTURAL_SEED,NONE
F0047,asset_manager_reviewers#03,asset_manager_reviewers,enabled,,RETAIN,ASSET,reviewer,TECHNICAL_CONFIG_RECORD,SP0039,1,enabled|ASSET|reviewer|TECHNICAL_CONFIG_RECORD,UNIQUE_NAME_STRUCTURAL_SEED,NONE
F0048,asset_manager_reviewers#04,asset_manager_reviewers,created_at,SN016,EXCLUDE_TECHNICAL,ASSET,reviewer,TECHNICAL_CONFIG_RECORD,,0,,REMOVED_FROM_PRIMARY_CLUSTERING_BY_R1,NONE
F0049,asset_registry_projection#01,asset_registry_projection,asset_key,SN006,RETAIN,ASSET,asset_key,CURRENT_REGISTRY_PROJECTION,SP0040,1,asset_key|ASSET|asset_key|CURRENT_REGISTRY_PROJECTION,SAME_NAME_SPLIT_BY_STRUCTURE,NONE
F0050,asset_registry_projection#02,asset_registry_projection,display_name,SN023,RETAIN,ASSET,asset_key,CURRENT_REGISTRY_PROJECTION,SP0041,1,display_name|ASSET|asset_key|CURRENT_REGISTRY_PROJECTION,SAME_NAME_SPLIT_BY_STRUCTURE,NONE
F0051,asset_registry_projection#03,asset_registry_projection,aliases,,RETAIN,ASSET,asset_key,CURRENT_REGISTRY_PROJECTION,SP0042,1,aliases|ASSET|asset_key|CURRENT_REGISTRY_PROJECTION,UNIQUE_NAME_STRUCTURAL_SEED,NONE
F0052,asset_registry_projection#04,asset_registry_projection,asset_type,SN007,RETAIN,ASSET,asset_key,CURRENT_REGISTRY_PROJECTION,SP0043,1,asset_type|ASSET|asset_key|CURRENT_REGISTRY_PROJECTION,SAME_NAME_SPLIT_BY_STRUCTURE,NONE
F0053,asset_registry_projection#05,asset_registry_projection,scene_id,SN045,RETAIN,ASSET,asset_key,CURRENT_REGISTRY_PROJECTION,SP0044,1,scene_id|ASSET|asset_key|CURRENT_REGISTRY_PROJECTION,SAME_NAME_SPLIT_BY_STRUCTURE,NONE
F0054,asset_registry_projection#06,asset_registry_projection,assigned_to,SN008,RETAIN,ASSET,asset_key,CURRENT_REGISTRY_PROJECTION,SP0045,1,assigned_to|ASSET|asset_key|CURRENT_REGISTRY_PROJECTION,SAME_NAME_SPLIT_BY_STRUCTURE,NONE
F0055,asset_registry_projection#07,asset_registry_projection,latest_version,,RETAIN,ASSET,asset_key,CURRENT_REGISTRY_PROJECTION,SP0046,1,latest_version|ASSET|asset_key|CURRENT_REGISTRY_PROJECTION,UNIQUE_NAME_STRUCTURAL_SEED,NONE
F0056,asset_registry_projection#08,asset_registry_projection,active_version,,RETAIN,ASSET,asset_key,CURRENT_REGISTRY_PROJECTION,SP0047,1,active_version|ASSET|asset_key|CURRENT_REGISTRY_PROJECTION,UNIQUE_NAME_STRUCTURAL_SEED,NONE
F0057,asset_registry_projection#09,asset_registry_projection,continuity_refs,SN015,RETAIN,ASSET,asset_key,CURRENT_REGISTRY_PROJECTION,SP0048,1,continuity_refs|ASSET|asset_key|CURRENT_REGISTRY_PROJECTION,SAME_NAME_SPLIT_BY_STRUCTURE,NONE
F0058,asset_registry_projection#10,asset_registry_projection,paired_asset_group,SN035,RETAIN,ASSET,asset_key,CURRENT_REGISTRY_PROJECTION,SP0049,1,paired_asset_group|ASSET|asset_key|CURRENT_REGISTRY_PROJECTION,SAME_NAME_SPLIT_BY_STRUCTURE,NONE
F0059,asset_registry_projection#11,asset_registry_projection,required_anchors,SN039,RETAIN,ASSET,asset_key,CURRENT_REGISTRY_PROJECTION,SP0050,1,required_anchors|ASSET|asset_key|CURRENT_REGISTRY_PROJECTION,SAME_NAME_SPLIT_BY_STRUCTURE,NONE
F0060,asset_registry_projection#12,asset_registry_projection,runtime_required,,RETAIN,ASSET,asset_key,CURRENT_REGISTRY_PROJECTION,SP0051,1,runtime_required|ASSET|asset_key|CURRENT_REGISTRY_PROJECTION,UNIQUE_NAME_STRUCTURAL_SEED,NONE
F0061,asset_registry_projection#13,asset_registry_projection,registry_sha256,,RETAIN,ASSET,asset_key,CURRENT_REGISTRY_PROJECTION,SP0052,1,registry_sha256|ASSET|asset_key|CURRENT_REGISTRY_PROJECTION,UNIQUE_NAME_STRUCTURAL_SEED,NONE
F0062,asset_registry_projection#14,asset_registry_projection,projected_at,,EXCLUDE_TECHNICAL,ASSET,asset_key,CURRENT_REGISTRY_PROJECTION,,0,,REMOVED_FROM_PRIMARY_CLUSTERING_BY_R1,NONE
F0063,dialogue_messages#01,dialogue_messages,message_id,,EXCLUDE_TECHNICAL,DISCUSSION,message,HISTORICAL_MESSAGE_RECORD,,0,,REMOVED_FROM_PRIMARY_CLUSTERING_BY_R1,NONE
F0064,dialogue_messages#02,dialogue_messages,run_id,SN044,CONTEXT_ONLY,DISCUSSION,message,HISTORICAL_MESSAGE_RECORD,,0,,REMOVED_FROM_PRIMARY_CLUSTERING_BY_R1,NONE
F0065,dialogue_messages#03,dialogue_messages,discussion_session_id,SN022,CONTEXT_ONLY,DISCUSSION,message,HISTORICAL_MESSAGE_RECORD,,0,,REMOVED_FROM_PRIMARY_CLUSTERING_BY_R1,NONE
F0066,dialogue_messages#04,dialogue_messages,scene_id,SN045,RETAIN,DISCUSSION,message,HISTORICAL_MESSAGE_RECORD,SP0053,1,scene_id|DISCUSSION|message|HISTORICAL_MESSAGE_RECORD,SAME_NAME_SPLIT_BY_STRUCTURE,NONE
F0067,dialogue_messages#05,dialogue_messages,phase_key,SN036,RETAIN,DISCUSSION,message,HISTORICAL_MESSAGE_RECORD,SP0054,1,phase_key|DISCUSSION|message|HISTORICAL_MESSAGE_RECORD,SAME_NAME_SPLIT_BY_STRUCTURE,NONE
F0068,dialogue_messages#06,dialogue_messages,step_key,SN049,RETAIN,DISCUSSION,message,HISTORICAL_MESSAGE_RECORD,SP0055,1,step_key|DISCUSSION|message|HISTORICAL_MESSAGE_RECORD,SAME_NAME_SPLIT_BY_STRUCTURE,NONE
F0069,dialogue_messages#07,dialogue_messages,player_id,SN037,CONTEXT_ONLY,DISCUSSION,message,HISTORICAL_MESSAGE_RECORD,,0,,REMOVED_FROM_PRIMARY_CLUSTERING_BY_R1,NONE
F0070,dialogue_messages#08,dialogue_messages,message_text,,RETAIN,DISCUSSION,message,HISTORICAL_MESSAGE_RECORD,SP0056,1,message_text|DISCUSSION|message|HISTORICAL_MESSAGE_RECORD,UNIQUE_NAME_STRUCTURAL_SEED,NONE
F0071,dialogue_messages#09,dialogue_messages,created_at,SN016,EXCLUDE_TECHNICAL,DISCUSSION,message,HISTORICAL_MESSAGE_RECORD,,0,,REMOVED_FROM_PRIMARY_CLUSTERING_BY_R1,NONE
F0072,dialogue_messages#10,dialogue_messages,client_request_id,SN013,EXCLUDE_TECHNICAL,DISCUSSION,message,HISTORICAL_MESSAGE_RECORD,,0,,REMOVED_FROM_PRIMARY_CLUSTERING_BY_R1,NONE
F0073,discussion_sessions#01,discussion_sessions,discussion_session_id,SN022,CONTEXT_ONLY,DISCUSSION,discussion_session,CURRENT_SESSION_STATE,,0,,REMOVED_FROM_PRIMARY_CLUSTERING_BY_R1,NONE
F0074,discussion_sessions#02,discussion_sessions,run_id,SN044,CONTEXT_ONLY,DISCUSSION,discussion_session,CURRENT_SESSION_STATE,,0,,REMOVED_FROM_PRIMARY_CLUSTERING_BY_R1,NONE
F0075,discussion_sessions#03,discussion_sessions,scene_id,SN045,RETAIN,DISCUSSION,discussion_session,CURRENT_SESSION_STATE,SP0057,1,scene_id|DISCUSSION|discussion_session|CURRENT_SESSION_STATE,SAME_NAME_SPLIT_BY_STRUCTURE,NONE
F0076,discussion_sessions#04,discussion_sessions,phase_key,SN036,RETAIN,DISCUSSION,discussion_session,CURRENT_SESSION_STATE,SP0058,1,phase_key|DISCUSSION|discussion_session|CURRENT_SESSION_STATE,SAME_NAME_SPLIT_BY_STRUCTURE,NONE
F0077,discussion_sessions#05,discussion_sessions,step_key,SN049,RETAIN,DISCUSSION,discussion_session,CURRENT_SESSION_STATE,SP0059,1,step_key|DISCUSSION|discussion_session|CURRENT_SESSION_STATE,SAME_NAME_SPLIT_BY_STRUCTURE,NONE
F0078,discussion_sessions#06,discussion_sessions,round_no,SN043,RETAIN,DISCUSSION,discussion_session,CURRENT_SESSION_STATE,SP0060,1,round_no|DISCUSSION|discussion_session|CURRENT_SESSION_STATE,SAME_NAME_SPLIT_BY_STRUCTURE,NONE
F0079,discussion_sessions#07,discussion_sessions,vote_round,SN055,RETAIN,DISCUSSION,discussion_session,CURRENT_SESSION_STATE,SP0061,1,vote_round|DISCUSSION|discussion_session|CURRENT_SESSION_STATE,SAME_NAME_SPLIT_BY_STRUCTURE,NONE
F0080,discussion_sessions#08,discussion_sessions,topic,,RETAIN,DISCUSSION,discussion_session,CURRENT_SESSION_STATE,SP0062,1,topic|DISCUSSION|discussion_session|CURRENT_SESSION_STATE,UNIQUE_NAME_STRUCTURAL_SEED,NONE
F0081,discussion_sessions#09,discussion_sessions,status,SN048,RETAIN,DISCUSSION,discussion_session,CURRENT_SESSION_STATE,SP0063,1,status|DISCUSSION|discussion_session|CURRENT_SESSION_STATE,SAME_NAME_SPLIT_BY_STRUCTURE,NONE
F0082,discussion_sessions#10,discussion_sessions,started_at,,RETAIN,DISCUSSION,discussion_session,CURRENT_SESSION_STATE,SP0064,1,started_at|DISCUSSION|discussion_session|CURRENT_SESSION_STATE,UNIQUE_NAME_STRUCTURAL_SEED,NONE
F0083,discussion_sessions#11,discussion_sessions,phase_deadline,,RETAIN,DISCUSSION,discussion_session,CURRENT_SESSION_STATE,SP0065,1,phase_deadline|DISCUSSION|discussion_session|CURRENT_SESSION_STATE,UNIQUE_NAME_STRUCTURAL_SEED,NONE
F0084,discussion_sessions#12,discussion_sessions,ended_at,,RETAIN,DISCUSSION,discussion_session,CURRENT_SESSION_STATE,SP0066,1,ended_at|DISCUSSION|discussion_session|CURRENT_SESSION_STATE,UNIQUE_NAME_STRUCTURAL_SEED,NONE
F0085,discussion_sessions#13,discussion_sessions,outcome,SN033,RETAIN,DISCUSSION,discussion_session,CURRENT_SESSION_STATE,SP0067,1,outcome|DISCUSSION|discussion_session|CURRENT_SESSION_STATE,SAME_NAME_SPLIT_BY_STRUCTURE,NONE
F0086,discussion_sessions#14,discussion_sessions,show_initial_choices,,RETAIN,DISCUSSION,discussion_session,CURRENT_SESSION_STATE,SP0068,1,show_initial_choices|DISCUSSION|discussion_session|CURRENT_SESSION_STATE,UNIQUE_NAME_STRUCTURAL_SEED,NONE
F0087,discussion_sessions#15,discussion_sessions,allow_free_text,,RETAIN,DISCUSSION,discussion_session,CURRENT_SESSION_STATE,SP0069,1,allow_free_text|DISCUSSION|discussion_session|CURRENT_SESSION_STATE,UNIQUE_NAME_STRUCTURAL_SEED,NONE
F0088,discussion_sessions#16,discussion_sessions,require_final_vote,,RETAIN,DISCUSSION,discussion_session,CURRENT_SESSION_STATE,SP0070,1,require_final_vote|DISCUSSION|discussion_session|CURRENT_SESSION_STATE,UNIQUE_NAME_STRUCTURAL_SEED,NONE
F0089,discussion_sessions#17,discussion_sessions,vote_options,,RETAIN,DISCUSSION,discussion_session,CURRENT_SESSION_STATE,SP0071,1,vote_options|DISCUSSION|discussion_session|CURRENT_SESSION_STATE,UNIQUE_NAME_STRUCTURAL_SEED,NONE
F0090,discussion_sessions#18,discussion_sessions,tie_policy,,RETAIN,DISCUSSION,discussion_session,CURRENT_SESSION_STATE,SP0072,1,tie_policy|DISCUSSION|discussion_session|CURRENT_SESSION_STATE,UNIQUE_NAME_STRUCTURAL_SEED,NONE
F0091,discussion_sessions#19,discussion_sessions,revote_window_sec,,RETAIN,DISCUSSION,discussion_session,CURRENT_SESSION_STATE,SP0073,1,revote_window_sec|DISCUSSION|discussion_session|CURRENT_SESSION_STATE,UNIQUE_NAME_STRUCTURAL_SEED,NONE
F0092,discussion_sessions#20,discussion_sessions,max_revotes,,RETAIN,DISCUSSION,discussion_session,CURRENT_SESSION_STATE,SP0074,1,max_revotes|DISCUSSION|discussion_session|CURRENT_SESSION_STATE,UNIQUE_NAME_STRUCTURAL_SEED,NONE
F0093,discussion_sessions#21,discussion_sessions,fallback_resolution,,RETAIN,DISCUSSION,discussion_session,CURRENT_SESSION_STATE,SP0075,1,fallback_resolution|DISCUSSION|discussion_session|CURRENT_SESSION_STATE,UNIQUE_NAME_STRUCTURAL_SEED,NONE
F0094,discussion_sessions#22,discussion_sessions,discussion_timeout_policy,,RETAIN,DISCUSSION,discussion_session,CURRENT_SESSION_STATE,SP0076,1,discussion_timeout_policy|DISCUSSION|discussion_session|CURRENT_SESSION_STATE,UNIQUE_NAME_STRUCTURAL_SEED,NONE
F0095,discussion_sessions#23,discussion_sessions,vote_timeout_policy,,RETAIN,DISCUSSION,discussion_session,CURRENT_SESSION_STATE,SP0077,1,vote_timeout_policy|DISCUSSION|discussion_session|CURRENT_SESSION_STATE,UNIQUE_NAME_STRUCTURAL_SEED,NONE
F0096,discussion_sessions#24,discussion_sessions,discussion_time_limit_sec,,RETAIN,DISCUSSION,discussion_session,CURRENT_SESSION_STATE,SP0078,1,discussion_time_limit_sec|DISCUSSION|discussion_session|CURRENT_SESSION_STATE,UNIQUE_NAME_STRUCTURAL_SEED,NONE
F0097,discussion_sessions#25,discussion_sessions,vote_time_limit_sec,,RETAIN,DISCUSSION,discussion_session,CURRENT_SESSION_STATE,SP0079,1,vote_time_limit_sec|DISCUSSION|discussion_session|CURRENT_SESSION_STATE,UNIQUE_NAME_STRUCTURAL_SEED,NONE
F0098,discussion_sessions#26,discussion_sessions,silent_texting_mode,SN046,RETAIN,DISCUSSION,discussion_session,CURRENT_SESSION_STATE,SP0080,1,silent_texting_mode|DISCUSSION|discussion_session|CURRENT_SESSION_STATE,SAME_NAME_SPLIT_BY_STRUCTURE,NONE
F0099,discussion_sessions#27,discussion_sessions,allow_pocket,,RETAIN,DISCUSSION,discussion_session,CURRENT_SESSION_STATE,SP0081,1,allow_pocket|DISCUSSION|discussion_session|CURRENT_SESSION_STATE,UNIQUE_NAME_STRUCTURAL_SEED,NONE
F0100,discussion_sessions#28,discussion_sessions,allow_memories_observations,,RETAIN,DISCUSSION,discussion_session,CURRENT_SESSION_STATE,SP0082,1,allow_memories_observations|DISCUSSION|discussion_session|CURRENT_SESSION_STATE,UNIQUE_NAME_STRUCTURAL_SEED,NONE
F0101,discussion_sessions#29,discussion_sessions,allow_share_photo,SN005,RETAIN,DISCUSSION,discussion_session,CURRENT_SESSION_STATE,SP0083,1,allow_share_photo|DISCUSSION|discussion_session|CURRENT_SESSION_STATE,SAME_NAME_SPLIT_BY_STRUCTURE,NONE
F0102,game_runs#01,game_runs,run_id,SN044,CONTEXT_ONLY,RUN_ENVELOPE,run,CURRENT_RUN_ENVELOPE,,0,,REMOVED_FROM_PRIMARY_CLUSTERING_BY_R1,NONE
F0103,game_runs#02,game_runs,room_code,SN042,CONTEXT_ONLY,RUN_ENVELOPE,run,CURRENT_RUN_ENVELOPE,,0,,REMOVED_FROM_PRIMARY_CLUSTERING_BY_R1,NONE
F0104,game_runs#03,game_runs,run_started_at,,RETAIN,RUN_ENVELOPE,run,CURRENT_RUN_ENVELOPE,SP0084,1,run_started_at|RUN_ENVELOPE|run|CURRENT_RUN_ENVELOPE,UNIQUE_NAME_STRUCTURAL_SEED,NONE
F0105,game_runs#04,game_runs,run_mode,,RETAIN,RUN_ENVELOPE,run,CURRENT_RUN_ENVELOPE,SP0085,1,run_mode|RUN_ENVELOPE|run|CURRENT_RUN_ENVELOPE,UNIQUE_NAME_STRUCTURAL_SEED,NONE
F0106,game_runs#05,game_runs,behavior_dataset_eligible,,RETAIN,RUN_ENVELOPE,run,CURRENT_RUN_ENVELOPE,SP0086,1,behavior_dataset_eligible|RUN_ENVELOPE|run|CURRENT_RUN_ENVELOPE,UNIQUE_NAME_STRUCTURAL_SEED,NONE
F0107,game_runs#06,game_runs,status,SN048,RETAIN,RUN_ENVELOPE,run,CURRENT_RUN_ENVELOPE,SP0087,1,status|RUN_ENVELOPE|run|CURRENT_RUN_ENVELOPE,SAME_NAME_SPLIT_BY_STRUCTURE,NONE
F0108,game_runs#07,game_runs,scene_id,SN045,RETAIN,RUN_ENVELOPE,run,CURRENT_RUN_ENVELOPE,SP0088,1,scene_id|RUN_ENVELOPE|run|CURRENT_RUN_ENVELOPE,SAME_NAME_SPLIT_BY_STRUCTURE,NONE
F0109,game_runs#08,game_runs,phase_key,SN036,RETAIN,RUN_ENVELOPE,run,CURRENT_RUN_ENVELOPE,SP0089,1,phase_key|RUN_ENVELOPE|run|CURRENT_RUN_ENVELOPE,SAME_NAME_SPLIT_BY_STRUCTURE,NONE
F0110,game_runs#09,game_runs,step_key,SN049,RETAIN,RUN_ENVELOPE,run,CURRENT_RUN_ENVELOPE,SP0090,1,step_key|RUN_ENVELOPE|run|CURRENT_RUN_ENVELOPE,SAME_NAME_SPLIT_BY_STRUCTURE,NONE
F0111,game_runs#10,game_runs,silent_texting_mode,SN046,RETAIN,RUN_ENVELOPE,run,CURRENT_RUN_ENVELOPE,SP0091,1,silent_texting_mode|RUN_ENVELOPE|run|CURRENT_RUN_ENVELOPE,SAME_NAME_SPLIT_BY_STRUCTURE,NONE
F0112,game_runs#11,game_runs,created_at,SN016,EXCLUDE_TECHNICAL,RUN_ENVELOPE,run,CURRENT_RUN_ENVELOPE,,0,,REMOVED_FROM_PRIMARY_CLUSTERING_BY_R1,NONE
F0113,game_runs#12,game_runs,audit_private_debug_view,,RETAIN,RUN_ENVELOPE,run,CURRENT_RUN_ENVELOPE,SP0092,1,audit_private_debug_view|RUN_ENVELOPE|run|CURRENT_RUN_ENVELOPE,UNIQUE_NAME_STRUCTURAL_SEED,NONE
F0114,game_runs#13,game_runs,active_override_id,,RETAIN,RUN_ENVELOPE,run,CURRENT_RUN_ENVELOPE,SP0093,1,active_override_id|RUN_ENVELOPE|run|CURRENT_RUN_ENVELOPE,UNIQUE_NAME_STRUCTURAL_SEED,NONE
F0115,game_runs#14,game_runs,session_integrity_verified,,RETAIN,RUN_ENVELOPE,run,CURRENT_RUN_ENVELOPE,SP0094,1,session_integrity_verified|RUN_ENVELOPE|run|CURRENT_RUN_ENVELOPE,UNIQUE_NAME_STRUCTURAL_SEED,NONE
F0116,game_runs#15,game_runs,game_completed,,RETAIN,RUN_ENVELOPE,run,CURRENT_RUN_ENVELOPE,SP0095,1,game_completed|RUN_ENVELOPE|run|CURRENT_RUN_ENVELOPE,UNIQUE_NAME_STRUCTURAL_SEED,NONE
F0117,game_runs#16,game_runs,export_ready,,RETAIN,RUN_ENVELOPE,run,CURRENT_RUN_ENVELOPE,SP0096,1,export_ready|RUN_ENVELOPE|run|CURRENT_RUN_ENVELOPE,UNIQUE_NAME_STRUCTURAL_SEED,NONE
F0118,game_runs#17,game_runs,completed_at,SN014,RETAIN,RUN_ENVELOPE,run,CURRENT_RUN_ENVELOPE,SP0097,1,completed_at|RUN_ENVELOPE|run|CURRENT_RUN_ENVELOPE,SAME_NAME_SPLIT_BY_STRUCTURE,NONE
F0119,runtime_events#01,runtime_events,event_id,SN025,EXCLUDE_TECHNICAL,EVENT_AUDIT,event,HISTORICAL_EVENT_SNAPSHOT,,0,,REMOVED_FROM_PRIMARY_CLUSTERING_BY_R1,NONE
F0120,runtime_events#02,runtime_events,run_id,SN044,CONTEXT_ONLY,EVENT_AUDIT,event,HISTORICAL_EVENT_SNAPSHOT,,0,,REMOVED_FROM_PRIMARY_CLUSTERING_BY_R1,NONE
F0121,runtime_events#03,runtime_events,room_code,SN042,CONTEXT_ONLY,EVENT_AUDIT,event,HISTORICAL_EVENT_SNAPSHOT,,0,,REMOVED_FROM_PRIMARY_CLUSTERING_BY_R1,NONE
F0122,runtime_events#04,runtime_events,discussion_session_id,SN022,CONTEXT_ONLY,EVENT_AUDIT,event,HISTORICAL_EVENT_SNAPSHOT,,0,,REMOVED_FROM_PRIMARY_CLUSTERING_BY_R1,NONE
F0123,runtime_events#05,runtime_events,event_type,SN026,RETAIN,EVENT_AUDIT,event,HISTORICAL_EVENT_SNAPSHOT,SP0001,2,event_type|EVENT_AUDIT|event|HISTORICAL_EVENT_SNAPSHOT,SAME_NAME_STILL_STRUCTURALLY_COMPARABLE,NONE
F0124,runtime_events#06,runtime_events,actor_player_id,SN004,RETAIN,EVENT_AUDIT,event,HISTORICAL_EVENT_SNAPSHOT,SP0098,1,actor_player_id|EVENT_AUDIT|event|HISTORICAL_EVENT_SNAPSHOT,SAME_NAME_SPLIT_BY_STRUCTURE,NONE
F0125,runtime_events#07,runtime_events,details,SN020,RETAIN,EVENT_AUDIT,event,HISTORICAL_EVENT_SNAPSHOT,SP0005,2,details|EVENT_AUDIT|event|HISTORICAL_EVENT_SNAPSHOT,SAME_NAME_STILL_STRUCTURALLY_COMPARABLE,NONE
F0126,runtime_events#08,runtime_events,created_at,SN016,EXCLUDE_TECHNICAL,EVENT_AUDIT,event,HISTORICAL_EVENT_SNAPSHOT,,0,,REMOVED_FROM_PRIMARY_CLUSTERING_BY_R1,NONE
F0127,runtime_events#09,runtime_events,scene_id,SN045,RETAIN,EVENT_AUDIT,event,HISTORICAL_EVENT_SNAPSHOT,SP0099,1,scene_id|EVENT_AUDIT|event|HISTORICAL_EVENT_SNAPSHOT,SAME_NAME_SPLIT_BY_STRUCTURE,NONE
F0128,runtime_events#10,runtime_events,phase_key,SN036,RETAIN,EVENT_AUDIT,event,HISTORICAL_EVENT_SNAPSHOT,SP0003,2,phase_key|EVENT_AUDIT|event|HISTORICAL_EVENT_SNAPSHOT,SAME_NAME_STILL_STRUCTURALLY_COMPARABLE,NONE
F0129,runtime_events#11,runtime_events,step_key,SN049,RETAIN,EVENT_AUDIT,event,HISTORICAL_EVENT_SNAPSHOT,SP0100,1,step_key|EVENT_AUDIT|event|HISTORICAL_EVENT_SNAPSHOT,SAME_NAME_SPLIT_BY_STRUCTURE,NONE
F0130,runtime_events#12,runtime_events,event_source,,RETAIN,EVENT_AUDIT,event,HISTORICAL_EVENT_SNAPSHOT,SP0101,1,event_source|EVENT_AUDIT|event|HISTORICAL_EVENT_SNAPSHOT,UNIQUE_NAME_STRUCTURAL_SEED,NONE
F0131,runtime_events#13,runtime_events,validity,SN053,RETAIN,EVENT_AUDIT,event,HISTORICAL_EVENT_SNAPSHOT,SP0102,1,validity|EVENT_AUDIT|event|HISTORICAL_EVENT_SNAPSHOT,SAME_NAME_SPLIT_BY_STRUCTURE,NONE
F0132,runtime_events#14,runtime_events,behavior_scoring,SN009,RETAIN,EVENT_AUDIT,event,HISTORICAL_EVENT_SNAPSHOT,SP0103,1,behavior_scoring|EVENT_AUDIT|event|HISTORICAL_EVENT_SNAPSHOT,SAME_NAME_SPLIT_BY_STRUCTURE,NONE
F0133,runtime_events#15,runtime_events,interaction_id,,RETAIN,EVENT_AUDIT,event,HISTORICAL_EVENT_SNAPSHOT,SP0104,1,interaction_id|EVENT_AUDIT|event|HISTORICAL_EVENT_SNAPSHOT,UNIQUE_NAME_STRUCTURAL_SEED,NONE
F0134,runtime_events#16,runtime_events,client_request_id,SN013,EXCLUDE_TECHNICAL,EVENT_AUDIT,event,HISTORICAL_EVENT_SNAPSHOT,,0,,REMOVED_FROM_PRIMARY_CLUSTERING_BY_R1,NONE
F0135,runtime_player_decisions#01,runtime_player_decisions,decision_id,SN017,EXCLUDE_TECHNICAL,DISCUSSION,decision,LOCKED_DECISION_RECORD,,0,,REMOVED_FROM_PRIMARY_CLUSTERING_BY_R1,NONE
F0136,runtime_player_decisions#02,runtime_player_decisions,run_id,SN044,CONTEXT_ONLY,DISCUSSION,decision,LOCKED_DECISION_RECORD,,0,,REMOVED_FROM_PRIMARY_CLUSTERING_BY_R1,NONE
F0137,runtime_player_decisions#03,runtime_player_decisions,discussion_session_id,SN022,CONTEXT_ONLY,DISCUSSION,decision,LOCKED_DECISION_RECORD,,0,,REMOVED_FROM_PRIMARY_CLUSTERING_BY_R1,NONE
F0138,runtime_player_decisions#04,runtime_player_decisions,scene_id,SN045,RETAIN,DISCUSSION,decision,LOCKED_DECISION_RECORD,SP0105,1,scene_id|DISCUSSION|decision|LOCKED_DECISION_RECORD,SAME_NAME_SPLIT_BY_STRUCTURE,NONE
F0139,runtime_player_decisions#05,runtime_player_decisions,phase_key,SN036,RETAIN,DISCUSSION,decision,LOCKED_DECISION_RECORD,SP0106,1,phase_key|DISCUSSION|decision|LOCKED_DECISION_RECORD,SAME_NAME_SPLIT_BY_STRUCTURE,NONE
F0140,runtime_player_decisions#06,runtime_player_decisions,step_key,SN049,RETAIN,DISCUSSION,decision,LOCKED_DECISION_RECORD,SP0107,1,step_key|DISCUSSION|decision|LOCKED_DECISION_RECORD,SAME_NAME_SPLIT_BY_STRUCTURE,NONE
F0141,runtime_player_decisions#07,runtime_player_decisions,vote_round,SN055,RETAIN,DISCUSSION,decision,LOCKED_DECISION_RECORD,SP0108,1,vote_round|DISCUSSION|decision|LOCKED_DECISION_RECORD,SAME_NAME_SPLIT_BY_STRUCTURE,NONE
F0142,runtime_player_decisions#08,runtime_player_decisions,player_id,SN037,CONTEXT_ONLY,DISCUSSION,decision,LOCKED_DECISION_RECORD,,0,,REMOVED_FROM_PRIMARY_CLUSTERING_BY_R1,NONE
F0143,runtime_player_decisions#09,runtime_player_decisions,decision_type,SN018,RETAIN,DISCUSSION,decision,LOCKED_DECISION_RECORD,SP0109,1,decision_type|DISCUSSION|decision|LOCKED_DECISION_RECORD,SAME_NAME_SPLIT_BY_STRUCTURE,NONE
F0144,runtime_player_decisions#10,runtime_player_decisions,choice_id,SN010,RETAIN,DISCUSSION,decision,LOCKED_DECISION_RECORD,SP0110,1,choice_id|DISCUSSION|decision|LOCKED_DECISION_RECORD,SAME_NAME_SPLIT_BY_STRUCTURE,NONE
F0145,runtime_player_decisions#11,runtime_player_decisions,choice_label,SN011,RETAIN,DISCUSSION,decision,LOCKED_DECISION_RECORD,SP0111,1,choice_label|DISCUSSION|decision|LOCKED_DECISION_RECORD,SAME_NAME_SPLIT_BY_STRUCTURE,NONE
F0146,runtime_player_decisions#12,runtime_player_decisions,locked_at,SN030,RETAIN,DISCUSSION,decision,LOCKED_DECISION_RECORD,SP0112,1,locked_at|DISCUSSION|decision|LOCKED_DECISION_RECORD,SAME_NAME_SPLIT_BY_STRUCTURE,NONE
F0147,runtime_player_decisions#13,runtime_player_decisions,validity,SN053,RETAIN,DISCUSSION,decision,LOCKED_DECISION_RECORD,SP0113,1,validity|DISCUSSION|decision|LOCKED_DECISION_RECORD,SAME_NAME_SPLIT_BY_STRUCTURE,NONE
F0148,runtime_player_decisions#14,runtime_player_decisions,context_provenance,,RETAIN,DISCUSSION,decision,LOCKED_DECISION_RECORD,SP0114,1,context_provenance|DISCUSSION|decision|LOCKED_DECISION_RECORD,UNIQUE_NAME_STRUCTURAL_SEED,NONE
F0149,s1_game_events#01,s1_game_events,event_id,SN025,EXCLUDE_TECHNICAL,LEGACY_SPRINT1,event,HISTORICAL_EVENT_SNAPSHOT,,0,,REMOVED_FROM_PRIMARY_CLUSTERING_BY_R1,NONE
F0150,s1_game_events#02,s1_game_events,room_code,SN042,CONTEXT_ONLY,LEGACY_SPRINT1,event,HISTORICAL_EVENT_SNAPSHOT,,0,,REMOVED_FROM_PRIMARY_CLUSTERING_BY_R1,NONE
F0151,s1_game_events#03,s1_game_events,event_type,SN026,RETAIN,LEGACY_SPRINT1,event,HISTORICAL_EVENT_SNAPSHOT,SP0115,1,event_type|LEGACY_SPRINT1|event|HISTORICAL_EVENT_SNAPSHOT,SAME_NAME_SPLIT_BY_STRUCTURE,NONE
F0152,s1_game_events#04,s1_game_events,actor_player_id,SN004,RETAIN,LEGACY_SPRINT1,event,HISTORICAL_EVENT_SNAPSHOT,SP0116,1,actor_player_id|LEGACY_SPRINT1|event|HISTORICAL_EVENT_SNAPSHOT,SAME_NAME_SPLIT_BY_STRUCTURE,NONE
F0153,s1_game_events#05,s1_game_events,details,SN020,RETAIN,LEGACY_SPRINT1,event,HISTORICAL_EVENT_SNAPSHOT,SP0117,1,details|LEGACY_SPRINT1|event|HISTORICAL_EVENT_SNAPSHOT,SAME_NAME_SPLIT_BY_STRUCTURE,NONE
F0154,s1_game_events#06,s1_game_events,created_at,SN016,EXCLUDE_TECHNICAL,LEGACY_SPRINT1,event,HISTORICAL_EVENT_SNAPSHOT,,0,,REMOVED_FROM_PRIMARY_CLUSTERING_BY_R1,NONE
F0155,s1_player_decisions#01,s1_player_decisions,decision_id,SN017,EXCLUDE_TECHNICAL,LEGACY_SPRINT1,decision,LOCKED_DECISION_RECORD,,0,,REMOVED_FROM_PRIMARY_CLUSTERING_BY_R1,NONE
F0156,s1_player_decisions#02,s1_player_decisions,room_code,SN042,CONTEXT_ONLY,LEGACY_SPRINT1,decision,LOCKED_DECISION_RECORD,,0,,REMOVED_FROM_PRIMARY_CLUSTERING_BY_R1,NONE
F0157,s1_player_decisions#03,s1_player_decisions,scene_id,SN045,RETAIN,LEGACY_SPRINT1,decision,LOCKED_DECISION_RECORD,SP0118,1,scene_id|LEGACY_SPRINT1|decision|LOCKED_DECISION_RECORD,SAME_NAME_SPLIT_BY_STRUCTURE,NONE
F0158,s1_player_decisions#04,s1_player_decisions,player_id,SN037,CONTEXT_ONLY,LEGACY_SPRINT1,decision,LOCKED_DECISION_RECORD,,0,,REMOVED_FROM_PRIMARY_CLUSTERING_BY_R1,NONE
F0159,s1_player_decisions#05,s1_player_decisions,decision_type,SN018,RETAIN,LEGACY_SPRINT1,decision,LOCKED_DECISION_RECORD,SP0119,1,decision_type|LEGACY_SPRINT1|decision|LOCKED_DECISION_RECORD,SAME_NAME_SPLIT_BY_STRUCTURE,NONE
F0160,s1_player_decisions#06,s1_player_decisions,choice_id,SN010,RETAIN,LEGACY_SPRINT1,decision,LOCKED_DECISION_RECORD,SP0120,1,choice_id|LEGACY_SPRINT1|decision|LOCKED_DECISION_RECORD,SAME_NAME_SPLIT_BY_STRUCTURE,NONE
F0161,s1_player_decisions#07,s1_player_decisions,choice_label,SN011,RETAIN,LEGACY_SPRINT1,decision,LOCKED_DECISION_RECORD,SP0121,1,choice_label|LEGACY_SPRINT1|decision|LOCKED_DECISION_RECORD,SAME_NAME_SPLIT_BY_STRUCTURE,NONE
F0162,s1_player_decisions#08,s1_player_decisions,locked_at,SN030,RETAIN,LEGACY_SPRINT1,decision,LOCKED_DECISION_RECORD,SP0122,1,locked_at|LEGACY_SPRINT1|decision|LOCKED_DECISION_RECORD,SAME_NAME_SPLIT_BY_STRUCTURE,NONE
F0163,s1_room_players#01,s1_room_players,player_id,SN037,CONTEXT_ONLY,ROOM_SESSION,room_player,CURRENT_SESSION_MEMBERSHIP,,0,,REMOVED_FROM_PRIMARY_CLUSTERING_BY_R1,NONE
F0164,s1_room_players#02,s1_room_players,room_code,SN042,CONTEXT_ONLY,ROOM_SESSION,room_player,CURRENT_SESSION_MEMBERSHIP,,0,,REMOVED_FROM_PRIMARY_CLUSTERING_BY_R1,NONE
F0165,s1_room_players#03,s1_room_players,role_slot,,RETAIN,ROOM_SESSION,room_player,CURRENT_SESSION_MEMBERSHIP,SP0123,1,role_slot|ROOM_SESSION|room_player|CURRENT_SESSION_MEMBERSHIP,UNIQUE_NAME_STRUCTURAL_SEED,NONE
F0166,s1_room_players#04,s1_room_players,display_name,SN023,RETAIN,ROOM_SESSION,room_player,CURRENT_SESSION_MEMBERSHIP,SP0124,1,display_name|ROOM_SESSION|room_player|CURRENT_SESSION_MEMBERSHIP,SAME_NAME_SPLIT_BY_STRUCTURE,NONE
F0167,s1_room_players#05,s1_room_players,join_code_hash,,EXCLUDE_TECHNICAL,ROOM_SESSION,room_player,CURRENT_SESSION_MEMBERSHIP,,0,,REMOVED_FROM_PRIMARY_CLUSTERING_BY_R1,NONE
F0168,s1_room_players#06,s1_room_players,session_token_hash,,EXCLUDE_TECHNICAL,ROOM_SESSION,room_player,CURRENT_SESSION_MEMBERSHIP,,0,,REMOVED_FROM_PRIMARY_CLUSTERING_BY_R1,NONE
F0169,s1_room_players#07,s1_room_players,joined_at,,RETAIN,ROOM_SESSION,room_player,CURRENT_SESSION_MEMBERSHIP,SP0125,1,joined_at|ROOM_SESSION|room_player|CURRENT_SESSION_MEMBERSHIP,UNIQUE_NAME_STRUCTURAL_SEED,NONE
F0170,s1_room_players#08,s1_room_players,last_seen_at,,RETAIN,ROOM_SESSION,room_player,CURRENT_SESSION_MEMBERSHIP,SP0126,1,last_seen_at|ROOM_SESSION|room_player|CURRENT_SESSION_MEMBERSHIP,UNIQUE_NAME_STRUCTURAL_SEED,NONE
F0171,s1_room_state#01,s1_room_state,room_code,SN042,CONTEXT_ONLY,LEGACY_SPRINT1,room,CURRENT_LEGACY_ROOM_STATE,,0,,REMOVED_FROM_PRIMARY_CLUSTERING_BY_R1,NONE
F0172,s1_room_state#02,s1_room_state,current_scene,,RETAIN,LEGACY_SPRINT1,room,CURRENT_LEGACY_ROOM_STATE,SP0127,1,current_scene|LEGACY_SPRINT1|room|CURRENT_LEGACY_ROOM_STATE,UNIQUE_NAME_STRUCTURAL_SEED,NONE
F0173,s1_room_state#03,s1_room_state,phase,,RETAIN,LEGACY_SPRINT1,room,CURRENT_LEGACY_ROOM_STATE,SP0128,1,phase|LEGACY_SPRINT1|room|CURRENT_LEGACY_ROOM_STATE,UNIQUE_NAME_STRUCTURAL_SEED,NONE
F0174,s1_room_state#04,s1_room_state,updated_at,SN052,EXCLUDE_TECHNICAL,LEGACY_SPRINT1,room,CURRENT_LEGACY_ROOM_STATE,,0,,REMOVED_FROM_PRIMARY_CLUSTERING_BY_R1,NONE
F0175,s1_rooms#01,s1_rooms,room_code,SN042,CONTEXT_ONLY,ROOM_SESSION,room,ROOM_IDENTITY_RECORD,,0,,REMOVED_FROM_PRIMARY_CLUSTERING_BY_R1,NONE
F0176,s1_rooms#02,s1_rooms,teacher_token_hash,,EXCLUDE_TECHNICAL,ROOM_SESSION,room,ROOM_IDENTITY_RECORD,,0,,REMOVED_FROM_PRIMARY_CLUSTERING_BY_R1,NONE
F0177,s1_rooms#03,s1_rooms,created_at,SN016,EXCLUDE_TECHNICAL,ROOM_SESSION,room,ROOM_IDENTITY_RECORD,,0,,REMOVED_FROM_PRIMARY_CLUSTERING_BY_R1,NONE
F0178,s1_rooms#04,s1_rooms,updated_at,SN052,EXCLUDE_TECHNICAL,ROOM_SESSION,room,ROOM_IDENTITY_RECORD,,0,,REMOVED_FROM_PRIMARY_CLUSTERING_BY_R1,NONE
F0179,s1_scene_choices#01,s1_scene_choices,scene_id,SN045,RETAIN,LEGACY_SPRINT1,scene_choice_catalog,STATIC_CATALOG_DEFINITION,SP0129,1,scene_id|LEGACY_SPRINT1|scene_choice_catalog|STATIC_CATALOG_DEFINITION,SAME_NAME_SPLIT_BY_STRUCTURE,NONE
F0180,s1_scene_choices#02,s1_scene_choices,choice_id,SN010,RETAIN,LEGACY_SPRINT1,scene_choice_catalog,STATIC_CATALOG_DEFINITION,SP0130,1,choice_id|LEGACY_SPRINT1|scene_choice_catalog|STATIC_CATALOG_DEFINITION,SAME_NAME_SPLIT_BY_STRUCTURE,NONE
F0181,s1_scene_choices#03,s1_scene_choices,choice_label,SN011,RETAIN,LEGACY_SPRINT1,scene_choice_catalog,STATIC_CATALOG_DEFINITION,SP0131,1,choice_label|LEGACY_SPRINT1|scene_choice_catalog|STATIC_CATALOG_DEFINITION,SAME_NAME_SPLIT_BY_STRUCTURE,NONE
F0182,s1_scene_choices#04,s1_scene_choices,active,,RETAIN,LEGACY_SPRINT1,scene_choice_catalog,STATIC_CATALOG_DEFINITION,SP0132,1,active|LEGACY_SPRINT1|scene_choice_catalog|STATIC_CATALOG_DEFINITION,UNIQUE_NAME_STRUCTURAL_SEED,NONE
F0183,s3_group_items#01,s3_group_items,run_id,SN044,CONTEXT_ONLY,POCKET_KNOWLEDGE,group_inventory_item,CURRENT_INVENTORY_RELATION,,0,,REMOVED_FROM_PRIMARY_CLUSTERING_BY_R1,NONE
F0184,s3_group_items#02,s3_group_items,item_key,SN027,RETAIN,POCKET_KNOWLEDGE,group_inventory_item,CURRENT_INVENTORY_RELATION,SP0133,1,item_key|POCKET_KNOWLEDGE|group_inventory_item|CURRENT_INVENTORY_RELATION,SAME_NAME_SPLIT_BY_STRUCTURE,NONE
F0185,s3_group_items#03,s3_group_items,label_text_key,SN029,RETAIN,POCKET_KNOWLEDGE,group_inventory_item,CURRENT_INVENTORY_RELATION,SP0134,1,label_text_key|POCKET_KNOWLEDGE|group_inventory_item|CURRENT_INVENTORY_RELATION,SAME_NAME_SPLIT_BY_STRUCTURE,NONE
F0186,s3_group_items#04,s3_group_items,acquired_at,SN001,RETAIN,POCKET_KNOWLEDGE,group_inventory_item,CURRENT_INVENTORY_RELATION,SP0135,1,acquired_at|POCKET_KNOWLEDGE|group_inventory_item|CURRENT_INVENTORY_RELATION,SAME_NAME_SPLIT_BY_STRUCTURE,NONE
F0187,s3_item_catalog#01,s3_item_catalog,item_key,SN027,RETAIN,POCKET_KNOWLEDGE,item_catalog,STATIC_CATALOG_DEFINITION,SP0136,1,item_key|POCKET_KNOWLEDGE|item_catalog|STATIC_CATALOG_DEFINITION,SAME_NAME_SPLIT_BY_STRUCTURE,NONE
F0188,s3_item_catalog#02,s3_item_catalog,name_text_key,,RETAIN,POCKET_KNOWLEDGE,item_catalog,STATIC_CATALOG_DEFINITION,SP0137,1,name_text_key|POCKET_KNOWLEDGE|item_catalog|STATIC_CATALOG_DEFINITION,UNIQUE_NAME_STRUCTURAL_SEED,NONE
F0189,s3_item_catalog#03,s3_item_catalog,shareable_views,,RETAIN,POCKET_KNOWLEDGE,item_catalog,STATIC_CATALOG_DEFINITION,SP0138,1,shareable_views|POCKET_KNOWLEDGE|item_catalog|STATIC_CATALOG_DEFINITION,UNIQUE_NAME_STRUCTURAL_SEED,NONE
F0190,s3_knowledge_catalog#01,s3_knowledge_catalog,knowledge_key,SN028,RETAIN,POCKET_KNOWLEDGE,knowledge_catalog,STATIC_CATALOG_DEFINITION,SP0139,1,knowledge_key|POCKET_KNOWLEDGE|knowledge_catalog|STATIC_CATALOG_DEFINITION,SAME_NAME_SPLIT_BY_STRUCTURE,NONE
F0191,s3_observation_catalog#01,s3_observation_catalog,observation_key,SN031,RETAIN,POCKET_KNOWLEDGE,observation_catalog,STATIC_CATALOG_DEFINITION,SP0140,1,observation_key|POCKET_KNOWLEDGE|observation_catalog|STATIC_CATALOG_DEFINITION,SAME_NAME_SPLIT_BY_STRUCTURE,NONE
F0192,s3_observation_catalog#02,s3_observation_catalog,display_text_key,SN024,RETAIN,POCKET_KNOWLEDGE,observation_catalog,STATIC_CATALOG_DEFINITION,SP0141,1,display_text_key|POCKET_KNOWLEDGE|observation_catalog|STATIC_CATALOG_DEFINITION,SAME_NAME_SPLIT_BY_STRUCTURE,NONE
F0193,s3_player_item_view_state#01,s3_player_item_view_state,run_id,SN044,CONTEXT_ONLY,POCKET_KNOWLEDGE,player_item_view,CURRENT_PLAYER_VIEW_STATE,,0,,REMOVED_FROM_PRIMARY_CLUSTERING_BY_R1,NONE
F0194,s3_player_item_view_state#02,s3_player_item_view_state,player_id,SN037,CONTEXT_ONLY,POCKET_KNOWLEDGE,player_item_view,CURRENT_PLAYER_VIEW_STATE,,0,,REMOVED_FROM_PRIMARY_CLUSTERING_BY_R1,NONE
F0195,s3_player_item_view_state#03,s3_player_item_view_state,item_key,SN027,RETAIN,POCKET_KNOWLEDGE,player_item_view,CURRENT_PLAYER_VIEW_STATE,SP0142,1,item_key|POCKET_KNOWLEDGE|player_item_view|CURRENT_PLAYER_VIEW_STATE,SAME_NAME_SPLIT_BY_STRUCTURE,NONE
F0196,s3_player_item_view_state#04,s3_player_item_view_state,current_view,,RETAIN,POCKET_KNOWLEDGE,player_item_view,CURRENT_PLAYER_VIEW_STATE,SP0143,1,current_view|POCKET_KNOWLEDGE|player_item_view|CURRENT_PLAYER_VIEW_STATE,UNIQUE_NAME_STRUCTURAL_SEED,NONE
F0197,s3_player_item_view_state#05,s3_player_item_view_state,updated_at,SN052,EXCLUDE_TECHNICAL,POCKET_KNOWLEDGE,player_item_view,CURRENT_PLAYER_VIEW_STATE,,0,,REMOVED_FROM_PRIMARY_CLUSTERING_BY_R1,NONE
F0198,s3_player_items#01,s3_player_items,run_id,SN044,CONTEXT_ONLY,POCKET_KNOWLEDGE,player_item,CURRENT_ITEM_OWNERSHIP_STATE,,0,,REMOVED_FROM_PRIMARY_CLUSTERING_BY_R1,NONE
F0199,s3_player_items#02,s3_player_items,item_key,SN027,RETAIN,POCKET_KNOWLEDGE,player_item,CURRENT_ITEM_OWNERSHIP_STATE,SP0144,1,item_key|POCKET_KNOWLEDGE|player_item|CURRENT_ITEM_OWNERSHIP_STATE,SAME_NAME_SPLIT_BY_STRUCTURE,NONE
F0200,s3_player_items#03,s3_player_items,physical_owner_id,,RETAIN,POCKET_KNOWLEDGE,player_item,CURRENT_ITEM_OWNERSHIP_STATE,SP0145,1,physical_owner_id|POCKET_KNOWLEDGE|player_item|CURRENT_ITEM_OWNERSHIP_STATE,UNIQUE_NAME_STRUCTURAL_SEED,NONE
F0201,s3_player_items#04,s3_player_items,acquired_at,SN001,RETAIN,POCKET_KNOWLEDGE,player_item,CURRENT_ITEM_OWNERSHIP_STATE,SP0146,1,acquired_at|POCKET_KNOWLEDGE|player_item|CURRENT_ITEM_OWNERSHIP_STATE,SAME_NAME_SPLIT_BY_STRUCTURE,NONE
F0202,s3_player_knowledge#01,s3_player_knowledge,acquisition_id,,EXCLUDE_TECHNICAL,POCKET_KNOWLEDGE,player_knowledge,KNOWLEDGE_ACQUISITION_RECORD,,0,,REMOVED_FROM_PRIMARY_CLUSTERING_BY_R1,NONE
F0203,s3_player_knowledge#02,s3_player_knowledge,run_id,SN044,CONTEXT_ONLY,POCKET_KNOWLEDGE,player_knowledge,KNOWLEDGE_ACQUISITION_RECORD,,0,,REMOVED_FROM_PRIMARY_CLUSTERING_BY_R1,NONE
F0204,s3_player_knowledge#03,s3_player_knowledge,player_id,SN037,CONTEXT_ONLY,POCKET_KNOWLEDGE,player_knowledge,KNOWLEDGE_ACQUISITION_RECORD,,0,,REMOVED_FROM_PRIMARY_CLUSTERING_BY_R1,NONE
F0205,s3_player_knowledge#04,s3_player_knowledge,knowledge_key,SN028,RETAIN,POCKET_KNOWLEDGE,player_knowledge,KNOWLEDGE_ACQUISITION_RECORD,SP0147,1,knowledge_key|POCKET_KNOWLEDGE|player_knowledge|KNOWLEDGE_ACQUISITION_RECORD,SAME_NAME_SPLIT_BY_STRUCTURE,NONE
F0206,s3_player_knowledge#05,s3_player_knowledge,source,,RETAIN,POCKET_KNOWLEDGE,player_knowledge,KNOWLEDGE_ACQUISITION_RECORD,SP0148,1,source|POCKET_KNOWLEDGE|player_knowledge|KNOWLEDGE_ACQUISITION_RECORD,UNIQUE_NAME_STRUCTURAL_SEED,NONE
F0207,s3_player_knowledge#06,s3_player_knowledge,scene_id,SN045,RETAIN,POCKET_KNOWLEDGE,player_knowledge,KNOWLEDGE_ACQUISITION_RECORD,SP0149,1,scene_id|POCKET_KNOWLEDGE|player_knowledge|KNOWLEDGE_ACQUISITION_RECORD,SAME_NAME_SPLIT_BY_STRUCTURE,NONE
F0208,s3_player_knowledge#07,s3_player_knowledge,source_player_id,,RETAIN,POCKET_KNOWLEDGE,player_knowledge,KNOWLEDGE_ACQUISITION_RECORD,SP0150,1,source_player_id|POCKET_KNOWLEDGE|player_knowledge|KNOWLEDGE_ACQUISITION_RECORD,UNIQUE_NAME_STRUCTURAL_SEED,NONE
F0209,s3_player_knowledge#08,s3_player_knowledge,source_item_key,SN047,RETAIN,POCKET_KNOWLEDGE,player_knowledge,KNOWLEDGE_ACQUISITION_RECORD,SP0151,1,source_item_key|POCKET_KNOWLEDGE|player_knowledge|KNOWLEDGE_ACQUISITION_RECORD,SAME_NAME_SPLIT_BY_STRUCTURE,NONE
F0210,s3_player_knowledge#09,s3_player_knowledge,delivered_at,SN019,RETAIN,POCKET_KNOWLEDGE,player_knowledge,KNOWLEDGE_ACQUISITION_RECORD,SP0152,1,delivered_at|POCKET_KNOWLEDGE|player_knowledge|KNOWLEDGE_ACQUISITION_RECORD,SAME_NAME_SPLIT_BY_STRUCTURE,NONE
F0211,s3_player_observations#01,s3_player_observations,run_id,SN044,CONTEXT_ONLY,POCKET_KNOWLEDGE,player_observation,OBSERVATION_ACQUISITION_RECORD,,0,,REMOVED_FROM_PRIMARY_CLUSTERING_BY_R1,NONE
F0212,s3_player_observations#02,s3_player_observations,player_id,SN037,CONTEXT_ONLY,POCKET_KNOWLEDGE,player_observation,OBSERVATION_ACQUISITION_RECORD,,0,,REMOVED_FROM_PRIMARY_CLUSTERING_BY_R1,NONE
F0213,s3_player_observations#03,s3_player_observations,observation_key,SN031,RETAIN,POCKET_KNOWLEDGE,player_observation,OBSERVATION_ACQUISITION_RECORD,SP0153,1,observation_key|POCKET_KNOWLEDGE|player_observation|OBSERVATION_ACQUISITION_RECORD,SAME_NAME_SPLIT_BY_STRUCTURE,NONE
F0214,s3_player_observations#04,s3_player_observations,display_text_key,SN024,RETAIN,POCKET_KNOWLEDGE,player_observation,OBSERVATION_ACQUISITION_RECORD,SP0154,1,display_text_key|POCKET_KNOWLEDGE|player_observation|OBSERVATION_ACQUISITION_RECORD,SAME_NAME_SPLIT_BY_STRUCTURE,NONE
F0215,s3_player_observations#05,s3_player_observations,discovered_at_scene,,RETAIN,POCKET_KNOWLEDGE,player_observation,OBSERVATION_ACQUISITION_RECORD,SP0155,1,discovered_at_scene|POCKET_KNOWLEDGE|player_observation|OBSERVATION_ACQUISITION_RECORD,UNIQUE_NAME_STRUCTURAL_SEED,NONE
F0216,s3_player_observations#06,s3_player_observations,discovered_at,SN021,RETAIN,POCKET_KNOWLEDGE,player_observation,OBSERVATION_ACQUISITION_RECORD,SP0156,1,discovered_at|POCKET_KNOWLEDGE|player_observation|OBSERVATION_ACQUISITION_RECORD,SAME_NAME_SPLIT_BY_STRUCTURE,NONE
F0217,s3_runtime_scene_state#01,s3_runtime_scene_state,run_id,SN044,CONTEXT_ONLY,PRESENTATION,run_scene,CURRENT_PRESENTATION_STATE,,0,,REMOVED_FROM_PRIMARY_CLUSTERING_BY_R1,NONE
F0218,s3_runtime_scene_state#02,s3_runtime_scene_state,scene_id,SN045,RETAIN,PRESENTATION,run_scene,CURRENT_PRESENTATION_STATE,SP0157,1,scene_id|PRESENTATION|run_scene|CURRENT_PRESENTATION_STATE,SAME_NAME_SPLIT_BY_STRUCTURE,NONE
F0219,s3_runtime_scene_state#03,s3_runtime_scene_state,phase_key,SN036,RETAIN,PRESENTATION,run_scene,CURRENT_PRESENTATION_STATE,SP0158,1,phase_key|PRESENTATION|run_scene|CURRENT_PRESENTATION_STATE,SAME_NAME_SPLIT_BY_STRUCTURE,NONE
F0220,s3_runtime_scene_state#04,s3_runtime_scene_state,step_key,SN049,RETAIN,PRESENTATION,run_scene,CURRENT_PRESENTATION_STATE,SP0159,1,step_key|PRESENTATION|run_scene|CURRENT_PRESENTATION_STATE,SAME_NAME_SPLIT_BY_STRUCTURE,NONE
F0221,s3_runtime_scene_state#05,s3_runtime_scene_state,display_mode,,RETAIN,PRESENTATION,run_scene,CURRENT_PRESENTATION_STATE,SP0160,1,display_mode|PRESENTATION|run_scene|CURRENT_PRESENTATION_STATE,UNIQUE_NAME_STRUCTURAL_SEED,NONE
F0222,s3_runtime_scene_state#06,s3_runtime_scene_state,text_key,SN051,RETAIN,PRESENTATION,run_scene,CURRENT_PRESENTATION_STATE,SP0161,1,text_key|PRESENTATION|run_scene|CURRENT_PRESENTATION_STATE,SAME_NAME_SPLIT_BY_STRUCTURE,NONE
F0223,s3_runtime_scene_state#07,s3_runtime_scene_state,current_route_target,,RETAIN,PRESENTATION,run_scene,CURRENT_PRESENTATION_STATE,SP0162,1,current_route_target|PRESENTATION|run_scene|CURRENT_PRESENTATION_STATE,UNIQUE_NAME_STRUCTURAL_SEED,NONE
F0224,s3_runtime_scene_state#08,s3_runtime_scene_state,wayfinding_target,,RETAIN,PRESENTATION,run_scene,CURRENT_PRESENTATION_STATE,SP0163,1,wayfinding_target|PRESENTATION|run_scene|CURRENT_PRESENTATION_STATE,UNIQUE_NAME_STRUCTURAL_SEED,NONE
F0225,s3_runtime_scene_state#09,s3_runtime_scene_state,updated_at,SN052,EXCLUDE_TECHNICAL,PRESENTATION,run_scene,CURRENT_PRESENTATION_STATE,,0,,REMOVED_FROM_PRIMARY_CLUSTERING_BY_R1,NONE
F0226,s3_runtime_scene_state#10,s3_runtime_scene_state,allow_share_photo,SN005,RETAIN,PRESENTATION,run_scene,CURRENT_PRESENTATION_STATE,SP0164,1,allow_share_photo|PRESENTATION|run_scene|CURRENT_PRESENTATION_STATE,SAME_NAME_SPLIT_BY_STRUCTURE,NONE
F0227,s3_shared_photos#01,s3_shared_photos,photo_copy_id,,EXCLUDE_TECHNICAL,POCKET_KNOWLEDGE,photo_transfer,HISTORICAL_TRANSFER_RECORD,,0,,REMOVED_FROM_PRIMARY_CLUSTERING_BY_R1,NONE
F0228,s3_shared_photos#02,s3_shared_photos,run_id,SN044,CONTEXT_ONLY,POCKET_KNOWLEDGE,photo_transfer,HISTORICAL_TRANSFER_RECORD,,0,,REMOVED_FROM_PRIMARY_CLUSTERING_BY_R1,NONE
F0229,s3_shared_photos#03,s3_shared_photos,received_by,,RETAIN,POCKET_KNOWLEDGE,photo_transfer,HISTORICAL_TRANSFER_RECORD,SP0165,1,received_by|POCKET_KNOWLEDGE|photo_transfer|HISTORICAL_TRANSFER_RECORD,UNIQUE_NAME_STRUCTURAL_SEED,NONE
F0230,s3_shared_photos#04,s3_shared_photos,shared_by,,RETAIN,POCKET_KNOWLEDGE,photo_transfer,HISTORICAL_TRANSFER_RECORD,SP0166,1,shared_by|POCKET_KNOWLEDGE|photo_transfer|HISTORICAL_TRANSFER_RECORD,UNIQUE_NAME_STRUCTURAL_SEED,NONE
F0231,s3_shared_photos#05,s3_shared_photos,source_item_key,SN047,RETAIN,POCKET_KNOWLEDGE,photo_transfer,HISTORICAL_TRANSFER_RECORD,SP0167,1,source_item_key|POCKET_KNOWLEDGE|photo_transfer|HISTORICAL_TRANSFER_RECORD,SAME_NAME_SPLIT_BY_STRUCTURE,NONE
F0232,s3_shared_photos#06,s3_shared_photos,source_view,,RETAIN,POCKET_KNOWLEDGE,photo_transfer,HISTORICAL_TRANSFER_RECORD,SP0168,1,source_view|POCKET_KNOWLEDGE|photo_transfer|HISTORICAL_TRANSFER_RECORD,UNIQUE_NAME_STRUCTURAL_SEED,NONE
F0233,s3_shared_photos#07,s3_shared_photos,label_text_key,SN029,RETAIN,POCKET_KNOWLEDGE,photo_transfer,HISTORICAL_TRANSFER_RECORD,SP0169,1,label_text_key|POCKET_KNOWLEDGE|photo_transfer|HISTORICAL_TRANSFER_RECORD,SAME_NAME_SPLIT_BY_STRUCTURE,NONE
F0234,s3_shared_photos#08,s3_shared_photos,shared_at,,RETAIN,POCKET_KNOWLEDGE,photo_transfer,HISTORICAL_TRANSFER_RECORD,SP0170,1,shared_at|POCKET_KNOWLEDGE|photo_transfer|HISTORICAL_TRANSFER_RECORD,UNIQUE_NAME_STRUCTURAL_SEED,NONE
F0235,s3b_library_attempts#01,s3b_library_attempts,run_id,SN044,CONTEXT_ONLY,ACT1_5,library_attempt,ATTEMPT_RECORD,,0,,REMOVED_FROM_PRIMARY_CLUSTERING_BY_R1,NONE
F0236,s3b_library_attempts#02,s3b_library_attempts,attempt_number,,RETAIN,ACT1_5,library_attempt,ATTEMPT_RECORD,SP0171,1,attempt_number|ACT1_5|library_attempt|ATTEMPT_RECORD,UNIQUE_NAME_STRUCTURAL_SEED,NONE
F0237,s3b_library_attempts#03,s3b_library_attempts,submitted_by,,RETAIN,ACT1_5,library_attempt,ATTEMPT_RECORD,SP0172,1,submitted_by|ACT1_5|library_attempt|ATTEMPT_RECORD,UNIQUE_NAME_STRUCTURAL_SEED,NONE
F0238,s3b_library_attempts#04,s3b_library_attempts,submitted_value,,RETAIN,ACT1_5,library_attempt,ATTEMPT_RECORD,SP0173,1,submitted_value|ACT1_5|library_attempt|ATTEMPT_RECORD,UNIQUE_NAME_STRUCTURAL_SEED,NONE
F0239,s3b_library_attempts#05,s3b_library_attempts,submitted_at,SN050,RETAIN,ACT1_5,library_attempt,ATTEMPT_RECORD,SP0174,1,submitted_at|ACT1_5|library_attempt|ATTEMPT_RECORD,SAME_NAME_SPLIT_BY_STRUCTURE,NONE
F0240,s3b_library_attempts#06,s3b_library_attempts,correct,,RETAIN,ACT1_5,library_attempt,ATTEMPT_RECORD,SP0175,1,correct|ACT1_5|library_attempt|ATTEMPT_RECORD,UNIQUE_NAME_STRUCTURAL_SEED,NONE
F0241,s3b_library_attempts#07,s3b_library_attempts,client_request_id,SN013,EXCLUDE_TECHNICAL,ACT1_5,library_attempt,ATTEMPT_RECORD,,0,,REMOVED_FROM_PRIMARY_CLUSTERING_BY_R1,NONE
F0242,s3b_player_facts#01,s3b_player_facts,run_id,SN044,CONTEXT_ONLY,ACT1_5,player_fact,PLAYER_FACT_RECORD,,0,,REMOVED_FROM_PRIMARY_CLUSTERING_BY_R1,NONE
F0243,s3b_player_facts#02,s3b_player_facts,player_id,SN037,CONTEXT_ONLY,ACT1_5,player_fact,PLAYER_FACT_RECORD,,0,,REMOVED_FROM_PRIMARY_CLUSTERING_BY_R1,NONE
F0244,s3b_player_facts#03,s3b_player_facts,fact_key,,RETAIN,ACT1_5,player_fact,PLAYER_FACT_RECORD,SP0176,1,fact_key|ACT1_5|player_fact|PLAYER_FACT_RECORD,UNIQUE_NAME_STRUCTURAL_SEED,NONE
F0245,s3b_player_facts#04,s3b_player_facts,discovered_at,SN021,RETAIN,ACT1_5,player_fact,PLAYER_FACT_RECORD,SP0177,1,discovered_at|ACT1_5|player_fact|PLAYER_FACT_RECORD,SAME_NAME_SPLIT_BY_STRUCTURE,NONE
F0246,s3b_player_progress#01,s3b_player_progress,run_id,SN044,CONTEXT_ONLY,ACT1_5,player_progress,CURRENT_PLAYER_PROGRESS_STATE,,0,,REMOVED_FROM_PRIMARY_CLUSTERING_BY_R1,NONE
F0247,s3b_player_progress#02,s3b_player_progress,player_id,SN037,CONTEXT_ONLY,ACT1_5,player_progress,CURRENT_PLAYER_PROGRESS_STATE,,0,,REMOVED_FROM_PRIMARY_CLUSTERING_BY_R1,NONE
F0248,s3b_player_progress#03,s3b_player_progress,act1_choice_id,,RETAIN,ACT1_5,player_progress,CURRENT_PLAYER_PROGRESS_STATE,SP0178,1,act1_choice_id|ACT1_5|player_progress|CURRENT_PLAYER_PROGRESS_STATE,UNIQUE_NAME_STRUCTURAL_SEED,NONE
F0249,s3b_player_progress#04,s3b_player_progress,act1_locked_at,,RETAIN,ACT1_5,player_progress,CURRENT_PLAYER_PROGRESS_STATE,SP0179,1,act1_locked_at|ACT1_5|player_progress|CURRENT_PLAYER_PROGRESS_STATE,UNIQUE_NAME_STRUCTURAL_SEED,NONE
F0250,s3b_player_progress#05,s3b_player_progress,first_meeting_choice,,RETAIN,ACT1_5,player_progress,CURRENT_PLAYER_PROGRESS_STATE,SP0180,1,first_meeting_choice|ACT1_5|player_progress|CURRENT_PLAYER_PROGRESS_STATE,UNIQUE_NAME_STRUCTURAL_SEED,NONE
F0251,s3b_player_progress#06,s3b_player_progress,first_meeting_locked_at,,RETAIN,ACT1_5,player_progress,CURRENT_PLAYER_PROGRESS_STATE,SP0181,1,first_meeting_locked_at|ACT1_5|player_progress|CURRENT_PLAYER_PROGRESS_STATE,UNIQUE_NAME_STRUCTURAL_SEED,NONE
F0252,s3b_player_progress#07,s3b_player_progress,grab_complete,,RETAIN,ACT1_5,player_progress,CURRENT_PLAYER_PROGRESS_STATE,SP0182,1,grab_complete|ACT1_5|player_progress|CURRENT_PLAYER_PROGRESS_STATE,UNIQUE_NAME_STRUCTURAL_SEED,NONE
F0253,s3b_player_progress#08,s3b_player_progress,left_start_room,,RETAIN,ACT1_5,player_progress,CURRENT_PLAYER_PROGRESS_STATE,SP0183,1,left_start_room|ACT1_5|player_progress|CURRENT_PLAYER_PROGRESS_STATE,UNIQUE_NAME_STRUCTURAL_SEED,NONE
F0254,s3b_player_progress#09,s3b_player_progress,player_location,,RETAIN,ACT1_5,player_progress,CURRENT_PLAYER_PROGRESS_STATE,SP0184,1,player_location|ACT1_5|player_progress|CURRENT_PLAYER_PROGRESS_STATE,UNIQUE_NAME_STRUCTURAL_SEED,NONE
F0255,s3b_player_progress#10,s3b_player_progress,act4_choice_id,,RETAIN,ACT1_5,player_progress,CURRENT_PLAYER_PROGRESS_STATE,SP0185,1,act4_choice_id|ACT1_5|player_progress|CURRENT_PLAYER_PROGRESS_STATE,UNIQUE_NAME_STRUCTURAL_SEED,NONE
F0256,s3b_player_progress#11,s3b_player_progress,act4_locked_at,,RETAIN,ACT1_5,player_progress,CURRENT_PLAYER_PROGRESS_STATE,SP0186,1,act4_locked_at|ACT1_5|player_progress|CURRENT_PLAYER_PROGRESS_STATE,UNIQUE_NAME_STRUCTURAL_SEED,NONE
F0257,s3b_player_progress#12,s3b_player_progress,act1_stage,,RETAIN,ACT1_5,player_progress,CURRENT_PLAYER_PROGRESS_STATE,SP0187,1,act1_stage|ACT1_5|player_progress|CURRENT_PLAYER_PROGRESS_STATE,UNIQUE_NAME_STRUCTURAL_SEED,NONE
F0258,s3b_player_progress#13,s3b_player_progress,act1_text_keys,,RETAIN,ACT1_5,player_progress,CURRENT_PLAYER_PROGRESS_STATE,SP0188,1,act1_text_keys|ACT1_5|player_progress|CURRENT_PLAYER_PROGRESS_STATE,UNIQUE_NAME_STRUCTURAL_SEED,NONE
F0259,s3b_player_progress#14,s3b_player_progress,route_update_ack_at,,RETAIN,ACT1_5,player_progress,CURRENT_PLAYER_PROGRESS_STATE,SP0189,1,route_update_ack_at|ACT1_5|player_progress|CURRENT_PLAYER_PROGRESS_STATE,UNIQUE_NAME_STRUCTURAL_SEED,NONE
F0260,s3b_player_progress#15,s3b_player_progress,act1_action_started_at,,RETAIN,ACT1_5,player_progress,CURRENT_PLAYER_PROGRESS_STATE,SP0190,1,act1_action_started_at|ACT1_5|player_progress|CURRENT_PLAYER_PROGRESS_STATE,UNIQUE_NAME_STRUCTURAL_SEED,NONE
F0261,s3b_player_progress#16,s3b_player_progress,act1_timing_validity,,RETAIN,ACT1_5,player_progress,CURRENT_PLAYER_PROGRESS_STATE,SP0191,1,act1_timing_validity|ACT1_5|player_progress|CURRENT_PLAYER_PROGRESS_STATE,UNIQUE_NAME_STRUCTURAL_SEED,NONE
F0262,s3b_player_progress#17,s3b_player_progress,first_meeting_started_at,,RETAIN,ACT1_5,player_progress,CURRENT_PLAYER_PROGRESS_STATE,SP0192,1,first_meeting_started_at|ACT1_5|player_progress|CURRENT_PLAYER_PROGRESS_STATE,UNIQUE_NAME_STRUCTURAL_SEED,NONE
F0263,s3b_player_progress#18,s3b_player_progress,first_meeting_timing_validity,,RETAIN,ACT1_5,player_progress,CURRENT_PLAYER_PROGRESS_STATE,SP0193,1,first_meeting_timing_validity|ACT1_5|player_progress|CURRENT_PLAYER_PROGRESS_STATE,UNIQUE_NAME_STRUCTURAL_SEED,NONE
F0264,s3b_player_progress#19,s3b_player_progress,act4_choice_started_at,,RETAIN,ACT1_5,player_progress,CURRENT_PLAYER_PROGRESS_STATE,SP0194,1,act4_choice_started_at|ACT1_5|player_progress|CURRENT_PLAYER_PROGRESS_STATE,UNIQUE_NAME_STRUCTURAL_SEED,NONE
F0265,s3b_player_progress#20,s3b_player_progress,act4_timing_validity,,RETAIN,ACT1_5,player_progress,CURRENT_PLAYER_PROGRESS_STATE,SP0195,1,act4_timing_validity|ACT1_5|player_progress|CURRENT_PLAYER_PROGRESS_STATE,UNIQUE_NAME_STRUCTURAL_SEED,NONE
F0266,s3b_player_progress#21,s3b_player_progress,act6_handoff_observed_at,,RETAIN,ACT1_5,player_progress,CURRENT_PLAYER_PROGRESS_STATE,SP0196,1,act6_handoff_observed_at|ACT1_5|player_progress|CURRENT_PLAYER_PROGRESS_STATE,UNIQUE_NAME_STRUCTURAL_SEED,NONE
F0267,s3b_player_progress#22,s3b_player_progress,act6_entered_at,SN002,RETAIN,ACT1_5,player_progress,CURRENT_PLAYER_PROGRESS_STATE,SP0197,1,act6_entered_at|ACT1_5|player_progress|CURRENT_PLAYER_PROGRESS_STATE,SAME_NAME_SPLIT_BY_STRUCTURE,NONE
F0268,s3b_post_inspection_route_votes#01,s3b_post_inspection_route_votes,vote_id,,EXCLUDE_TECHNICAL,ACT1_5,route_vote,LOCKED_DECISION_RECORD,,0,,REMOVED_FROM_PRIMARY_CLUSTERING_BY_R1,NONE
F0269,s3b_post_inspection_route_votes#02,s3b_post_inspection_route_votes,run_id,SN044,CONTEXT_ONLY,ACT1_5,route_vote,LOCKED_DECISION_RECORD,,0,,REMOVED_FROM_PRIMARY_CLUSTERING_BY_R1,NONE
F0270,s3b_post_inspection_route_votes#03,s3b_post_inspection_route_votes,player_id,SN037,CONTEXT_ONLY,ACT1_5,route_vote,LOCKED_DECISION_RECORD,,0,,REMOVED_FROM_PRIMARY_CLUSTERING_BY_R1,NONE
F0271,s3b_post_inspection_route_votes#04,s3b_post_inspection_route_votes,decision_key,,RETAIN,ACT1_5,route_vote,LOCKED_DECISION_RECORD,SP0198,1,decision_key|ACT1_5|route_vote|LOCKED_DECISION_RECORD,UNIQUE_NAME_STRUCTURAL_SEED,NONE
F0272,s3b_post_inspection_route_votes#05,s3b_post_inspection_route_votes,choice_id,SN010,RETAIN,ACT1_5,route_vote,LOCKED_DECISION_RECORD,SP0199,1,choice_id|ACT1_5|route_vote|LOCKED_DECISION_RECORD,SAME_NAME_SPLIT_BY_STRUCTURE,NONE
F0273,s3b_post_inspection_route_votes#06,s3b_post_inspection_route_votes,decision_type,SN018,RETAIN,ACT1_5,route_vote,LOCKED_DECISION_RECORD,SP0200,1,decision_type|ACT1_5|route_vote|LOCKED_DECISION_RECORD,SAME_NAME_SPLIT_BY_STRUCTURE,NONE
F0274,s3b_post_inspection_route_votes#07,s3b_post_inspection_route_votes,behavior_scoring,SN009,RETAIN,ACT1_5,route_vote,LOCKED_DECISION_RECORD,SP0201,1,behavior_scoring|ACT1_5|route_vote|LOCKED_DECISION_RECORD,SAME_NAME_SPLIT_BY_STRUCTURE,NONE
F0275,s3b_post_inspection_route_votes#08,s3b_post_inspection_route_votes,validity,SN053,RETAIN,ACT1_5,route_vote,LOCKED_DECISION_RECORD,SP0202,1,validity|ACT1_5|route_vote|LOCKED_DECISION_RECORD,SAME_NAME_SPLIT_BY_STRUCTURE,NONE
F0276,s3b_post_inspection_route_votes#09,s3b_post_inspection_route_votes,locked_at,SN030,RETAIN,ACT1_5,route_vote,LOCKED_DECISION_RECORD,SP0203,1,locked_at|ACT1_5|route_vote|LOCKED_DECISION_RECORD,SAME_NAME_SPLIT_BY_STRUCTURE,NONE
F0277,s3b_run_state#01,s3b_run_state,run_id,SN044,CONTEXT_ONLY,ACT1_5,run,CURRENT_ACT1_5_STATE,,0,,REMOVED_FROM_PRIMARY_CLUSTERING_BY_R1,NONE
F0278,s3b_run_state#02,s3b_run_state,final_meeting_result,,RETAIN,ACT1_5,run,CURRENT_ACT1_5_STATE,SP0204,1,final_meeting_result|ACT1_5|run|CURRENT_ACT1_5_STATE,UNIQUE_NAME_STRUCTURAL_SEED,NONE
F0279,s3b_run_state#03,s3b_run_state,failed_rendezvous_completed,,RETAIN,ACT1_5,run,CURRENT_ACT1_5_STATE,SP0205,1,failed_rendezvous_completed|ACT1_5|run|CURRENT_ACT1_5_STATE,UNIQUE_NAME_STRUCTURAL_SEED,NONE
F0280,s3b_run_state#04,s3b_run_state,party_physically_reunited,,RETAIN,ACT1_5,run,CURRENT_ACT1_5_STATE,SP0206,1,party_physically_reunited|ACT1_5|run|CURRENT_ACT1_5_STATE,UNIQUE_NAME_STRUCTURAL_SEED,NONE
F0281,s3b_run_state#05,s3b_run_state,puzzle_started_at,,RETAIN,ACT1_5,run,CURRENT_ACT1_5_STATE,SP0207,1,puzzle_started_at|ACT1_5|run|CURRENT_ACT1_5_STATE,UNIQUE_NAME_STRUCTURAL_SEED,NONE
F0282,s3b_run_state#06,s3b_run_state,puzzle_deadline,,RETAIN,ACT1_5,run,CURRENT_ACT1_5_STATE,SP0208,1,puzzle_deadline|ACT1_5|run|CURRENT_ACT1_5_STATE,UNIQUE_NAME_STRUCTURAL_SEED,NONE
F0283,s3b_run_state#07,s3b_run_state,puzzle_attempt_number,,RETAIN,ACT1_5,run,CURRENT_ACT1_5_STATE,SP0209,1,puzzle_attempt_number|ACT1_5|run|CURRENT_ACT1_5_STATE,UNIQUE_NAME_STRUCTURAL_SEED,NONE
F0284,s3b_run_state#08,s3b_run_state,puzzle_hint_stage,,RETAIN,ACT1_5,run,CURRENT_ACT1_5_STATE,SP0210,1,puzzle_hint_stage|ACT1_5|run|CURRENT_ACT1_5_STATE,UNIQUE_NAME_STRUCTURAL_SEED,NONE
F0285,s3b_run_state#09,s3b_run_state,puzzle_resolved_at,,RETAIN,ACT1_5,run,CURRENT_ACT1_5_STATE,SP0211,1,puzzle_resolved_at|ACT1_5|run|CURRENT_ACT1_5_STATE,UNIQUE_NAME_STRUCTURAL_SEED,NONE
F0286,s3b_run_state#10,s3b_run_state,group_route,,RETAIN,ACT1_5,run,CURRENT_ACT1_5_STATE,SP0212,1,group_route|ACT1_5|run|CURRENT_ACT1_5_STATE,UNIQUE_NAME_STRUCTURAL_SEED,NONE
F0287,s3b_run_state#11,s3b_run_state,unknown_passage_inspected,,RETAIN,ACT1_5,run,CURRENT_ACT1_5_STATE,SP0213,1,unknown_passage_inspected|ACT1_5|run|CURRENT_ACT1_5_STATE,UNIQUE_NAME_STRUCTURAL_SEED,NONE
F0288,s3b_run_state#12,s3b_run_state,terminal_state,,RETAIN,ACT1_5,run,CURRENT_ACT1_5_STATE,SP0214,1,terminal_state|ACT1_5|run|CURRENT_ACT1_5_STATE,UNIQUE_NAME_STRUCTURAL_SEED,NONE
F0289,s3b_run_state#13,s3b_run_state,updated_at,SN052,EXCLUDE_TECHNICAL,ACT1_5,run,CURRENT_ACT1_5_STATE,,0,,REMOVED_FROM_PRIMARY_CLUSTERING_BY_R1,NONE
F0290,s3b_run_state#14,s3b_run_state,pending_post_inspection_route,,RETAIN,ACT1_5,run,CURRENT_ACT1_5_STATE,SP0215,1,pending_post_inspection_route|ACT1_5|run|CURRENT_ACT1_5_STATE,UNIQUE_NAME_STRUCTURAL_SEED,NONE
F0291,s3b_run_state#15,s3b_run_state,puzzle_locked_prefix,,RETAIN,ACT1_5,run,CURRENT_ACT1_5_STATE,SP0216,1,puzzle_locked_prefix|ACT1_5|run|CURRENT_ACT1_5_STATE,UNIQUE_NAME_STRUCTURAL_SEED,NONE
F0292,s5_act8_private_choices#01,s5_act8_private_choices,run_id,SN044,CONTEXT_ONLY,ACT6_8,private_choice,LOCKED_DECISION_RECORD,,0,,REMOVED_FROM_PRIMARY_CLUSTERING_BY_R1,NONE
F0293,s5_act8_private_choices#02,s5_act8_private_choices,player_id,SN037,CONTEXT_ONLY,ACT6_8,private_choice,LOCKED_DECISION_RECORD,,0,,REMOVED_FROM_PRIMARY_CLUSTERING_BY_R1,NONE
F0294,s5_act8_private_choices#03,s5_act8_private_choices,choice_id,SN010,RETAIN,ACT6_8,private_choice,LOCKED_DECISION_RECORD,SP0217,1,choice_id|ACT6_8|private_choice|LOCKED_DECISION_RECORD,SAME_NAME_SPLIT_BY_STRUCTURE,NONE
F0295,s5_act8_private_choices#04,s5_act8_private_choices,client_request_id,SN013,EXCLUDE_TECHNICAL,ACT6_8,private_choice,LOCKED_DECISION_RECORD,,0,,REMOVED_FROM_PRIMARY_CLUSTERING_BY_R1,NONE
F0296,s5_act8_private_choices#05,s5_act8_private_choices,locked_at,SN030,RETAIN,ACT6_8,private_choice,LOCKED_DECISION_RECORD,SP0218,1,locked_at|ACT6_8|private_choice|LOCKED_DECISION_RECORD,SAME_NAME_SPLIT_BY_STRUCTURE,NONE
F0297,s5_rounds#01,s5_rounds,discussion_session_id,SN022,CONTEXT_ONLY,DISCUSSION,discussion_round,ROUND_LIFECYCLE_RECORD,,0,,REMOVED_FROM_PRIMARY_CLUSTERING_BY_R1,NONE
F0298,s5_rounds#02,s5_rounds,run_id,SN044,CONTEXT_ONLY,DISCUSSION,discussion_round,ROUND_LIFECYCLE_RECORD,,0,,REMOVED_FROM_PRIMARY_CLUSTERING_BY_R1,NONE
F0299,s5_rounds#03,s5_rounds,phase_key,SN036,RETAIN,DISCUSSION,discussion_round,ROUND_LIFECYCLE_RECORD,SP0219,1,phase_key|DISCUSSION|discussion_round|ROUND_LIFECYCLE_RECORD,SAME_NAME_SPLIT_BY_STRUCTURE,NONE
F0300,s5_rounds#04,s5_rounds,vote_round,SN055,RETAIN,DISCUSSION,discussion_round,ROUND_LIFECYCLE_RECORD,SP0220,1,vote_round|DISCUSSION|discussion_round|ROUND_LIFECYCLE_RECORD,SAME_NAME_SPLIT_BY_STRUCTURE,NONE
F0301,s5_rounds#05,s5_rounds,topic_text_key,,RETAIN,DISCUSSION,discussion_round,ROUND_LIFECYCLE_RECORD,SP0221,1,topic_text_key|DISCUSSION|discussion_round|ROUND_LIFECYCLE_RECORD,UNIQUE_NAME_STRUCTURAL_SEED,NONE
F0302,s5_rounds#06,s5_rounds,status,SN048,RETAIN,DISCUSSION,discussion_round,ROUND_LIFECYCLE_RECORD,SP0222,1,status|DISCUSSION|discussion_round|ROUND_LIFECYCLE_RECORD,SAME_NAME_SPLIT_BY_STRUCTURE,NONE
F0303,s5_rounds#07,s5_rounds,resolution_source,SN040,RETAIN,DISCUSSION,discussion_round,ROUND_LIFECYCLE_RECORD,SP0223,1,resolution_source|DISCUSSION|discussion_round|ROUND_LIFECYCLE_RECORD,SAME_NAME_SPLIT_BY_STRUCTURE,NONE
F0304,s5_rounds#08,s5_rounds,created_at,SN016,EXCLUDE_TECHNICAL,DISCUSSION,discussion_round,ROUND_LIFECYCLE_RECORD,,0,,REMOVED_FROM_PRIMARY_CLUSTERING_BY_R1,NONE
F0305,s5_rounds#09,s5_rounds,resolved_at,,RETAIN,DISCUSSION,discussion_round,ROUND_LIFECYCLE_RECORD,SP0224,1,resolved_at|DISCUSSION|discussion_round|ROUND_LIFECYCLE_RECORD,UNIQUE_NAME_STRUCTURAL_SEED,NONE
F0306,s5_run_state#01,s5_run_state,run_id,SN044,CONTEXT_ONLY,ACT6_8,run,CURRENT_ACT6_8_STATE,,0,,REMOVED_FROM_PRIMARY_CLUSTERING_BY_R1,NONE
F0307,s5_run_state#02,s5_run_state,act_no,SN003,RETAIN,ACT6_8,run,CURRENT_ACT6_8_STATE,SP0225,1,act_no|ACT6_8|run|CURRENT_ACT6_8_STATE,SAME_NAME_SPLIT_BY_STRUCTURE,NONE
F0308,s5_run_state#03,s5_run_state,phase_key,SN036,RETAIN,ACT6_8,run,CURRENT_ACT6_8_STATE,SP0226,1,phase_key|ACT6_8|run|CURRENT_ACT6_8_STATE,SAME_NAME_SPLIT_BY_STRUCTURE,NONE
F0309,s5_run_state#04,s5_run_state,vote_round,SN055,RETAIN,ACT6_8,run,CURRENT_ACT6_8_STATE,SP0227,1,vote_round|ACT6_8|run|CURRENT_ACT6_8_STATE,SAME_NAME_SPLIT_BY_STRUCTURE,NONE
F0310,s5_run_state#05,s5_run_state,act6_resolution,,RETAIN,ACT6_8,run,CURRENT_ACT6_8_STATE,SP0228,1,act6_resolution|ACT6_8|run|CURRENT_ACT6_8_STATE,UNIQUE_NAME_STRUCTURAL_SEED,NONE
F0311,s5_run_state#06,s5_run_state,act7_wrong_attempts,,RETAIN,ACT6_8,run,CURRENT_ACT6_8_STATE,SP0229,1,act7_wrong_attempts|ACT6_8|run|CURRENT_ACT6_8_STATE,UNIQUE_NAME_STRUCTURAL_SEED,NONE
F0312,s5_run_state#07,s5_run_state,route_taken_act8,,RETAIN,ACT6_8,run,CURRENT_ACT6_8_STATE,SP0230,1,route_taken_act8|ACT6_8|run|CURRENT_ACT6_8_STATE,UNIQUE_NAME_STRUCTURAL_SEED,NONE
F0313,s5_run_state#08,s5_run_state,completed_at,SN014,RETAIN,ACT6_8,run,CURRENT_ACT6_8_STATE,SP0231,1,completed_at|ACT6_8|run|CURRENT_ACT6_8_STATE,SAME_NAME_SPLIT_BY_STRUCTURE,NONE
F0314,s5_run_state#09,s5_run_state,updated_at,SN052,EXCLUDE_TECHNICAL,ACT6_8,run,CURRENT_ACT6_8_STATE,,0,,REMOVED_FROM_PRIMARY_CLUSTERING_BY_R1,NONE
F0315,s5_run_state#10,s5_run_state,act6_entered_at,SN002,RETAIN,ACT6_8,run,CURRENT_ACT6_8_STATE,SP0232,1,act6_entered_at|ACT6_8|run|CURRENT_ACT6_8_STATE,SAME_NAME_SPLIT_BY_STRUCTURE,NONE
F0316,s5_votes#01,s5_votes,run_id,SN044,CONTEXT_ONLY,ACT6_8,vote,LOCKED_DECISION_RECORD,,0,,REMOVED_FROM_PRIMARY_CLUSTERING_BY_R1,NONE
F0317,s5_votes#02,s5_votes,phase_key,SN036,RETAIN,ACT6_8,vote,LOCKED_DECISION_RECORD,SP0233,1,phase_key|ACT6_8|vote|LOCKED_DECISION_RECORD,SAME_NAME_SPLIT_BY_STRUCTURE,NONE
F0318,s5_votes#03,s5_votes,vote_round,SN055,RETAIN,ACT6_8,vote,LOCKED_DECISION_RECORD,SP0234,1,vote_round|ACT6_8|vote|LOCKED_DECISION_RECORD,SAME_NAME_SPLIT_BY_STRUCTURE,NONE
F0319,s5_votes#04,s5_votes,player_id,SN037,CONTEXT_ONLY,ACT6_8,vote,LOCKED_DECISION_RECORD,,0,,REMOVED_FROM_PRIMARY_CLUSTERING_BY_R1,NONE
F0320,s5_votes#05,s5_votes,choice_id,SN010,RETAIN,ACT6_8,vote,LOCKED_DECISION_RECORD,SP0235,1,choice_id|ACT6_8|vote|LOCKED_DECISION_RECORD,SAME_NAME_SPLIT_BY_STRUCTURE,NONE
F0321,s5_votes#06,s5_votes,client_request_id,SN013,EXCLUDE_TECHNICAL,ACT6_8,vote,LOCKED_DECISION_RECORD,,0,,REMOVED_FROM_PRIMARY_CLUSTERING_BY_R1,NONE
F0322,s5_votes#07,s5_votes,locked_at,SN030,RETAIN,ACT6_8,vote,LOCKED_DECISION_RECORD,SP0236,1,locked_at|ACT6_8|vote|LOCKED_DECISION_RECORD,SAME_NAME_SPLIT_BY_STRUCTURE,NONE
F0323,s6_action_receipts#01,s6_action_receipts,run_id,SN044,CONTEXT_ONLY,ACT9_14,action_receipt,ACTION_RECEIPT_RECORD,,0,,REMOVED_FROM_PRIMARY_CLUSTERING_BY_R1,NONE
F0324,s6_action_receipts#02,s6_action_receipts,player_id,SN037,CONTEXT_ONLY,ACT9_14,action_receipt,ACTION_RECEIPT_RECORD,,0,,REMOVED_FROM_PRIMARY_CLUSTERING_BY_R1,NONE
F0325,s6_action_receipts#03,s6_action_receipts,request_id,SN038,EXCLUDE_TECHNICAL,ACT9_14,action_receipt,ACTION_RECEIPT_RECORD,,0,,REMOVED_FROM_PRIMARY_CLUSTERING_BY_R1,NONE
F0326,s6_action_receipts#04,s6_action_receipts,action_key,,RETAIN,ACT9_14,action_receipt,ACTION_RECEIPT_RECORD,SP0237,1,action_key|ACT9_14|action_receipt|ACTION_RECEIPT_RECORD,UNIQUE_NAME_STRUCTURAL_SEED,NONE
F0327,s6_action_receipts#05,s6_action_receipts,payload,,RETAIN,ACT9_14,action_receipt,ACTION_RECEIPT_RECORD,SP0238,1,payload|ACT9_14|action_receipt|ACTION_RECEIPT_RECORD,UNIQUE_NAME_STRUCTURAL_SEED,NONE
F0328,s6_action_receipts#06,s6_action_receipts,result,,RETAIN,ACT9_14,action_receipt,ACTION_RECEIPT_RECORD,SP0239,1,result|ACT9_14|action_receipt|ACTION_RECEIPT_RECORD,UNIQUE_NAME_STRUCTURAL_SEED,NONE
F0329,s6_action_receipts#07,s6_action_receipts,created_at,SN016,EXCLUDE_TECHNICAL,ACT9_14,action_receipt,ACTION_RECEIPT_RECORD,,0,,REMOVED_FROM_PRIMARY_CLUSTERING_BY_R1,NONE
F0330,s6_allocation_attempts#01,s6_allocation_attempts,attempt_id,,EXCLUDE_TECHNICAL,ACT9_14,allocation_attempt,ATTEMPT_RECORD,,0,,REMOVED_FROM_PRIMARY_CLUSTERING_BY_R1,NONE
F0331,s6_allocation_attempts#02,s6_allocation_attempts,run_id,SN044,CONTEXT_ONLY,ACT9_14,allocation_attempt,ATTEMPT_RECORD,,0,,REMOVED_FROM_PRIMARY_CLUSTERING_BY_R1,NONE
F0332,s6_allocation_attempts#03,s6_allocation_attempts,round_no,SN043,RETAIN,ACT9_14,allocation_attempt,ATTEMPT_RECORD,SP0240,1,round_no|ACT9_14|allocation_attempt|ATTEMPT_RECORD,SAME_NAME_SPLIT_BY_STRUCTURE,NONE
F0333,s6_allocation_attempts#04,s6_allocation_attempts,player_id,SN037,CONTEXT_ONLY,ACT9_14,allocation_attempt,ATTEMPT_RECORD,,0,,REMOVED_FROM_PRIMARY_CLUSTERING_BY_R1,NONE
F0334,s6_allocation_attempts#05,s6_allocation_attempts,role_key,SN041,RETAIN,ACT9_14,allocation_attempt,ATTEMPT_RECORD,SP0241,1,role_key|ACT9_14|allocation_attempt|ATTEMPT_RECORD,SAME_NAME_SPLIT_BY_STRUCTURE,NONE
F0335,s6_allocation_attempts#06,s6_allocation_attempts,request_id,SN038,EXCLUDE_TECHNICAL,ACT9_14,allocation_attempt,ATTEMPT_RECORD,,0,,REMOVED_FROM_PRIMARY_CLUSTERING_BY_R1,NONE
F0336,s6_allocation_attempts#07,s6_allocation_attempts,submitted_at,SN050,RETAIN,ACT9_14,allocation_attempt,ATTEMPT_RECORD,SP0242,1,submitted_at|ACT9_14|allocation_attempt|ATTEMPT_RECORD,SAME_NAME_SPLIT_BY_STRUCTURE,NONE
F0337,s6_allocations#01,s6_allocations,run_id,SN044,CONTEXT_ONLY,ACT9_14,allocation,LOCKED_ALLOCATION_RECORD,,0,,REMOVED_FROM_PRIMARY_CLUSTERING_BY_R1,NONE
F0338,s6_allocations#02,s6_allocations,player_id,SN037,CONTEXT_ONLY,ACT9_14,allocation,LOCKED_ALLOCATION_RECORD,,0,,REMOVED_FROM_PRIMARY_CLUSTERING_BY_R1,NONE
F0339,s6_allocations#03,s6_allocations,role_key,SN041,RETAIN,ACT9_14,allocation,LOCKED_ALLOCATION_RECORD,SP0243,1,role_key|ACT9_14|allocation|LOCKED_ALLOCATION_RECORD,SAME_NAME_SPLIT_BY_STRUCTURE,NONE
F0340,s6_allocations#04,s6_allocations,client_request_id,SN013,EXCLUDE_TECHNICAL,ACT9_14,allocation,LOCKED_ALLOCATION_RECORD,,0,,REMOVED_FROM_PRIMARY_CLUSTERING_BY_R1,NONE
F0341,s6_allocations#05,s6_allocations,locked_at,SN030,RETAIN,ACT9_14,allocation,LOCKED_ALLOCATION_RECORD,SP0244,1,locked_at|ACT9_14|allocation|LOCKED_ALLOCATION_RECORD,SAME_NAME_SPLIT_BY_STRUCTURE,NONE
F0342,s6_audio_consumptions#01,s6_audio_consumptions,occurrence_id,SN032,RETAIN,ACT9_14,audio_consumption,HISTORICAL_EVENT_RECORD,SP0245,1,occurrence_id|ACT9_14|audio_consumption|HISTORICAL_EVENT_RECORD,SAME_NAME_SPLIT_BY_STRUCTURE,NONE
F0343,s6_audio_consumptions#02,s6_audio_consumptions,player_id,SN037,CONTEXT_ONLY,ACT9_14,audio_consumption,HISTORICAL_EVENT_RECORD,,0,,REMOVED_FROM_PRIMARY_CLUSTERING_BY_R1,NONE
F0344,s6_audio_consumptions#03,s6_audio_consumptions,outcome,SN033,RETAIN,ACT9_14,audio_consumption,HISTORICAL_EVENT_RECORD,SP0246,1,outcome|ACT9_14|audio_consumption|HISTORICAL_EVENT_RECORD,SAME_NAME_SPLIT_BY_STRUCTURE,NONE
F0345,s6_audio_consumptions#04,s6_audio_consumptions,consumed_at,,RETAIN,ACT9_14,audio_consumption,HISTORICAL_EVENT_RECORD,SP0247,1,consumed_at|ACT9_14|audio_consumption|HISTORICAL_EVENT_RECORD,UNIQUE_NAME_STRUCTURAL_SEED,NONE
F0346,s6_audio_occurrences#01,s6_audio_occurrences,occurrence_id,SN032,RETAIN,ACT9_14,audio_occurrence,HISTORICAL_EVENT_RECORD,SP0248,1,occurrence_id|ACT9_14|audio_occurrence|HISTORICAL_EVENT_RECORD,SAME_NAME_SPLIT_BY_STRUCTURE,NONE
F0347,s6_audio_occurrences#02,s6_audio_occurrences,run_id,SN044,CONTEXT_ONLY,ACT9_14,audio_occurrence,HISTORICAL_EVENT_RECORD,,0,,REMOVED_FROM_PRIMARY_CLUSTERING_BY_R1,NONE
F0348,s6_audio_occurrences#03,s6_audio_occurrences,cue_key,,RETAIN,ACT9_14,audio_occurrence,HISTORICAL_EVENT_RECORD,SP0249,1,cue_key|ACT9_14|audio_occurrence|HISTORICAL_EVENT_RECORD,UNIQUE_NAME_STRUCTURAL_SEED,NONE
F0349,s6_audio_occurrences#04,s6_audio_occurrences,phase_key,SN036,RETAIN,ACT9_14,audio_occurrence,HISTORICAL_EVENT_RECORD,SP0250,1,phase_key|ACT9_14|audio_occurrence|HISTORICAL_EVENT_RECORD,SAME_NAME_SPLIT_BY_STRUCTURE,NONE
F0350,s6_audio_occurrences#05,s6_audio_occurrences,cinematic_stage,SN012,RETAIN,ACT9_14,audio_occurrence,HISTORICAL_EVENT_RECORD,SP0251,1,cinematic_stage|ACT9_14|audio_occurrence|HISTORICAL_EVENT_RECORD,SAME_NAME_SPLIT_BY_STRUCTURE,NONE
F0351,s6_audio_occurrences#06,s6_audio_occurrences,triggered_at,,RETAIN,ACT9_14,audio_occurrence,HISTORICAL_EVENT_RECORD,SP0252,1,triggered_at|ACT9_14|audio_occurrence|HISTORICAL_EVENT_RECORD,UNIQUE_NAME_STRUCTURAL_SEED,NONE
F0352,s6_choices#01,s6_choices,run_id,SN044,CONTEXT_ONLY,ACT9_14,choice,LOCKED_DECISION_RECORD,,0,,REMOVED_FROM_PRIMARY_CLUSTERING_BY_R1,NONE
F0353,s6_choices#02,s6_choices,phase_key,SN036,RETAIN,ACT9_14,choice,LOCKED_DECISION_RECORD,SP0253,1,phase_key|ACT9_14|choice|LOCKED_DECISION_RECORD,SAME_NAME_SPLIT_BY_STRUCTURE,NONE
F0354,s6_choices#03,s6_choices,round_no,SN043,RETAIN,ACT9_14,choice,LOCKED_DECISION_RECORD,SP0254,1,round_no|ACT9_14|choice|LOCKED_DECISION_RECORD,SAME_NAME_SPLIT_BY_STRUCTURE,NONE
F0355,s6_choices#04,s6_choices,player_id,SN037,CONTEXT_ONLY,ACT9_14,choice,LOCKED_DECISION_RECORD,,0,,REMOVED_FROM_PRIMARY_CLUSTERING_BY_R1,NONE
F0356,s6_choices#05,s6_choices,choice_id,SN010,RETAIN,ACT9_14,choice,LOCKED_DECISION_RECORD,SP0255,1,choice_id|ACT9_14|choice|LOCKED_DECISION_RECORD,SAME_NAME_SPLIT_BY_STRUCTURE,NONE
F0357,s6_choices#06,s6_choices,client_request_id,SN013,EXCLUDE_TECHNICAL,ACT9_14,choice,LOCKED_DECISION_RECORD,,0,,REMOVED_FROM_PRIMARY_CLUSTERING_BY_R1,NONE
F0358,s6_choices#07,s6_choices,response_latency_ms,,RETAIN,ACT9_14,choice,LOCKED_DECISION_RECORD,SP0256,1,response_latency_ms|ACT9_14|choice|LOCKED_DECISION_RECORD,UNIQUE_NAME_STRUCTURAL_SEED,NONE
F0359,s6_choices#08,s6_choices,role_context,,RETAIN,ACT9_14,choice,LOCKED_DECISION_RECORD,SP0257,1,role_context|ACT9_14|choice|LOCKED_DECISION_RECORD,UNIQUE_NAME_STRUCTURAL_SEED,NONE
F0360,s6_choices#09,s6_choices,locked_at,SN030,RETAIN,ACT9_14,choice,LOCKED_DECISION_RECORD,SP0258,1,locked_at|ACT9_14|choice|LOCKED_DECISION_RECORD,SAME_NAME_SPLIT_BY_STRUCTURE,NONE
F0361,s6_choices#10,s6_choices,action_step,,RETAIN,ACT9_14,choice,LOCKED_DECISION_RECORD,SP0259,1,action_step|ACT9_14|choice|LOCKED_DECISION_RECORD,UNIQUE_NAME_STRUCTURAL_SEED,NONE
F0362,s6_engagements#01,s6_engagements,run_id,SN044,CONTEXT_ONLY,ACT9_14,engagement,ENGAGEMENT_RECORD,,0,,REMOVED_FROM_PRIMARY_CLUSTERING_BY_R1,NONE
F0363,s6_engagements#02,s6_engagements,role_key,SN041,RETAIN,ACT9_14,engagement,ENGAGEMENT_RECORD,SP0260,1,role_key|ACT9_14|engagement|ENGAGEMENT_RECORD,SAME_NAME_SPLIT_BY_STRUCTURE,NONE
F0364,s6_engagements#03,s6_engagements,player_id,SN037,CONTEXT_ONLY,ACT9_14,engagement,ENGAGEMENT_RECORD,,0,,REMOVED_FROM_PRIMARY_CLUSTERING_BY_R1,NONE
F0365,s6_engagements#04,s6_engagements,engaged_at,,RETAIN,ACT9_14,engagement,ENGAGEMENT_RECORD,SP0261,1,engaged_at|ACT9_14|engagement|ENGAGEMENT_RECORD,UNIQUE_NAME_STRUCTURAL_SEED,NONE
F0366,s6_private_clues#01,s6_private_clues,run_id,SN044,CONTEXT_ONLY,POCKET_KNOWLEDGE,private_clue,KNOWLEDGE_DELIVERY_RECORD,,0,,REMOVED_FROM_PRIMARY_CLUSTERING_BY_R1,NONE
F0367,s6_private_clues#02,s6_private_clues,player_id,SN037,CONTEXT_ONLY,POCKET_KNOWLEDGE,private_clue,KNOWLEDGE_DELIVERY_RECORD,,0,,REMOVED_FROM_PRIMARY_CLUSTERING_BY_R1,NONE
F0368,s6_private_clues#03,s6_private_clues,act_no,SN003,RETAIN,POCKET_KNOWLEDGE,private_clue,KNOWLEDGE_DELIVERY_RECORD,SP0262,1,act_no|POCKET_KNOWLEDGE|private_clue|KNOWLEDGE_DELIVERY_RECORD,SAME_NAME_SPLIT_BY_STRUCTURE,NONE
F0369,s6_private_clues#04,s6_private_clues,knowledge_key,SN028,RETAIN,POCKET_KNOWLEDGE,private_clue,KNOWLEDGE_DELIVERY_RECORD,SP0263,1,knowledge_key|POCKET_KNOWLEDGE|private_clue|KNOWLEDGE_DELIVERY_RECORD,SAME_NAME_SPLIT_BY_STRUCTURE,NONE
F0370,s6_private_clues#05,s6_private_clues,text_key,SN051,RETAIN,POCKET_KNOWLEDGE,private_clue,KNOWLEDGE_DELIVERY_RECORD,SP0264,1,text_key|POCKET_KNOWLEDGE|private_clue|KNOWLEDGE_DELIVERY_RECORD,SAME_NAME_SPLIT_BY_STRUCTURE,NONE
F0371,s6_private_clues#06,s6_private_clues,delivered_at,SN019,RETAIN,POCKET_KNOWLEDGE,private_clue,KNOWLEDGE_DELIVERY_RECORD,SP0265,1,delivered_at|POCKET_KNOWLEDGE|private_clue|KNOWLEDGE_DELIVERY_RECORD,SAME_NAME_SPLIT_BY_STRUCTURE,NONE
F0372,s6_run_state#01,s6_run_state,run_id,SN044,CONTEXT_ONLY,ACT9_14,run,CURRENT_ACT9_14_STATE,,0,,REMOVED_FROM_PRIMARY_CLUSTERING_BY_R1,NONE
F0373,s6_run_state#02,s6_run_state,act_no,SN003,RETAIN,ACT9_14,run,CURRENT_ACT9_14_STATE,SP0266,1,act_no|ACT9_14|run|CURRENT_ACT9_14_STATE,SAME_NAME_SPLIT_BY_STRUCTURE,NONE
F0374,s6_run_state#03,s6_run_state,phase_key,SN036,RETAIN,ACT9_14,run,CURRENT_ACT9_14_STATE,SP0267,1,phase_key|ACT9_14|run|CURRENT_ACT9_14_STATE,SAME_NAME_SPLIT_BY_STRUCTURE,NONE
F0375,s6_run_state#04,s6_run_state,act9_step,,RETAIN,ACT9_14,run,CURRENT_ACT9_14_STATE,SP0268,1,act9_step|ACT9_14|run|CURRENT_ACT9_14_STATE,UNIQUE_NAME_STRUCTURAL_SEED,NONE
F0376,s6_run_state#05,s6_run_state,round_no,SN043,RETAIN,ACT9_14,run,CURRENT_ACT9_14_STATE,SP0269,1,round_no|ACT9_14|run|CURRENT_ACT9_14_STATE,SAME_NAME_SPLIT_BY_STRUCTURE,NONE
F0377,s6_run_state#06,s6_run_state,red_activated,,RETAIN,ACT9_14,run,CURRENT_ACT9_14_STATE,SP0270,1,red_activated|ACT9_14|run|CURRENT_ACT9_14_STATE,UNIQUE_NAME_STRUCTURAL_SEED,NONE
F0378,s6_run_state#07,s6_run_state,blue_activated,,RETAIN,ACT9_14,run,CURRENT_ACT9_14_STATE,SP0271,1,blue_activated|ACT9_14|run|CURRENT_ACT9_14_STATE,UNIQUE_NAME_STRUCTURAL_SEED,NONE
F0379,s6_run_state#08,s6_run_state,gold_key,,RETAIN,ACT9_14,run,CURRENT_ACT9_14_STATE,SP0272,1,gold_key|ACT9_14|run|CURRENT_ACT9_14_STATE,UNIQUE_NAME_STRUCTURAL_SEED,NONE
F0380,s6_run_state#09,s6_run_state,alarm_active,,RETAIN,ACT9_14,run,CURRENT_ACT9_14_STATE,SP0273,1,alarm_active|ACT9_14|run|CURRENT_ACT9_14_STATE,UNIQUE_NAME_STRUCTURAL_SEED,NONE
F0381,s6_run_state#10,s6_run_state,station_c_bypassed,,RETAIN,ACT9_14,run,CURRENT_ACT9_14_STATE,SP0274,1,station_c_bypassed|ACT9_14|run|CURRENT_ACT9_14_STATE,UNIQUE_NAME_STRUCTURAL_SEED,NONE
F0382,s6_run_state#11,s6_run_state,danger_arrives_sooner,,RETAIN,ACT9_14,run,CURRENT_ACT9_14_STATE,SP0275,1,danger_arrives_sooner|ACT9_14|run|CURRENT_ACT9_14_STATE,UNIQUE_NAME_STRUCTURAL_SEED,NONE
F0383,s6_run_state#12,s6_run_state,allocation_valid,,RETAIN,ACT9_14,run,CURRENT_ACT9_14_STATE,SP0276,1,allocation_valid|ACT9_14|run|CURRENT_ACT9_14_STATE,UNIQUE_NAME_STRUCTURAL_SEED,NONE
F0384,s6_run_state#13,s6_run_state,mechanism_failure_station,,RETAIN,ACT9_14,run,CURRENT_ACT9_14_STATE,SP0277,1,mechanism_failure_station|ACT9_14|run|CURRENT_ACT9_14_STATE,UNIQUE_NAME_STRUCTURAL_SEED,NONE
F0385,s6_run_state#14,s6_run_state,mechanism_failure_active,,RETAIN,ACT9_14,run,CURRENT_ACT9_14_STATE,SP0278,1,mechanism_failure_active|ACT9_14|run|CURRENT_ACT9_14_STATE,UNIQUE_NAME_STRUCTURAL_SEED,NONE
F0386,s6_run_state#15,s6_run_state,failure_resolution,,RETAIN,ACT9_14,run,CURRENT_ACT9_14_STATE,SP0279,1,failure_resolution|ACT9_14|run|CURRENT_ACT9_14_STATE,UNIQUE_NAME_STRUCTURAL_SEED,NONE
F0387,s6_run_state#16,s6_run_state,escape_success,,RETAIN,ACT9_14,run,CURRENT_ACT9_14_STATE,SP0280,1,escape_success|ACT9_14|run|CURRENT_ACT9_14_STATE,UNIQUE_NAME_STRUCTURAL_SEED,NONE
F0388,s6_run_state#17,s6_run_state,act14_boundary_reached,,RETAIN,ACT9_14,run,CURRENT_ACT9_14_STATE,SP0281,1,act14_boundary_reached|ACT9_14|run|CURRENT_ACT9_14_STATE,UNIQUE_NAME_STRUCTURAL_SEED,NONE
F0389,s6_run_state#18,s6_run_state,updated_at,SN052,EXCLUDE_TECHNICAL,ACT9_14,run,CURRENT_ACT9_14_STATE,,0,,REMOVED_FROM_PRIMARY_CLUSTERING_BY_R1,NONE
F0390,s6_run_state#19,s6_run_state,feedback_text_keys,,RETAIN,ACT9_14,run,CURRENT_ACT9_14_STATE,SP0282,1,feedback_text_keys|ACT9_14|run|CURRENT_ACT9_14_STATE,UNIQUE_NAME_STRUCTURAL_SEED,NONE
F0391,s6_run_state#20,s6_run_state,feedback_audio_key,,RETAIN,ACT9_14,run,CURRENT_ACT9_14_STATE,SP0283,1,feedback_audio_key|ACT9_14|run|CURRENT_ACT9_14_STATE,UNIQUE_NAME_STRUCTURAL_SEED,NONE
F0392,s6_run_state#21,s6_run_state,cinematic_stage,SN012,RETAIN,ACT9_14,run,CURRENT_ACT9_14_STATE,SP0284,1,cinematic_stage|ACT9_14|run|CURRENT_ACT9_14_STATE,SAME_NAME_SPLIT_BY_STRUCTURE,NONE
F0393,s6_run_state#22,s6_run_state,stage_started_at,,RETAIN,ACT9_14,run,CURRENT_ACT9_14_STATE,SP0285,1,stage_started_at|ACT9_14|run|CURRENT_ACT9_14_STATE,UNIQUE_NAME_STRUCTURAL_SEED,NONE
F0394,s6_run_state#23,s6_run_state,feedback_audio_occurrence_id,,RETAIN,ACT9_14,run,CURRENT_ACT9_14_STATE,SP0286,1,feedback_audio_occurrence_id|ACT9_14|run|CURRENT_ACT9_14_STATE,UNIQUE_NAME_STRUCTURAL_SEED,NONE
F0395,s6_station_b_progress#01,s6_station_b_progress,run_id,SN044,CONTEXT_ONLY,ACT9_14,station_b_player,CURRENT_PLAYER_TASK_PROGRESS,,0,,REMOVED_FROM_PRIMARY_CLUSTERING_BY_R1,NONE
F0396,s6_station_b_progress#02,s6_station_b_progress,player_id,SN037,CONTEXT_ONLY,ACT9_14,station_b_player,CURRENT_PLAYER_TASK_PROGRESS,,0,,REMOVED_FROM_PRIMARY_CLUSTERING_BY_R1,NONE
F0397,s6_station_b_progress#03,s6_station_b_progress,stage,,RETAIN,ACT9_14,station_b_player,CURRENT_PLAYER_TASK_PROGRESS,SP0287,1,stage|ACT9_14|station_b_player|CURRENT_PLAYER_TASK_PROGRESS,UNIQUE_NAME_STRUCTURAL_SEED,NONE
F0398,s6_station_b_progress#04,s6_station_b_progress,held_at,,RETAIN,ACT9_14,station_b_player,CURRENT_PLAYER_TASK_PROGRESS,SP0288,1,held_at|ACT9_14|station_b_player|CURRENT_PLAYER_TASK_PROGRESS,UNIQUE_NAME_STRUCTURAL_SEED,NONE
F0399,s6_station_b_progress#05,s6_station_b_progress,centered_at,,RETAIN,ACT9_14,station_b_player,CURRENT_PLAYER_TASK_PROGRESS,SP0289,1,centered_at|ACT9_14|station_b_player|CURRENT_PLAYER_TASK_PROGRESS,UNIQUE_NAME_STRUCTURAL_SEED,NONE
F0400,s6_station_tasks#01,s6_station_tasks,run_id,SN044,CONTEXT_ONLY,ACT9_14,station_task,CURRENT_TASK_STATE,,0,,REMOVED_FROM_PRIMARY_CLUSTERING_BY_R1,NONE
F0401,s6_station_tasks#02,s6_station_tasks,role_key,SN041,RETAIN,ACT9_14,station_task,CURRENT_TASK_STATE,SP0290,1,role_key|ACT9_14|station_task|CURRENT_TASK_STATE,SAME_NAME_SPLIT_BY_STRUCTURE,NONE
F0402,s6_station_tasks#03,s6_station_tasks,player_id,SN037,CONTEXT_ONLY,ACT9_14,station_task,CURRENT_TASK_STATE,,0,,REMOVED_FROM_PRIMARY_CLUSTERING_BY_R1,NONE
F0403,s6_station_tasks#04,s6_station_tasks,task_key,,RETAIN,ACT9_14,station_task,CURRENT_TASK_STATE,SP0291,1,task_key|ACT9_14|station_task|CURRENT_TASK_STATE,UNIQUE_NAME_STRUCTURAL_SEED,NONE
F0404,s6_station_tasks#05,s6_station_tasks,completed_at,SN014,RETAIN,ACT9_14,station_task,CURRENT_TASK_STATE,SP0292,1,completed_at|ACT9_14|station_task|CURRENT_TASK_STATE,SAME_NAME_SPLIT_BY_STRUCTURE,NONE
F0405,s8_finalizations#01,s8_finalizations,run_id,SN044,CONTEXT_ONLY,FINALIZATION,run_finalization,FINALIZATION_RECORD,,0,,REMOVED_FROM_PRIMARY_CLUSTERING_BY_R1,NONE
F0406,s8_finalizations#02,s8_finalizations,finalized_at,,RETAIN,FINALIZATION,run_finalization,FINALIZATION_RECORD,SP0293,1,finalized_at|FINALIZATION|run_finalization|FINALIZATION_RECORD,UNIQUE_NAME_STRUCTURAL_SEED,NONE
F0407,s8_finalizations#03,s8_finalizations,finalized_by,,RETAIN,FINALIZATION,run_finalization,FINALIZATION_RECORD,SP0294,1,finalized_by|FINALIZATION|run_finalization|FINALIZATION_RECORD,UNIQUE_NAME_STRUCTURAL_SEED,NONE
F0408,s8_finalizations#04,s8_finalizations,client_request_id,SN013,EXCLUDE_TECHNICAL,FINALIZATION,run_finalization,FINALIZATION_RECORD,,0,,REMOVED_FROM_PRIMARY_CLUSTERING_BY_R1,NONE
F0409,s8_finalizations#05,s8_finalizations,integrity_report,,RETAIN,FINALIZATION,run_finalization,FINALIZATION_RECORD,SP0295,1,integrity_report|FINALIZATION|run_finalization|FINALIZATION_RECORD,UNIQUE_NAME_STRUCTURAL_SEED,NONE
F0410,s8_finalizations#06,s8_finalizations,export_schema_version,,RETAIN,FINALIZATION,run_finalization,FINALIZATION_RECORD,SP0296,1,export_schema_version|FINALIZATION|run_finalization|FINALIZATION_RECORD,UNIQUE_NAME_STRUCTURAL_SEED,NONE
F0411,s9_pocket_item_inspections#01,s9_pocket_item_inspections,run_id,SN044,CONTEXT_ONLY,POCKET_KNOWLEDGE,item_inspection,HISTORICAL_EVENT_RECORD,,0,,REMOVED_FROM_PRIMARY_CLUSTERING_BY_R1,NONE
F0412,s9_pocket_item_inspections#02,s9_pocket_item_inspections,player_id,SN037,CONTEXT_ONLY,POCKET_KNOWLEDGE,item_inspection,HISTORICAL_EVENT_RECORD,,0,,REMOVED_FROM_PRIMARY_CLUSTERING_BY_R1,NONE
F0413,s9_pocket_item_inspections#03,s9_pocket_item_inspections,item_key,SN027,RETAIN,POCKET_KNOWLEDGE,item_inspection,HISTORICAL_EVENT_RECORD,SP0297,1,item_key|POCKET_KNOWLEDGE|item_inspection|HISTORICAL_EVENT_RECORD,SAME_NAME_SPLIT_BY_STRUCTURE,NONE
F0414,s9_pocket_item_inspections#04,s9_pocket_item_inspections,inspected_at,,RETAIN,POCKET_KNOWLEDGE,item_inspection,HISTORICAL_EVENT_RECORD,SP0298,1,inspected_at|POCKET_KNOWLEDGE|item_inspection|HISTORICAL_EVENT_RECORD,UNIQUE_NAME_STRUCTURAL_SEED,NONE
F0415,teacher_override_validity#01,teacher_override_validity,override_id,SN034,EXCLUDE_TECHNICAL,TEACHER_OVERRIDE,override_validity,CURRENT_OVERRIDE_VALIDITY,,0,,REMOVED_FROM_PRIMARY_CLUSTERING_BY_R1,NONE
F0416,teacher_override_validity#02,teacher_override_validity,run_id,SN044,CONTEXT_ONLY,TEACHER_OVERRIDE,override_validity,CURRENT_OVERRIDE_VALIDITY,,0,,REMOVED_FROM_PRIMARY_CLUSTERING_BY_R1,NONE
F0417,teacher_override_validity#03,teacher_override_validity,player_id,SN037,CONTEXT_ONLY,TEACHER_OVERRIDE,override_validity,CURRENT_OVERRIDE_VALIDITY,,0,,REMOVED_FROM_PRIMARY_CLUSTERING_BY_R1,NONE
F0418,teacher_override_validity#04,teacher_override_validity,semantic_field,,RETAIN,TEACHER_OVERRIDE,override_validity,CURRENT_OVERRIDE_VALIDITY,SP0299,1,semantic_field|TEACHER_OVERRIDE|override_validity|CURRENT_OVERRIDE_VALIDITY,UNIQUE_NAME_STRUCTURAL_SEED,NONE
F0419,teacher_override_validity#05,teacher_override_validity,value,,RETAIN,TEACHER_OVERRIDE,override_validity,CURRENT_OVERRIDE_VALIDITY,SP0300,1,value|TEACHER_OVERRIDE|override_validity|CURRENT_OVERRIDE_VALIDITY,UNIQUE_NAME_STRUCTURAL_SEED,NONE
F0420,teacher_override_validity#06,teacher_override_validity,validity,SN053,RETAIN,TEACHER_OVERRIDE,override_validity,CURRENT_OVERRIDE_VALIDITY,SP0301,1,validity|TEACHER_OVERRIDE|override_validity|CURRENT_OVERRIDE_VALIDITY,SAME_NAME_SPLIT_BY_STRUCTURE,NONE
F0421,teacher_overrides#01,teacher_overrides,override_id,SN034,EXCLUDE_TECHNICAL,TEACHER_OVERRIDE,override_event,OVERRIDE_EVENT_RECORD,,0,,REMOVED_FROM_PRIMARY_CLUSTERING_BY_R1,NONE
F0422,teacher_overrides#02,teacher_overrides,run_id,SN044,CONTEXT_ONLY,TEACHER_OVERRIDE,override_event,OVERRIDE_EVENT_RECORD,,0,,REMOVED_FROM_PRIMARY_CLUSTERING_BY_R1,NONE
F0423,teacher_overrides#03,teacher_overrides,source_scene,,RETAIN,TEACHER_OVERRIDE,override_event,OVERRIDE_EVENT_RECORD,SP0302,1,source_scene|TEACHER_OVERRIDE|override_event|OVERRIDE_EVENT_RECORD,UNIQUE_NAME_STRUCTURAL_SEED,NONE
F0424,teacher_overrides#04,teacher_overrides,source_phase,,RETAIN,TEACHER_OVERRIDE,override_event,OVERRIDE_EVENT_RECORD,SP0303,1,source_phase|TEACHER_OVERRIDE|override_event|OVERRIDE_EVENT_RECORD,UNIQUE_NAME_STRUCTURAL_SEED,NONE
F0425,teacher_overrides#05,teacher_overrides,source_step,,RETAIN,TEACHER_OVERRIDE,override_event,OVERRIDE_EVENT_RECORD,SP0304,1,source_step|TEACHER_OVERRIDE|override_event|OVERRIDE_EVENT_RECORD,UNIQUE_NAME_STRUCTURAL_SEED,NONE
F0426,teacher_overrides#06,teacher_overrides,override_action,,RETAIN,TEACHER_OVERRIDE,override_event,OVERRIDE_EVENT_RECORD,SP0305,1,override_action|TEACHER_OVERRIDE|override_event|OVERRIDE_EVENT_RECORD,UNIQUE_NAME_STRUCTURAL_SEED,NONE
F0427,teacher_overrides#07,teacher_overrides,applied_resolution,,RETAIN,TEACHER_OVERRIDE,override_event,OVERRIDE_EVENT_RECORD,SP0306,1,applied_resolution|TEACHER_OVERRIDE|override_event|OVERRIDE_EVENT_RECORD,UNIQUE_NAME_STRUCTURAL_SEED,NONE
F0428,teacher_overrides#08,teacher_overrides,resolution_source,SN040,RETAIN,TEACHER_OVERRIDE,override_event,OVERRIDE_EVENT_RECORD,SP0307,1,resolution_source|TEACHER_OVERRIDE|override_event|OVERRIDE_EVENT_RECORD,SAME_NAME_SPLIT_BY_STRUCTURE,NONE
F0429,teacher_overrides#09,teacher_overrides,reason,,RETAIN,TEACHER_OVERRIDE,override_event,OVERRIDE_EVENT_RECORD,SP0308,1,reason|TEACHER_OVERRIDE|override_event|OVERRIDE_EVENT_RECORD,UNIQUE_NAME_STRUCTURAL_SEED,NONE
F0430,teacher_overrides#10,teacher_overrides,invalidated_scope,,RETAIN,TEACHER_OVERRIDE,override_event,OVERRIDE_EVENT_RECORD,SP0309,1,invalidated_scope|TEACHER_OVERRIDE|override_event|OVERRIDE_EVENT_RECORD,UNIQUE_NAME_STRUCTURAL_SEED,NONE
F0431,teacher_overrides#11,teacher_overrides,behavior_scoring,SN009,RETAIN,TEACHER_OVERRIDE,override_event,OVERRIDE_EVENT_RECORD,SP0310,1,behavior_scoring|TEACHER_OVERRIDE|override_event|OVERRIDE_EVENT_RECORD,SAME_NAME_SPLIT_BY_STRUCTURE,NONE
F0432,teacher_overrides#12,teacher_overrides,created_at,SN016,EXCLUDE_TECHNICAL,TEACHER_OVERRIDE,override_event,OVERRIDE_EVENT_RECORD,,0,,REMOVED_FROM_PRIMARY_CLUSTERING_BY_R1,NONE
