dependency_group_id,target_global_id,target_field_id,target_column,source_field_ids,source_columns,relation_classes,field_count,evidence_edge_count,meaning
DG001,F0008,act6_13_event_ledger#08,details,s6_audio_occurrences#03|s6_run_state#03,cue_key|phase_key,TYPED_COMPUTED_DEPENDENCY,3,2,ONE_HOP_DEPENDENCY_ONLY_NO_SAME_FACT_INFERENCE
DG002,F0043,asset_events#05,details,asset_candidates#28,sha256,TYPED_COMPUTED_DEPENDENCY,2,1,ONE_HOP_DEPENDENCY_ONLY_NO_SAME_FACT_INFERENCE
DG003,F0083,discussion_sessions#11,phase_deadline,discussion_sessions#19|discussion_sessions#24|discussion_sessions#25,revote_window_sec|discussion_time_limit_sec|vote_time_limit_sec,TYPED_COMPUTED_DEPENDENCY|COMPUTED_FROM_CLOCK_AND_FIELD,4,6,ONE_HOP_DEPENDENCY_ONLY_NO_SAME_FACT_INFERENCE
DG004,F0085,discussion_sessions#13,outcome,discussion_sessions#07|discussion_sessions#21,vote_round|fallback_resolution,TYPED_COMPUTED_DEPENDENCY,3,8,ONE_HOP_DEPENDENCY_ONLY_NO_SAME_FACT_INFERENCE
DG005,F0125,runtime_events#07,details,s3_runtime_scene_state#02|s3_runtime_scene_state#03|s3_runtime_scene_state#04|s5_run_state#04|s8_finalizations#06,scene_id|phase_key|step_key|vote_round|export_schema_version,TYPED_COMPUTED_DEPENDENCY,6,6,ONE_HOP_DEPENDENCY_ONLY_NO_SAME_FACT_INFERENCE
DG006,F0130,runtime_events#12,event_source,runtime_events#06,actor_player_id,COMPUTED_FROM_FIELD_IF_TARGET_NULL,2,1,ONE_HOP_DEPENDENCY_ONLY_NO_SAME_FACT_INFERENCE
DG007,F0132,runtime_events#14,behavior_scoring,runtime_events#07,details,COMPUTED_FROM_JSON_IF_TARGET_NULL,2,1,ONE_HOP_DEPENDENCY_ONLY_NO_SAME_FACT_INFERENCE
DG008,F0153,s1_game_events#05,details,s1_room_players#03|s1_room_state#02,role_slot|current_scene,TYPED_COMPUTED_DEPENDENCY,3,4,ONE_HOP_DEPENDENCY_ONLY_NO_SAME_FACT_INFERENCE
DG009,F0185,s3_group_items#03,label_text_key,s3_group_items#02,item_key,LOOKUP_FROM_SAME_ROW_KEY|CONSTANT_FOR_MATCHED_KEY,2,2,ONE_HOP_DEPENDENCY_ONLY_NO_SAME_FACT_INFERENCE
DG010,F0188,s3_item_catalog#02,name_text_key,s3_item_catalog#01,item_key,LOOKUP_FROM_SAME_ROW_KEY|CONSTANT_FOR_MATCHED_KEY,2,2,ONE_HOP_DEPENDENCY_ONLY_NO_SAME_FACT_INFERENCE
DG011,F0226,s3_runtime_scene_state#10,allow_share_photo,s5_run_state#03,phase_key,TYPED_COMPUTED_DEPENDENCY|COMPUTED_BOOLEAN_FROM_FIELD,2,2,ONE_HOP_DEPENDENCY_ONLY_NO_SAME_FACT_INFERENCE
DG012,F0258,s3b_player_progress#13,act1_text_keys,s1_room_players#03,role_slot,COMPUTED_FROM_ROLE,2,1,ONE_HOP_DEPENDENCY_ONLY_NO_SAME_FACT_INFERENCE
DG013,F0303,s5_rounds#07,resolution_source,s5_run_state#05,act6_resolution,COMPUTED_FROM_STATE_AND_RESULT,2,1,ONE_HOP_DEPENDENCY_ONLY_NO_SAME_FACT_INFERENCE
DG014,F0361,s6_choices#10,action_step,s6_action_receipts#05,payload,JSON_EXTRACT_COPY,2,1,ONE_HOP_DEPENDENCY_ONLY_NO_SAME_FACT_INFERENCE
DG015,F0378,s6_run_state#07,blue_activated,s6_run_state#04,act9_step,TYPED_COMPUTED_DEPENDENCY,2,2,ONE_HOP_DEPENDENCY_ONLY_NO_SAME_FACT_INFERENCE
