"file","bytes","sha256","last_write_utc"
"raw/A1.csv","9050","3f009e02d91978d0c44b922aacea16f5d624bfce5e90db0a16353cdf70d02b30","2026-10-07T15:00:27.2264049Z"
"raw/A2.csv","1285","b92a11a99c2930ff0f43d65e7b233a1077acb0df6fee2afa45a12a0102495049","2026-10-08T02:07:59.3617757Z"
"raw/A3.csv","15527","bf45f9f9b447640e3fedd5582b2b6933a37ec0d283be91290ef2ca4054a8ae0b","2026-10-08T02:31:31.2152491Z"
"raw/A4.csv","53","bcfb1b08acb0e46cd9114bc9093d6ad72366f2c1b992fc04392f4dce14486c34","2026-10-08T02:10:28.7604079Z"
"raw/A5.csv","1690","e19d80547d3f4b42afc70bad9cccea89e72f0a2694692cc0c908e2ca9155a9e9","2026-10-08T02:28:09.0678105Z"
"raw/B1.csv","1253","9eebf9c006d030c1a3c9f712c055e06e6c5c1d93200ef279536de89a29ea0248","2026-10-08T02:28:51.1832504Z"
"raw/B123S.csv","1936","0caf811449b6e5c0c950e955e80910fc55a7e95009bf33ad59569f006d6712bb","2026-10-08T02:30:00.7777299Z"
"raw/B2.csv","1477","044429db9faa8c984e0d13dae7929e674f916af88f5671f59a44b12df8cd12a7","2026-10-08T02:32:35.2700642Z"
"raw/B3.csv","1729","67ce45987c05c2221040dd765b9dda6ff25e9442dc020004394141e05c305f92","2026-10-08T02:30:00.7726707Z"
"raw/B4.csv","47972","01c0818ea3a3e8f68829d38f41dfd5c0fd893789db973bea88c39e621652cfde","2026-10-07T15:11:50.1310284Z"
"raw/B5.csv","659","901b52aee139c74fbfa7adff4fa92540ea63b3aa5c07a87bed121d29fea3dffd","2026-10-08T01:59:33.4729157Z"
"raw/B6A.csv","55","1d76377a1a0951a03107910f82be8afefddb5d13073b87dcfaf00ec21d8be64a","2026-10-08T02:01:20.4329769Z"
"raw/B6B.csv","57","3a420c13ef08fa00e75a91647c7e7fcaff139997b8670d6743b030c24570b689","2026-10-08T02:01:20.4405587Z"
"raw/B7.csv","69806","9fdde90ae59991cd0d0aca4a4c1304f2fe3a12cc71d3d2060ceb7499ff478d14","2026-10-08T02:07:31.5871247Z"
"raw/B7S.csv","29096","dde3ac1a77817db0ed129b74417f782c3c06e91ba184b4912014c129103eb6fd","2026-10-08T02:33:44.5512607Z"
"raw/B8.csv","3626","ff7f437804101e79002fee3d2564a08d05c43a8ed1c2ce319cf215dadfee49eb","2026-10-08T02:35:06.6494310Z"
"raw/B8S.csv","1259","f74e3b042e0a5ce2b86ed4b71f3d69ec81bce614dc9249f70b8bd048656bec35","2026-10-08T02:35:06.6494310Z"
"raw/C1.csv","31","fcd610c99bec2d9b2af0bb995a2333841a5ca465a629c6714985d0021ef0a1c7","2026-10-08T02:01:20.4448607Z"
"raw/C2.csv","257","af6943b8f6228724d7a609451d7f367b466918095df90e630786585d838789f3","2026-10-08T02:01:20.4458617Z"
