"probe_id","subject","declaration","evidence_reference","technical_interpretation","confidence_verification_state"
"A1","public.asset_candidates","VALUE_PRESENT","raw/A1.csv","Deployed schema exposes 29 inspected columns for this table.","VERIFIED"
"A1","public.asset_registry_projection","VALUE_PRESENT","raw/A1.csv","Deployed schema exposes 14 inspected columns for this table.","VERIFIED"
"A1","public.discussion_sessions","VALUE_PRESENT","raw/A1.csv","Deployed schema exposes 29 inspected columns for this table.","VERIFIED"
"A1","public.game_runs","VALUE_PRESENT","raw/A1.csv","Deployed schema exposes 17 inspected columns for this table.","VERIFIED"
"A1","public.s1_scene_choices","VALUE_PRESENT","raw/A1.csv","Deployed schema exposes 4 inspected columns for this table.","VERIFIED"
"A1","public.s3_group_items","VALUE_PRESENT","raw/A1.csv","Deployed schema exposes 4 inspected columns for this table.","VERIFIED"
"A1","public.s3_item_catalog","VALUE_PRESENT","raw/A1.csv","Deployed schema exposes 3 inspected columns for this table.","VERIFIED"
"A1","public.s3_runtime_scene_state","VALUE_PRESENT","raw/A1.csv","Deployed schema exposes 10 inspected columns for this table.","VERIFIED"
"A1","public.s3b_player_facts","VALUE_PRESENT","raw/A1.csv","Deployed schema exposes 4 inspected columns for this table.","VERIFIED"
"A1","public.s5_rounds","VALUE_PRESENT","raw/A1.csv","Deployed schema exposes 9 inspected columns for this table.","VERIFIED"
"A1","public.s6_action_receipts","VALUE_PRESENT","raw/A1.csv","Deployed schema exposes 7 inspected columns for this table.","VERIFIED"
"A1","public.s8_finalizations","VALUE_PRESENT","raw/A1.csv","Deployed schema exposes 6 inspected columns for this table.","VERIFIED"
"A2","asset_manager_activate_group(p_teacher_token text, p_asset_ids uuid[])","DEPLOYED_FUNCTION_PRESENT","raw/A2.csv","Result=jsonb; security_definer=true; owner=postgres.","VERIFIED"
"A2","asset_manager_import_candidate(p_asset_key text, p_candidate jsonb)","DEPLOYED_FUNCTION_PRESENT","raw/A2.csv","Result=jsonb; security_definer=true; owner=postgres.","VERIFIED"
"A2","asset_manager_sync_registry(p_teacher_token text, p_registry_sha256 text, p_assets jsonb)","DEPLOYED_FUNCTION_PRESENT","raw/A2.csv","Result=jsonb; security_definer=true; owner=postgres.","VERIFIED"
"A2","asset_resolve(p_asset_key text)","DEPLOYED_FUNCTION_PRESENT","raw/A2.csv","Result=jsonb; security_definer=true; owner=postgres.","VERIFIED"
"A2","s1_submit_private_choice(p_room_code text, p_session_token text, p_choice_id text, p_choice_label text)","DEPLOYED_FUNCTION_PRESENT","raw/A2.csv","Result=jsonb; security_definer=true; owner=postgres.","VERIFIED"
"A2","s5_get_teacher_discussion_state(p_room_code text, p_teacher_token text)","DEPLOYED_FUNCTION_PRESENT","raw/A2.csv","Result=jsonb; security_definer=true; owner=postgres.","VERIFIED"
"A2","s5_submit_vote(p_room_code text, p_session_token text, p_expected_discussion_session_id uuid, p_expected_vote_round integer, p_client_request_id uuid, p_choice_id text)","DEPLOYED_FUNCTION_PRESENT","raw/A2.csv","Result=jsonb; security_definer=true; owner=postgres.","VERIFIED"
"A2","s5_teacher_open_vote(p_room_code text, p_teacher_token text)","DEPLOYED_FUNCTION_PRESENT","raw/A2.csv","Result=jsonb; security_definer=true; owner=postgres.","VERIFIED"
"A2","s8_export_session(p_room_code text, p_teacher_token text, p_run_id uuid)","DEPLOYED_FUNCTION_PRESENT","raw/A2.csv","Result=jsonb; security_definer=true; owner=postgres.","VERIFIED"
"A2","s8_export_session(p_room_code text, p_teacher_token text)","DEPLOYED_FUNCTION_PRESENT","raw/A2.csv","Result=jsonb; security_definer=true; owner=postgres.","VERIFIED"
"A2","s8_finalize(p_room_code text, p_session_token text, p_client_request_id uuid, p_expected_run_id uuid)","DEPLOYED_FUNCTION_PRESENT","raw/A2.csv","Result=jsonb; security_definer=true; owner=postgres.","VERIFIED"
"A3","asset_manager_activate_group(p_teacher_token text, p_asset_ids uuid[])","BODY_MATCH","raw/A3.csv; EXECUTION_CONTEXT.md#function-body-comparison-method","Deployed body matches the repository-last body after literal-preserving removal of SQL whitespace outside string literals.","VERIFIED"
"A3","asset_manager_import_candidate(p_asset_key text, p_candidate jsonb)","BODY_MATCH","raw/A3.csv; EXECUTION_CONTEXT.md#function-body-comparison-method","Deployed body matches the repository-last body after literal-preserving removal of SQL whitespace outside string literals.","VERIFIED"
"A3","asset_manager_sync_registry(p_teacher_token text, p_registry_sha256 text, p_assets jsonb)","BODY_MATCH","raw/A3.csv; EXECUTION_CONTEXT.md#function-body-comparison-method","Deployed body matches the repository-last body after literal-preserving removal of SQL whitespace outside string literals.","VERIFIED"
"A3","asset_resolve(p_asset_key text)","BODY_MATCH","raw/A3.csv; EXECUTION_CONTEXT.md#function-body-comparison-method","Deployed body matches the repository-last body after literal-preserving removal of SQL whitespace outside string literals.","VERIFIED"
"A3","s1_submit_private_choice(p_room_code text, p_session_token text, p_choice_id text, p_choice_label text)","BODY_MATCH","raw/A3.csv; EXECUTION_CONTEXT.md#function-body-comparison-method","Deployed body matches the repository-last body after literal-preserving removal of SQL whitespace outside string literals.","VERIFIED"
"A3","s5_submit_vote(p_room_code text, p_session_token text, p_expected_discussion_session_id uuid, p_expected_vote_round integer, p_client_request_id uuid, p_choice_id text)","BODY_MATCH","raw/A3.csv; EXECUTION_CONTEXT.md#function-body-comparison-method","Deployed body matches the repository-last body after literal-preserving removal of SQL whitespace outside string literals.","VERIFIED"
"A3","s5_teacher_open_vote(p_room_code text, p_teacher_token text)","BODY_MATCH","raw/A3.csv; EXECUTION_CONTEXT.md#function-body-comparison-method","Deployed body matches the repository-last body after literal-preserving removal of SQL whitespace outside string literals.","VERIFIED"
"A3","s8_export_session(p_room_code text, p_teacher_token text, p_run_id uuid)","BODY_MATCH","raw/A3.csv; EXECUTION_CONTEXT.md#function-body-comparison-method","Deployed body matches the repository-last body after literal-preserving removal of SQL whitespace outside string literals.","VERIFIED"
"A3","s8_export_session(p_room_code text, p_teacher_token text)","BODY_MATCH","raw/A3.csv; EXECUTION_CONTEXT.md#function-body-comparison-method","Deployed body matches the repository-last body after literal-preserving removal of SQL whitespace outside string literals.","VERIFIED"
"A3","s8_finalize(p_room_code text, p_session_token text, p_client_request_id uuid, p_expected_run_id uuid)","BODY_MATCH","raw/A3.csv; EXECUTION_CONTEXT.md#function-body-comparison-method","Deployed body matches the repository-last body after literal-preserving removal of SQL whitespace outside string literals.","VERIFIED"
"A4","anon EXECUTE on s1_submit_private_choice(text,text,text,text)","EFFECTIVE_PRIVILEGE_CONFIRMED","raw/A4.csv","has_function_privilege returned true.","VERIFIED"
"A4","authenticated EXECUTE on s1_submit_private_choice(text,text,text,text)","EFFECTIVE_PRIVILEGE_CONFIRMED","raw/A4.csv","has_function_privilege returned true.","VERIFIED"
"A5","asset_manager_activate_group -> postgres","DIRECT_GRANT_OBSERVED","raw/A5.csv","EXECUTE direct grant row is present.","VERIFIED"
"A5","asset_manager_activate_group -> service_role","DIRECT_GRANT_OBSERVED","raw/A5.csv","EXECUTE direct grant row is present.","VERIFIED"
"A5","asset_manager_import_candidate -> postgres","DIRECT_GRANT_OBSERVED","raw/A5.csv","EXECUTE direct grant row is present.","VERIFIED"
"A5","asset_manager_import_candidate -> service_role","DIRECT_GRANT_OBSERVED","raw/A5.csv","EXECUTE direct grant row is present.","VERIFIED"
"A5","asset_manager_sync_registry -> postgres","DIRECT_GRANT_OBSERVED","raw/A5.csv","EXECUTE direct grant row is present.","VERIFIED"
"A5","asset_manager_sync_registry -> service_role","DIRECT_GRANT_OBSERVED","raw/A5.csv","EXECUTE direct grant row is present.","VERIFIED"
"A5","asset_resolve -> anon","DIRECT_GRANT_OBSERVED","raw/A5.csv","EXECUTE direct grant row is present.","VERIFIED"
"A5","asset_resolve -> authenticated","DIRECT_GRANT_OBSERVED","raw/A5.csv","EXECUTE direct grant row is present.","VERIFIED"
"A5","asset_resolve -> postgres","DIRECT_GRANT_OBSERVED","raw/A5.csv","EXECUTE direct grant row is present.","VERIFIED"
"A5","asset_resolve -> PUBLIC","DIRECT_GRANT_OBSERVED","raw/A5.csv","EXECUTE direct grant row is present.","VERIFIED"
"A5","asset_resolve -> service_role","DIRECT_GRANT_OBSERVED","raw/A5.csv","EXECUTE direct grant row is present.","VERIFIED"
"A5","effective EXECUTE reachability: asset_manager_activate_group(text,uuid[])","EFFECTIVE_PRIVILEGE_UNVERIFIED","raw/A5.csv","A5 records direct grants only; no has_function_privilege probe was authorized/executed for this identity.","UNVERIFIED"
"A5","effective EXECUTE reachability: asset_manager_import_candidate(text,jsonb)","EFFECTIVE_PRIVILEGE_UNVERIFIED","raw/A5.csv","A5 records direct grants only; no has_function_privilege probe was authorized/executed for this identity.","UNVERIFIED"
"A5","effective EXECUTE reachability: asset_manager_sync_registry(text,text,jsonb)","EFFECTIVE_PRIVILEGE_UNVERIFIED","raw/A5.csv","A5 records direct grants only; no has_function_privilege probe was authorized/executed for this identity.","UNVERIFIED"
"A5","effective EXECUTE reachability: asset_resolve(text)","EFFECTIVE_PRIVILEGE_UNVERIFIED","raw/A5.csv","A5 records direct grants only; no has_function_privilege probe was authorized/executed for this identity.","UNVERIFIED"
"A5","effective EXECUTE reachability: s5_get_teacher_discussion_state(text,text)","EFFECTIVE_PRIVILEGE_UNVERIFIED","raw/A5.csv","A5 records direct grants only; no has_function_privilege probe was authorized/executed for this identity.","UNVERIFIED"
"A5","effective EXECUTE reachability: s5_submit_vote(text,text,uuid,integer,uuid,text)","EFFECTIVE_PRIVILEGE_UNVERIFIED","raw/A5.csv","A5 records direct grants only; no has_function_privilege probe was authorized/executed for this identity.","UNVERIFIED"
"A5","effective EXECUTE reachability: s5_teacher_open_vote(text,text)","EFFECTIVE_PRIVILEGE_UNVERIFIED","raw/A5.csv","A5 records direct grants only; no has_function_privilege probe was authorized/executed for this identity.","UNVERIFIED"
"A5","effective EXECUTE reachability: s8_export_session(text,text,uuid)","EFFECTIVE_PRIVILEGE_UNVERIFIED","raw/A5.csv","A5 records direct grants only; no has_function_privilege probe was authorized/executed for this identity.","UNVERIFIED"
"A5","effective EXECUTE reachability: s8_export_session(text,text)","EFFECTIVE_PRIVILEGE_UNVERIFIED","raw/A5.csv","A5 records direct grants only; no has_function_privilege probe was authorized/executed for this identity.","UNVERIFIED"
"A5","effective EXECUTE reachability: s8_finalize(text,text,uuid,uuid)","EFFECTIVE_PRIVILEGE_UNVERIFIED","raw/A5.csv","A5 records direct grants only; no has_function_privilege probe was authorized/executed for this identity.","UNVERIFIED"
"A5","s1_submit_private_choice -> anon","DIRECT_GRANT_OBSERVED","raw/A5.csv","EXECUTE direct grant row is present.","VERIFIED"
"A5","s1_submit_private_choice -> authenticated","DIRECT_GRANT_OBSERVED","raw/A5.csv","EXECUTE direct grant row is present.","VERIFIED"
"A5","s1_submit_private_choice -> postgres","DIRECT_GRANT_OBSERVED","raw/A5.csv","EXECUTE direct grant row is present.","VERIFIED"
"A5","s1_submit_private_choice -> service_role","DIRECT_GRANT_OBSERVED","raw/A5.csv","EXECUTE direct grant row is present.","VERIFIED"
"A5","s5_submit_vote -> anon","DIRECT_GRANT_OBSERVED","raw/A5.csv","EXECUTE direct grant row is present.","VERIFIED"
"A5","s5_submit_vote -> authenticated","DIRECT_GRANT_OBSERVED","raw/A5.csv","EXECUTE direct grant row is present.","VERIFIED"
"A5","s5_submit_vote -> postgres","DIRECT_GRANT_OBSERVED","raw/A5.csv","EXECUTE direct grant row is present.","VERIFIED"
"A5","s5_submit_vote -> PUBLIC","DIRECT_GRANT_OBSERVED","raw/A5.csv","EXECUTE direct grant row is present.","VERIFIED"
"A5","s5_submit_vote -> service_role","DIRECT_GRANT_OBSERVED","raw/A5.csv","EXECUTE direct grant row is present.","VERIFIED"
"A5","s5_teacher_open_vote -> anon","DIRECT_GRANT_OBSERVED","raw/A5.csv","EXECUTE direct grant row is present.","VERIFIED"
"A5","s5_teacher_open_vote -> authenticated","DIRECT_GRANT_OBSERVED","raw/A5.csv","EXECUTE direct grant row is present.","VERIFIED"
"A5","s5_teacher_open_vote -> postgres","DIRECT_GRANT_OBSERVED","raw/A5.csv","EXECUTE direct grant row is present.","VERIFIED"
"A5","s5_teacher_open_vote -> service_role","DIRECT_GRANT_OBSERVED","raw/A5.csv","EXECUTE direct grant row is present.","VERIFIED"
"A5","s8_export_session -> anon","DIRECT_GRANT_OBSERVED","raw/A5.csv","EXECUTE direct grant row is present.","VERIFIED"
"A5","s8_export_session -> anon","DIRECT_GRANT_OBSERVED","raw/A5.csv","EXECUTE direct grant row is present.","VERIFIED"
"A5","s8_export_session -> authenticated","DIRECT_GRANT_OBSERVED","raw/A5.csv","EXECUTE direct grant row is present.","VERIFIED"
"A5","s8_export_session -> authenticated","DIRECT_GRANT_OBSERVED","raw/A5.csv","EXECUTE direct grant row is present.","VERIFIED"
"A5","s8_export_session -> postgres","DIRECT_GRANT_OBSERVED","raw/A5.csv","EXECUTE direct grant row is present.","VERIFIED"
"A5","s8_export_session -> postgres","DIRECT_GRANT_OBSERVED","raw/A5.csv","EXECUTE direct grant row is present.","VERIFIED"
"A5","s8_export_session -> service_role","DIRECT_GRANT_OBSERVED","raw/A5.csv","EXECUTE direct grant row is present.","VERIFIED"
"A5","s8_export_session -> service_role","DIRECT_GRANT_OBSERVED","raw/A5.csv","EXECUTE direct grant row is present.","VERIFIED"
"A5","s8_finalize -> anon","DIRECT_GRANT_OBSERVED","raw/A5.csv","EXECUTE direct grant row is present.","VERIFIED"
"A5","s8_finalize -> authenticated","DIRECT_GRANT_OBSERVED","raw/A5.csv","EXECUTE direct grant row is present.","VERIFIED"
"A5","s8_finalize -> postgres","DIRECT_GRANT_OBSERVED","raw/A5.csv","EXECUTE direct grant row is present.","VERIFIED"
"A5","s8_finalize -> service_role","DIRECT_GRANT_OBSERVED","raw/A5.csv","EXECUTE direct grant row is present.","VERIFIED"
"B1","audio.gate_opening","ROW_ABSENT","raw/B1.csv; raw/B123S.csv","No ACTIVE candidate exists for the registry active_version; pair equality/difference is not asserted.","VERIFIED"
"B1","audio.mechanism_clang","ROW_ABSENT","raw/B1.csv; raw/B123S.csv","No ACTIVE candidate exists for the registry active_version; pair equality/difference is not asserted.","VERIFIED"
"B1","audio.old_alarm_bell","ROW_ABSENT","raw/B1.csv; raw/B123S.csv","No ACTIVE candidate exists for the registry active_version; pair equality/difference is not asserted.","VERIFIED"
"B1","audio.snake_hiss_short","ROW_ABSENT","raw/B1.csv; raw/B123S.csv","No ACTIVE candidate exists for the registry active_version; pair equality/difference is not asserted.","VERIFIED"
"B1","audio.snakes_approaching","ROW_ABSENT","raw/B1.csv; raw/B123S.csv","No ACTIVE candidate exists for the registry active_version; pair equality/difference is not asserted.","VERIFIED"
"B1","audio.wet_scraping","ROW_ABSENT","raw/B1.csv; raw/B123S.csv","No ACTIVE candidate exists for the registry active_version; pair equality/difference is not asserted.","VERIFIED"
"B1","ending.castle_exterior","PAIR_EQUAL","raw/B1.csv; raw/B123S.csv","Registry and ACTIVE-candidate values are equal for this field.","VERIFIED"
"B1","opening.anna_room","PAIR_EQUAL","raw/B1.csv; raw/B123S.csv","Registry and ACTIVE-candidate values are equal for this field.","VERIFIED"
"B1","opening.gitte_room","PAIR_EQUAL","raw/B1.csv; raw/B123S.csv","Registry and ACTIVE-candidate values are equal for this field.","VERIFIED"
"B1","opening.linda_study","PAIR_EQUAL","raw/B1.csv; raw/B123S.csv","Registry and ACTIVE-candidate values are equal for this field.","VERIFIED"
"B1","overlay.portrait_eyes_open","PAIR_EQUAL","raw/B1.csv; raw/B123S.csv","Registry and ACTIVE-candidate values are equal for this field.","VERIFIED"
"B1","prop_anna_diary_open","PAIR_EQUAL","raw/B1.csv; raw/B123S.csv","Registry and ACTIVE-candidate values are equal for this field.","VERIFIED"
"B1","prop_gitte_castle_map","PAIR_EQUAL","raw/B1.csv; raw/B123S.csv","Registry and ACTIVE-candidate values are equal for this field.","VERIFIED"
"B1","prop_gitte_number_note_back","PAIR_EQUAL","raw/B1.csv; raw/B123S.csv","Registry and ACTIVE-candidate values are equal for this field.","VERIFIED"
"B1","prop_gitte_number_note_front","PAIR_EQUAL","raw/B1.csv; raw/B123S.csv","Registry and ACTIVE-candidate values are equal for this field.","VERIFIED"
"B1","prop_linda_closure_order","PAIR_EQUAL","raw/B1.csv; raw/B123S.csv","Registry and ACTIVE-candidate values are equal for this field.","VERIFIED"
"B1","prop_linda_star_key","PAIR_EQUAL","raw/B1.csv; raw/B123S.csv","Registry and ACTIVE-candidate values are equal for this field.","VERIFIED"
"B1","prop_linda_watch_back","PAIR_EQUAL","raw/B1.csv; raw/B123S.csv","Registry and ACTIVE-candidate values are equal for this field.","VERIFIED"
"B1","prop_linda_watch_face","PAIR_EQUAL","raw/B1.csv; raw/B123S.csv","Registry and ACTIVE-candidate values are equal for this field.","VERIFIED"
"B1","prop.golden_key","PAIR_EQUAL","raw/B1.csv; raw/B123S.csv","Registry and ACTIVE-candidate values are equal for this field.","VERIFIED"
"B1","prop.library_clock_clue_note","PAIR_EQUAL","raw/B1.csv; raw/B123S.csv","Registry and ACTIVE-candidate values are equal for this field.","VERIFIED"
"B1","prop.photo_1897","PAIR_EQUAL","raw/B1.csv; raw/B123S.csv","Registry and ACTIVE-candidate values are equal for this field.","VERIFIED"
"B1","shared.clock_room","PAIR_EQUAL","raw/B1.csv; raw/B123S.csv","Registry and ACTIVE-candidate values are equal for this field.","VERIFIED"
"B1","shared.great_hall","PAIR_EQUAL","raw/B1.csv; raw/B123S.csv","Registry and ACTIVE-candidate values are equal for this field.","VERIFIED"
"B1","shared.library","PAIR_EQUAL","raw/B1.csv; raw/B123S.csv","Registry and ACTIVE-candidate values are equal for this field.","VERIFIED"
"B1","shared.main_gate","PAIR_EQUAL","raw/B1.csv; raw/B123S.csv","Registry and ACTIVE-candidate values are equal for this field.","VERIFIED"
"B1","shared.portrait_hall","PAIR_EQUAL","raw/B1.csv; raw/B123S.csv","Registry and ACTIVE-candidate values are equal for this field.","VERIFIED"
"B1","shared.west_tower_payoff","PAIR_EQUAL","raw/B1.csv; raw/B123S.csv","Registry and ACTIVE-candidate values are equal for this field.","VERIFIED"
"B2","audio.gate_opening","ROW_ABSENT","raw/B2.csv; raw/B123S.csv","No ACTIVE candidate exists for the registry active_version; pair equality/difference is not asserted.","VERIFIED"
"B2","audio.mechanism_clang","ROW_ABSENT","raw/B2.csv; raw/B123S.csv","No ACTIVE candidate exists for the registry active_version; pair equality/difference is not asserted.","VERIFIED"
"B2","audio.old_alarm_bell","ROW_ABSENT","raw/B2.csv; raw/B123S.csv","No ACTIVE candidate exists for the registry active_version; pair equality/difference is not asserted.","VERIFIED"
"B2","audio.snake_hiss_short","ROW_ABSENT","raw/B2.csv; raw/B123S.csv","No ACTIVE candidate exists for the registry active_version; pair equality/difference is not asserted.","VERIFIED"
"B2","audio.snakes_approaching","ROW_ABSENT","raw/B2.csv; raw/B123S.csv","No ACTIVE candidate exists for the registry active_version; pair equality/difference is not asserted.","VERIFIED"
"B2","audio.wet_scraping","ROW_ABSENT","raw/B2.csv; raw/B123S.csv","No ACTIVE candidate exists for the registry active_version; pair equality/difference is not asserted.","VERIFIED"
"B2","ending.castle_exterior","PAIR_EQUAL","raw/B2.csv; raw/B123S.csv","Registry and ACTIVE-candidate values are equal for this field.","VERIFIED"
"B2","opening.anna_room","PAIR_EQUAL","raw/B2.csv; raw/B123S.csv","Registry and ACTIVE-candidate values are equal for this field.","VERIFIED"
"B2","opening.gitte_room","PAIR_EQUAL","raw/B2.csv; raw/B123S.csv","Registry and ACTIVE-candidate values are equal for this field.","VERIFIED"
"B2","opening.linda_study","PAIR_EQUAL","raw/B2.csv; raw/B123S.csv","Registry and ACTIVE-candidate values are equal for this field.","VERIFIED"
"B2","overlay.portrait_eyes_open","PAIR_EQUAL","raw/B2.csv; raw/B123S.csv","Registry and ACTIVE-candidate values are equal for this field.","VERIFIED"
"B2","prop_anna_diary_open","PAIR_EQUAL","raw/B2.csv; raw/B123S.csv","Registry and ACTIVE-candidate values are equal for this field.","VERIFIED"
"B2","prop_gitte_castle_map","PAIR_EQUAL","raw/B2.csv; raw/B123S.csv","Registry and ACTIVE-candidate values are equal for this field.","VERIFIED"
"B2","prop_gitte_number_note_back","PAIR_EQUAL","raw/B2.csv; raw/B123S.csv","Registry and ACTIVE-candidate values are equal for this field.","VERIFIED"
"B2","prop_gitte_number_note_front","PAIR_EQUAL","raw/B2.csv; raw/B123S.csv","Registry and ACTIVE-candidate values are equal for this field.","VERIFIED"
"B2","prop_linda_closure_order","PAIR_EQUAL","raw/B2.csv; raw/B123S.csv","Registry and ACTIVE-candidate values are equal for this field.","VERIFIED"
"B2","prop_linda_star_key","PAIR_EQUAL","raw/B2.csv; raw/B123S.csv","Registry and ACTIVE-candidate values are equal for this field.","VERIFIED"
"B2","prop_linda_watch_back","PAIR_EQUAL","raw/B2.csv; raw/B123S.csv","Registry and ACTIVE-candidate values are equal for this field.","VERIFIED"
"B2","prop_linda_watch_face","PAIR_EQUAL","raw/B2.csv; raw/B123S.csv","Registry and ACTIVE-candidate values are equal for this field.","VERIFIED"
"B2","prop.golden_key","PAIR_EQUAL","raw/B2.csv; raw/B123S.csv","Registry and ACTIVE-candidate values are equal for this field.","VERIFIED"
"B2","prop.library_clock_clue_note","PAIR_EQUAL","raw/B2.csv; raw/B123S.csv","Registry and ACTIVE-candidate values are equal for this field.","VERIFIED"
"B2","prop.photo_1897","PAIR_EQUAL","raw/B2.csv; raw/B123S.csv","Registry and ACTIVE-candidate values are equal for this field.","VERIFIED"
"B2","shared.clock_room","PAIR_EQUAL","raw/B2.csv; raw/B123S.csv","Registry and ACTIVE-candidate values are equal for this field.","VERIFIED"
"B2","shared.great_hall","PAIR_EQUAL","raw/B2.csv; raw/B123S.csv","Registry and ACTIVE-candidate values are equal for this field.","VERIFIED"
"B2","shared.library","PAIR_EQUAL","raw/B2.csv; raw/B123S.csv","Registry and ACTIVE-candidate values are equal for this field.","VERIFIED"
"B2","shared.main_gate","PAIR_EQUAL","raw/B2.csv; raw/B123S.csv","Registry and ACTIVE-candidate values are equal for this field.","VERIFIED"
"B2","shared.portrait_hall","PAIR_EQUAL","raw/B2.csv; raw/B123S.csv","Registry and ACTIVE-candidate values are equal for this field.","VERIFIED"
"B2","shared.west_tower_payoff","PAIR_EQUAL","raw/B2.csv; raw/B123S.csv","Registry and ACTIVE-candidate values are equal for this field.","VERIFIED"
"B3","audio.gate_opening","ROW_ABSENT","raw/B3.csv; raw/B123S.csv","No ACTIVE candidate exists for the registry active_version; pair equality/difference is not asserted.","VERIFIED"
"B3","audio.mechanism_clang","ROW_ABSENT","raw/B3.csv; raw/B123S.csv","No ACTIVE candidate exists for the registry active_version; pair equality/difference is not asserted.","VERIFIED"
"B3","audio.old_alarm_bell","ROW_ABSENT","raw/B3.csv; raw/B123S.csv","No ACTIVE candidate exists for the registry active_version; pair equality/difference is not asserted.","VERIFIED"
"B3","audio.snake_hiss_short","ROW_ABSENT","raw/B3.csv; raw/B123S.csv","No ACTIVE candidate exists for the registry active_version; pair equality/difference is not asserted.","VERIFIED"
"B3","audio.snakes_approaching","ROW_ABSENT","raw/B3.csv; raw/B123S.csv","No ACTIVE candidate exists for the registry active_version; pair equality/difference is not asserted.","VERIFIED"
"B3","audio.wet_scraping","ROW_ABSENT","raw/B3.csv; raw/B123S.csv","No ACTIVE candidate exists for the registry active_version; pair equality/difference is not asserted.","VERIFIED"
"B3","ending.castle_exterior","PAIR_EQUAL","raw/B3.csv; raw/B123S.csv","Registry and ACTIVE-candidate values are equal for this field.","VERIFIED"
"B3","opening.anna_room","PAIR_EQUAL","raw/B3.csv; raw/B123S.csv","Registry and ACTIVE-candidate values are equal for this field.","VERIFIED"
"B3","opening.gitte_room","PAIR_EQUAL","raw/B3.csv; raw/B123S.csv","Registry and ACTIVE-candidate values are equal for this field.","VERIFIED"
"B3","opening.linda_study","PAIR_EQUAL","raw/B3.csv; raw/B123S.csv","Registry and ACTIVE-candidate values are equal for this field.","VERIFIED"
"B3","overlay.portrait_eyes_open","PAIR_EQUAL","raw/B3.csv; raw/B123S.csv","Registry and ACTIVE-candidate values are equal for this field.","VERIFIED"
"B3","prop_anna_diary_open","PAIR_EQUAL","raw/B3.csv; raw/B123S.csv","Registry and ACTIVE-candidate values are equal for this field.","VERIFIED"
"B3","prop_gitte_castle_map","PAIR_EQUAL","raw/B3.csv; raw/B123S.csv","Registry and ACTIVE-candidate values are equal for this field.","VERIFIED"
"B3","prop_gitte_number_note_back","PAIR_EQUAL","raw/B3.csv; raw/B123S.csv","Registry and ACTIVE-candidate values are equal for this field.","VERIFIED"
"B3","prop_gitte_number_note_front","PAIR_EQUAL","raw/B3.csv; raw/B123S.csv","Registry and ACTIVE-candidate values are equal for this field.","VERIFIED"
"B3","prop_linda_closure_order","PAIR_EQUAL","raw/B3.csv; raw/B123S.csv","Registry and ACTIVE-candidate values are equal for this field.","VERIFIED"
"B3","prop_linda_star_key","PAIR_EQUAL","raw/B3.csv; raw/B123S.csv","Registry and ACTIVE-candidate values are equal for this field.","VERIFIED"
"B3","prop_linda_watch_back","PAIR_EQUAL","raw/B3.csv; raw/B123S.csv","Registry and ACTIVE-candidate values are equal for this field.","VERIFIED"
"B3","prop_linda_watch_face","PAIR_EQUAL","raw/B3.csv; raw/B123S.csv","Registry and ACTIVE-candidate values are equal for this field.","VERIFIED"
"B3","prop.golden_key","PAIR_EQUAL","raw/B3.csv; raw/B123S.csv","Registry and ACTIVE-candidate values are equal for this field.","VERIFIED"
"B3","prop.library_clock_clue_note","PAIR_EQUAL","raw/B3.csv; raw/B123S.csv","Registry and ACTIVE-candidate values are equal for this field.","VERIFIED"
"B3","prop.photo_1897","PAIR_EQUAL","raw/B3.csv; raw/B123S.csv","Registry and ACTIVE-candidate values are equal for this field.","VERIFIED"
"B3","shared.clock_room","PAIR_EQUAL","raw/B3.csv; raw/B123S.csv","Registry and ACTIVE-candidate values are equal for this field.","VERIFIED"
"B3","shared.great_hall","PAIR_EQUAL","raw/B3.csv; raw/B123S.csv","Registry and ACTIVE-candidate values are equal for this field.","VERIFIED"
"B3","shared.library","PAIR_EQUAL","raw/B3.csv; raw/B123S.csv","Registry and ACTIVE-candidate values are equal for this field.","VERIFIED"
"B3","shared.main_gate","PAIR_EQUAL","raw/B3.csv; raw/B123S.csv","Registry and ACTIVE-candidate values are equal for this field.","VERIFIED"
"B3","shared.portrait_hall","PAIR_EQUAL","raw/B3.csv; raw/B123S.csv","Registry and ACTIVE-candidate values are equal for this field.","VERIFIED"
"B3","shared.west_tower_payoff","PAIR_EQUAL","raw/B3.csv; raw/B123S.csv","Registry and ACTIVE-candidate values are equal for this field.","VERIFIED"
"B4","531 s3_group_items catalog-label pairs","PAIR_EQUAL","raw/B4.csv","All 531 deployed catalog_label/group_item_label pairs are equal; no missing catalog label was observed.","VERIFIED"
"B5","anna_servant_diary","PAIR_EQUAL","raw/B5.csv","expected=item.servant_diary; deployed=item.servant_diary.","VERIFIED"
"B5","gitte_castle_map","PAIR_EQUAL","raw/B5.csv","expected=item.castle_map; deployed=item.castle_map.","VERIFIED"
"B5","gitte_flashlight","PAIR_EQUAL","raw/B5.csv","expected=item.flashlight; deployed=item.flashlight.","VERIFIED"
"B5","gitte_number_note","PAIR_EQUAL","raw/B5.csv","expected=item.number_note; deployed=item.number_note.","VERIFIED"
"B5","golden_key","PAIR_EQUAL","raw/B5.csv","expected=item.golden_key; deployed=item.golden_key.","VERIFIED"
"B5","library_photo_1897","PAIR_EQUAL","raw/B5.csv","expected=item.photo_1897; deployed=item.photo_1897.","VERIFIED"
"B5","library_torn_note","PAIR_EQUAL","raw/B5.csv","expected=item.torn_note; deployed=item.torn_note.","VERIFIED"
"B5","linda_closure_order","PAIR_EQUAL","raw/B5.csv","expected=item.municipal_closure_order; deployed=item.municipal_closure_order.","VERIFIED"
"B5","linda_star_key","PAIR_EQUAL","raw/B5.csv","expected=item.silver_star_key; deployed=item.silver_star_key.","VERIFIED"
"B5","linda_stopped_watch","PAIR_EQUAL","raw/B5.csv","expected=item.stopped_watch; deployed=item.stopped_watch.","VERIFIED"
"B6B","asset_candidates.assigned_to non-null rows","VALUE_ABSENT","raw/B6B.csv","Observed count is 0.","VERIFIED"
"B6B","asset_candidates.scene_id non-null rows","VALUE_ABSENT","raw/B6B.csv","Observed count is 0.","VERIFIED"
"B6A","asset_registry_projection.assigned_to non-null rows","VALUE_ABSENT","raw/B6A.csv","Observed count is 0.","VERIFIED"
"B6A","asset_registry_projection.scene_id non-null rows","VALUE_ABSENT","raw/B6A.csv","Observed count is 0.","VERIFIED"
"B7/B7S","208 ACTIVE game_runs without s3_runtime_scene_state row","ROW_ABSENT","raw/B7.csv; raw/B7S.csv","208 of 577 ACTIVE runs have no presentation row.","VERIFIED"
"B7/B7S","369 ACTIVE game_runs with presentation row","PAIR_DIFFERENT","raw/B7.csv; raw/B7S.csv","All 369 present-row cases differ in at least one of scene/phase/step; none match on all three.","VERIFIED"
"B8","20 completed runs integrity_report.verified","VALUE_PRESENT","raw/B8.csv","Twenty finalization rows expose integrity_verified=true.","VERIFIED"
"B8/B8S","23 completed game_runs finalization rows","VALUE_PRESENT","raw/B8.csv; raw/B8S.csv","All 23 completed runs have an s8_finalizations row.","VERIFIED"
"B8","312bc91d-046f-449e-b326-f0a7887a6843 integrity_report.verified","VALUE_ABSENT","raw/B8.csv","The extracted integrity_verified value is NULL/empty for this completed run.","VERIFIED"
"B8","4d717b6a-906d-436a-9c2c-285fb78f3174 integrity_report.verified","VALUE_ABSENT","raw/B8.csv","The extracted integrity_verified value is NULL/empty for this completed run.","VERIFIED"
"B8","f48fcc11-96a1-41a9-ae4d-a77c30a5aa1e integrity_report.verified","VALUE_ABSENT","raw/B8.csv","The extracted integrity_verified value is NULL/empty for this completed run.","VERIFIED"
"C1","public.s1_scene_choices row count","VALUE_PRESENT","raw/C1.csv","Observed row count is 6.","VERIFIED"
"C2","six deployed legacy scene-choice rows","VALUE_PRESENT","raw/C2.csv","Six active legacy choice rows were listed.","VERIFIED"
